
//{{BLOCK(manga_bg_01)

//======================================================================
//
//	manga_bg_01, 256x256@8, 
//	Transparent color : 00,00,FF
//	+ bitmap not compressed
//	Total size: 65536 = 65536
//
//	Time-stamp: 2026-07-27, 01:42:26
//	Exported by Cearn's GBA Image Transmogrifier, v1.22.1-8-ga34ae840
//	( http://www.coranac.com/projects/#grit )
//
//======================================================================

const unsigned int manga_bg_01Bitmap[16384] __attribute__((aligned(4))) __attribute__((visibility("hidden")))=
{
	0x6D496D6D,0x6D6D6D6D,0x6D6D446B,0x436D6D6D,0x52696D6D,0x6D6D6D6D,0x6D6D6D6D,0x6D52616D,
	0x6C6D6D6D,0x6162636A,0x51624744,0x6F6F0B3D,0x016F6F01,0x6F6F6F6F,0x6F6F016F,0x6F010101,
	0x01016F6F,0x146F6F6F,0x6F6F0129,0x6F6F6F6F,0x44236F01,0x6F6F6F17,0x6F6F016F,0x016F016F,
	0x6F6F6F6F,0x016F6F6F,0x6F016F6F,0x016F6F6F,0x01016F6F,0x6F6F6F01,0x6F6F6F6F,0x6F016F6F,
	0x016F6F6F,0x6F6F6F6F,0x6F6F6F6F,0x6F016F6F,0x016F6F6F,0x6F6F016F,0x6F6F6F6F,0x6F6F016F,
	0x016F016F,0x6F6F6F01,0x016F6F6F,0x494F3C24,0x5A534F47,0x4964655B,0x5D594364,0x5B6D6D43,
	0x6D6D4F65,0x6D6D6D6D,0x684C6D6D,0x5F6D436D,0x62506D56,0x6D5B6D6D,0x6D6D5B6D,0x6D6D6D6D,
	0x6D6D6D6D,0x6D6D6D6D,0x6D6D6D6D,0x6D6D6D6D,0x6D6D6D6D,0x6D6D6D6D,0x6D6D6D4F,0x6D6D6D6D,

	0x6D4C6D6D,0x6D6D6D6D,0x6D6D446B,0x436D6D6D,0x586D6D6D,0x6D6D6D61,0x6D6D6D6D,0x6D53616D,
	0x6D6D6D6D,0x6165676B,0x53574C46,0x6F6F204B,0x6F6F6F01,0x6F6F6F6F,0x016F016F,0x6F016F01,
	0x6F6F6F6F,0x6F6F6F01,0x6F6F0324,0x01016F6F,0x41266F01,0x6F6F6F15,0x016F6F6F,0x6F6F6F6F,
	0x6F6F0101,0x01016F01,0x6F01016F,0x6F01016F,0x016F6F6F,0x6F6F016F,0x6F6F016F,0x016F6F6F,
	0x016F6F6F,0x6F6F6F6F,0x6F6F6F6F,0x6F010101,0x6F6F6F6F,0x6F6F6F6F,0x6F6F6F6F,0x6F6F016F,
	0x6F6F6F6F,0x6F016F6F,0x196F6F6F,0x50485629,0x615C5553,0x4E62615D,0x5D594364,0x5B6D6D43,
	0x6D6D4F65,0x6D6D6D6D,0x684C6D6D,0x5E6D436D,0x62506D56,0x6D5B6D6D,0x6D6D5B6D,0x6D6D6D6D,
	0x6D6D6D6D,0x6D6D6D6D,0x6D6D6D6D,0x6D6D6D6D,0x6D6D6D6D,0x6D6D6D6D,0x6D6D6D50,0x6D6D6D6D,

	0x6D4F6D6D,0x6D6D6D6D,0x6D6D446B,0x436D6D6D,0x6D6D6D6D,0x6D6D6A44,0x6D6D6D6D,0x6D53616D,
	0x6C6D6D6D,0x6563696B,0x4F5D5454,0x6F12424B,0x6F6F6F6F,0x6F6F6F01,0x6F6F6F6F,0x6F016F6F,
	0x016F016F,0x6F6F6F6F,0x6F6F1120,0x01016F6F,0x44216F6F,0x016F6F14,0x6F6F016F,0x6F016F01,
	0x6F6F6F6F,0x6F6F6F6F,0x6F6F6F01,0x016F6F6F,0x6F6F6F6F,0x01016F01,0x6F016F6F,0x016F6F6F,
	0x6F01016F,0x6F6F6F6F,0x6F6F6F6F,0x6F6F016F,0x6F6F6F01,0x6F6F016F,0x6F6F6F6F,0x6F01016F,
	0x6F6F6F6F,0x016F6F6F,0x1D6F6F6F,0x444C5129,0x5C5D5C4F,0x4E675F5E,0x5D594364,0x5B6D6D43,
	0x6D6D4F65,0x6D6D6D6D,0x684C6D6D,0x5F6D436D,0x62506D56,0x6D5B6D6D,0x6D6D5B6D,0x6D6D6D6D,
	0x6D6D6D6D,0x6D6D6D6D,0x6D6D6D6D,0x6D6D6D6D,0x6D6D6D6D,0x6D6D6D6D,0x6C686D51,0x6D6D6D6D,

	0x6D506D6D,0x6D6D6D6D,0x6D6D446B,0x436D6D6D,0x6D6D6D6D,0x6D6D3848,0x6D6D6D6D,0x6D53616D,
	0x6D6D6D6D,0x6163686B,0x575D4D4B,0x6F344F48,0x016F6F01,0x6F6F016F,0x6F01016F,0x016F6F6F,
	0x6F6F6F6F,0x6F6F6F6F,0x6F6F0A06,0x6F6F6F6F,0x45256F6F,0x6F6F6F17,0x6F6F6F6F,0x6F016F6F,
	0x6F6F6F6F,0x016F6F01,0x6F6F6F6F,0x6F6F6F6F,0x016F6F6F,0x6F016F6F,0x6F6F6F6F,0x6F6F6F6F,
	0x6F6F6F6F,0x6F6F6F01,0x016F016F,0x6F6F6F6F,0x6F6F6F6F,0x6F6F6F6F,0x6F6F016F,0x016F6F6F,
	0x6F6F6F01,0x6F6F6F6F,0x34076F01,0x504F3C29,0x5D5C5C51,0x4B69665D,0x5D594364,0x5B6D6D43,
	0x6D6D4F65,0x6D6D6D6D,0x684C6D6D,0x5F6D436D,0x62506D56,0x6D5B6D6D,0x6D6D5B6D,0x6D6D6D6D,
	0x6D6D6D6D,0x6D6D6D6D,0x6D6D6D6D,0x6D6D6D6D,0x6D6D6D6D,0x6D6D6D6D,0x6A29344F,0x6D6D6D6D,

	0x6D516D6D,0x6D6D6D6D,0x6D6D446B,0x436D6D6D,0x6D6D6D6D,0x6D500A4A,0x6D6D6D6D,0x6D53616D,
	0x6D6D6D6D,0x666A6B6C,0x53594E4F,0x013B4859,0x6F01016F,0x6F6F6F01,0x6F6F6F01,0x6F6F6F6F,
	0x6F6F6F6F,0x6F6F6F6F,0x6F6F1B02,0x6F6F016F,0x4723016F,0x6F6F6F11,0x6F016F01,0x6F016F6F,
	0x6F6F016F,0x6F6F6F6F,0x6F6F6F6F,0x016F6F01,0x016F6F01,0x6F6F6F01,0x6F6F6F6F,0x6F6F6F6F,
	0x016F6F6F,0x6F6F6F6F,0x6F6F016F,0x6F6F6F6F,0x6F6F016F,0x6F6F6F01,0x6F6F6F01,0x6F6F6F6F,
	0x6F6F6F6F,0x6F01016F,0x43116F6F,0x5A46442C,0x5D534F5A,0x4D6A5E5E,0x5D594364,0x5B6D6D43,
	0x6D6D4F65,0x6D6D6D6D,0x684C6D6D,0x5F6D436D,0x62506D56,0x6D5B6D6D,0x6D6D5B6D,0x6D6D6D6D,
	0x6D6D6D6D,0x6D6D6D6D,0x6D6D6D6D,0x6D6D6D6D,0x6D6D6D6D,0x6C6D6D6D,0x6D6C3A23,0x6D6D6D6D,

	0x6D546D6D,0x6D6D6D6D,0x6D6D446B,0x436D6D6D,0x6D6D6D6D,0x6115034A,0x6D6D6D6D,0x6D53616D,
	0x6D6D6D6D,0x62616A6C,0x5A584E51,0x3346575C,0x016F6F6F,0x016F6F6F,0x0101016F,0x6F6F6F6F,
	0x6F01016F,0x6F6F6F6F,0x6F6F0901,0x6F6F6F6F,0x4A226F6F,0x016F6F16,0x6F6F6F01,0x01016F01,
	0x6F6F6F6F,0x0101016F,0x6F6F6F6F,0x6F6F6F6F,0x016F6F6F,0x6F6F6F6F,0x6F6F6F6F,0x6F016F6F,
	0x6F6F016F,0x6F6F6F6F,0x01016F6F,0x016F6F6F,0x016F6F01,0x016F6F01,0x6F6F0101,0x6F6F6F6F,
	0x6F6F6F6F,0x6F6F016F,0x40286F6F,0x4C44442D,0x5C5A5459,0x4F696163,0x5D594364,0x5B6D6D43,
	0x6D6D4F65,0x6D6D6D6D,0x684C6D6D,0x5F6D436D,0x62506D56,0x6D5B6D6D,0x6D6D5B6D,0x6D6D6D6D,
	0x6D6D6D6D,0x6D6D6D6D,0x6D6D6D6D,0x6D6D6D6D,0x6D6D6D6D,0x6D6D6D6D,0x6C6B6750,0x6D6D6D6D,

	0x6D566D6D,0x6D6D6D6D,0x6D6D446B,0x436D6D6D,0x6D6D6D6D,0x2901014B,0x6D6D6D6A,0x6D52616D,
	0x6D6D6D6D,0x68686A6D,0x585A4C4E,0x3F4F534D,0x016F6F1C,0x016F6F6F,0x6F6F6F6F,0x6F01016F,
	0x6F6F6F6F,0x6F6F6F6F,0x6F6F056F,0x6F6F6F6F,0x50216F01,0x6F6F6F19,0x6F6F6F6F,0x6F016F01,
	0x6F01016F,0x6F6F6F6F,0x6F6F6F6F,0x6F6F6F6F,0x6F6F016F,0x6F010101,0x6F6F6F6F,0x6F6F6F6F,
	0x6F6F0101,0x6F6F6F6F,0x6F6F6F6F,0x6F6F6F6F,0x6F6F6F01,0x6F6F016F,0x6F6F6F6F,0x6F6F016F,
	0x6F016F01,0x6F6F6F6F,0x3C296F6F,0x4F56492D,0x5D61594F,0x4E6A6561,0x5D594364,0x5B6D6D43,
	0x6D6D4F65,0x6D6D6D6D,0x684C6D6D,0x5F6D436D,0x62506D56,0x6D5B6D6D,0x6D6D5B6D,0x6D6D6D6D,
	0x6D6D6D6D,0x6D6D6D6D,0x6D6D6D6D,0x6D6D6D6D,0x536D6D6D,0x6D6D6D69,0x67283647,0x6D6D6D6D,

	0x6D596C69,0x6D6D6D6D,0x6D6D446B,0x436D6D6D,0x6D6D6D6D,0x02016F4B,0x6D6D6D3D,0x6D53616D,
	0x6D6D6D6D,0x67696A6C,0x5A5B5651,0x444E5450,0x6F6F6F25,0x6F6F6F6F,0x6F016F6F,0x6F6F0101,
	0x6F6F6F6F,0x6F6F6F6F,0x016F6F6F,0x6F6F016F,0x4E246F6F,0x6F6F6F16,0x6F6F0101,0x6F016F01,
	0x6F6F6F6F,0x6F6F016F,0x6F01016F,0x6F6F6F01,0x6F6F6F6F,0x6F6F6F6F,0x6F6F016F,0x016F6F6F,
	0x6F6F6F01,0x6F6F6F6F,0x016F6F01,0x6F016F6F,0x6F016F01,0x6F016F6F,0x016F6F01,0x6F6F6F6F,
	0x6F6F6F01,0x6F6F6F6F,0x452C156F,0x584C4631,0x605E5B5A,0x4E6A6262,0x5D594364,0x5B6D6D43,
	0x6D6D4F65,0x6D6D6D6D,0x684C6D6D,0x5F6D436D,0x62506D56,0x6D5B6D6D,0x6D6D5B6D,0x6D6D6D6D,
	0x6D6D6D6D,0x6D6D6D6D,0x6D6D6D6D,0x6D6D6D6D,0x114A6C6D,0x6C6D6D61,0x6D6A352A,0x6D6D6D6D,

	0x6D59664D,0x6D6D6D6D,0x6D6D446B,0x436D6D6D,0x6D6D6D6D,0x6F6F014C,0x6D6D550A,0x6D52616D,
	0x6D6D6D6D,0x66696C6C,0x58585153,0x4F4A4E59,0x6F010122,0x016F6F6F,0x6F6F6F6F,0x6F01016F,
	0x6F6F6F6F,0x6F6F6F01,0x016F6F6F,0x6F6F6F6F,0x4A246F01,0x6F6F6F12,0x6F6F6F6F,0x6F6F6F6F,
	0x6F6F6F6F,0x6F6F016F,0x6F016F6F,0x016F6F6F,0x016F016F,0x6F6F6F6F,0x6F6F6F6F,0x0101016F,
	0x6F6F6F6F,0x6F6F016F,0x016F6F01,0x6F6F016F,0x6F016F01,0x6F6F6F6F,0x6F6F016F,0x6F016F6F,
	0x6F6F6F6F,0x6F6F016F,0x423A166F,0x564C4A2C,0x615A5A54,0x4F6A6666,0x5D594364,0x5A6D6D43,
	0x6D6D4F65,0x6D6D6D6D,0x684C6D6D,0x5F6D436D,0x62506D56,0x6D5B6D6D,0x6D6D5B6D,0x6D6D6D6D,
	0x6D6D6D6D,0x6D6D6D6D,0x6D6D6D6D,0x6D6D6D6D,0x6F05456C,0x6D6D6D61,0x6D6D5B3D,0x6D6D6D6D,

	0x6D564E6A,0x6D6D6D6D,0x6D6D446B,0x436D6D6D,0x6D6D6D6D,0x332A204C,0x6D662B2D,0x6D52616D,
	0x6D6D6D6D,0x6A696C6D,0x5C5E4B50,0x4D525153,0x6F016F25,0x6F6F016F,0x6F6F6F6F,0x6F6F6F6F,
	0x6F6F6F6F,0x6F6F6F6F,0x6F6F6F6F,0x6F6F6F6F,0x4D286F01,0x6F6F6F16,0x6F6F6F6F,0x6F016F6F,
	0x6F6F6F01,0x6F6F6F6F,0x6F6F6F6F,0x016F6F01,0x6F6F6F01,0x016F016F,0x6F016F6F,0x6F6F6F6F,
	0x016F6F6F,0x016F6F6F,0x6F6F6F6F,0x016F6F01,0x6F6F0101,0x016F6F01,0x01016F01,0x6F6F016F,
	0x6F016F6F,0x6F6F6F6F,0x443C2C02,0x575A5032,0x615D5952,0x4F696361,0x5D594364,0x5A6D6D43,
	0x6D6D4F65,0x6D6D6D6D,0x684C6D6D,0x5F6D436D,0x62506D56,0x6D5B6D6D,0x6D6D5B6D,0x6D6D6D6D,
	0x6D6D6D6D,0x6D6D6D6D,0x6D6D6D6D,0x6D6D6D6D,0x17223361,0x6D6D6D5E,0x6A365053,0x6D6D6D6D,

	0x6A446A6D,0x6D6D6D6D,0x6D6D446A,0x436D6D6D,0x6D6D6D6D,0x4D38404C,0x6B4A4069,0x6D52616D,
	0x6D6D6D6D,0x676A6C6D,0x5A5B5254,0x4555615B,0x6F016F28,0x6F6F6F6F,0x6F6F6F6F,0x01016F6F,
	0x6F6F6F6F,0x6F6F6F6F,0x6F6F6F01,0x016F6F6F,0x54286F6F,0x6F6F0119,0x6F6F6F01,0x016F6F6F,
	0x6F016F6F,0x016F6F6F,0x6F6F6F6F,0x6F6F6F6F,0x016F6F6F,0x6F6F6F01,0x016F6F6F,0x016F6F01,
	0x6F6F6F6F,0x6F6F6F6F,0x6F01016F,0x6F6F6F6F,0x01016F01,0x016F6F6F,0x6F6F6F01,0x6F6F6F6F,
	0x016F6F6F,0x6F6F0101,0x443C3006,0x59504432,0x6261595A,0x4F6A6561,0x5D594364,0x5A6D6D43,
	0x6D6D4F65,0x6D6D6D6D,0x684B6D6D,0x5F6D436D,0x62506D56,0x6D5B6D6D,0x6D6D5B6D,0x6D6D6D6D,
	0x6D6D6D6D,0x6D6D6D6D,0x6D6D6D6D,0x6C616D6D,0x303C5B56,0x6C6D6D5D,0x6C5B322A,0x6D6D6D6D,

	0x4D6A6D6D,0x6D6D6D6B,0x6D6D446A,0x436D6D6D,0x6D6D6D6D,0x6B623D4C,0x5068416D,0x6D51606D,
	0x6D6D6D6D,0x696A6D6D,0x5A5F5659,0x484C565B,0x6F6F6F20,0x6F6F016F,0x6F6F6F6F,0x6F6F6F6F,
	0x016F6F6F,0x6F6F6F6F,0x6F6F6F6F,0x6F016F6F,0x54276F6F,0x6F016F17,0x6F016F6F,0x6F6F6F01,
	0x6F6F6F6F,0x6F6F6F6F,0x6F6F6F6F,0x6F6F016F,0x0101016F,0x016F016F,0x6F016F01,0x6F6F016F,
	0x6F6F6F6F,0x016F6F6F,0x6F6F016F,0x6F6F6F6F,0x6F6F6F6F,0x016F6F6F,0x6F016F6F,0x016F6F6F,
	0x6F6F6F01,0x6F6F6F6F,0x413D381A,0x524F4E2E,0x615E5F5C,0x4F6A6961,0x5D594364,0x5A6D6E43,
	0x6D6D4F65,0x6D6D6D6D,0x684C6D6D,0x5F6D436D,0x62506D56,0x6D5B6D6D,0x6D6D5B6D,0x6D6D6D6D,
	0x6D6D6D6D,0x6D6D6D6D,0x6D6D6D6D,0x6D4F606D,0x325C6957,0x6D6D6D5B,0x6D6D5943,0x6D6D6D6D,

	0x696D6D6D,0x6D6D6C4F,0x6D6D446A,0x436D6D6D,0x6D6D6D6D,0x6D6D624C,0x5E6D426D,0x6D505F5C,
	0x6D6D6D6D,0x696A6C6D,0x5F615454,0x5555565A,0x6F6F0122,0x6F016F6F,0x6F6F6F6F,0x6F016F6F,
	0x6F6F6F6F,0x6F6F6F01,0x6F6F6F6F,0x016F6F6F,0x55276F6F,0x6F6F6F13,0x6F6F6F6F,0x6F6F6F6F,
	0x6F6F6F6F,0x6F6F6F6F,0x6F016F6F,0x6F6F6F6F,0x6F6F0101,0x6F6F6F6F,0x6F6F0101,0x6F6F6F6F,
	0x6F6F016F,0x016F6F6F,0x016F6F6F,0x6F6F6F6F,0x6F6F016F,0x6F6F6F6F,0x6F016F6F,0x6F016F6F,
	0x6F6F6F6F,0x6F6F6F6F,0x3E443B22,0x504E5036,0x655D615A,0x4F6A6B68,0x5D594364,0x596D6D43,
	0x6D6D4F65,0x6D6D6D6D,0x684C6D6D,0x5F6D436D,0x62506D56,0x6D5B6D6D,0x6D6D5B6D,0x6D6D6D6D,
	0x6D6D6D6D,0x6D6D6D6D,0x6D6D6D6D,0x6D6A295B,0x4F6D6450,0x6D6D6D58,0x67425B4F,0x6D6D6D6D,

	0x6D6D6D6D,0x6D6C4F66,0x6D6D446A,0x436D6D6D,0x6D6D6D6D,0x6D6D684C,0x6D6D426D,0x6D505753,
	0x6D6D6D6D,0x6A6C6C6D,0x5B615853,0x4F4F5A55,0x6F6F6F2A,0x6F6F6F6F,0x6F6F6F6F,0x6F6F6F6F,
	0x6F6F6F01,0x6F6F6F6F,0x6F6F6F6F,0x6F6F6F6F,0x5A2A6F01,0x6F6F0119,0x6F6F6F6F,0x6F6F6F6F,
	0x6F6F016F,0x6F6F6F01,0x016F6F01,0x6F016F6F,0x6F016F6F,0x6F6F6F6F,0x6F6F6F6F,0x6F6F0101,
	0x6F6F016F,0x6F6F6F6F,0x6F6F0101,0x6F6F6F6F,0x6F6F6F6F,0x6F6F6F6F,0x6F6F6F6F,0x01016F01,
	0x6F6F6F01,0x6F6F6F6F,0x473F402E,0x5854452E,0x68645E5A,0x4F6A6966,0x5D594364,0x576C6D43,
	0x6D6D4F65,0x6D6D6D6D,0x684C6D6D,0x5F6D436D,0x62506D56,0x6D5B6D6D,0x6D6D5B6D,0x6D6D6D6D,
	0x6D6D6D6D,0x6D6D6D6D,0x576D6D6D,0x6D6A2435,0x616D6553,0x6D6D6D54,0x694F2A3B,0x6D6D6D6D,

	0x6D6D6D6D,0x6D55656D,0x6D6D446A,0x436D6D6D,0x6D6D6D6D,0x6D6D684C,0x6D6D436D,0x6D50366C,
	0x6D6D6D6D,0x686C6D6D,0x5C605754,0x464F5A5A,0x6F016F27,0x6F6F016F,0x0101016F,0x6F6F6F6F,
	0x01010101,0x6F016F6F,0x016F6F6F,0x6F016F01,0x542A6F6F,0x6F6F6F1A,0x6F6F6F01,0x6F6F0101,
	0x01016F6F,0x6F6F6F6F,0x6F6F6F6F,0x6F6F6F6F,0x016F6F6F,0x6F6F6F01,0x6F016F6F,0x6F6F6F6F,
	0x6F01016F,0x6F6F6F01,0x6F6F6F6F,0x6F01016F,0x6F6F6F6F,0x6F6F6F01,0x6F6F6F6F,0x6F6F6F6F,
	0x6F6F016F,0x056F6F01,0x4A3A3B32,0x554D492C,0x66605A55,0x4F6C6969,0x5D594364,0x556C6D43,
	0x6D6D4F65,0x6D6D6D6D,0x684C6D6D,0x5F6D436D,0x62506D56,0x6D5B6D6D,0x6D6D5B6D,0x6D6D6D6D,
	0x6D6D6D6D,0x6D6D6D6D,0x3D506D6D,0x6D6B2A6B,0x616D6959,0x6C6D6D53,0x6D6D4F3A,0x6D6D6D6D,

	0x6D6D6D6D,0x5A646D6D,0x6D6D436A,0x436D6D6D,0x6D6D6D6D,0x6D6D684B,0x6D6D436D,0x6D3F5C6D,
	0x6D6D6D6D,0x6A6C6D6D,0x5C5E5056,0x4F565A5A,0x6F6F6F22,0x6F016F6F,0x016F6F6F,0x6F016F6F,
	0x01016F6F,0x6F016F6F,0x6F016F6F,0x6F6F6F6F,0x5D266F6F,0x01016F14,0x6F6F6F01,0x0101016F,
	0x6F6F6F6F,0x6F6F6F01,0x6F6F0101,0x6F6F6F6F,0x016F6F6F,0x6F6F0101,0x6F6F6F6F,0x6F6F6F6F,
	0x6F6F6F6F,0x016F6F6F,0x6F6F6F6F,0x6F016F6F,0x6F6F6F6F,0x6F01016F,0x6F6F6F6F,0x6F6F016F,
	0x6F6F6F01,0x1A6F6F01,0x444B4836,0x59505336,0x645E605A,0x4F6C6A69,0x5D594364,0x526C6D43,
	0x6D6D4F65,0x6D6D6D6D,0x684C6D6D,0x5F6D436D,0x62506D56,0x6D5B6D6D,0x6D6D5B6D,0x6D6D6D6D,
	0x6D6D6D6D,0x6D6D6D6D,0x6B3C486C,0x6D6C2B6D,0x616D6A5A,0x6D6D6D53,0x6A5F6A50,0x6D6D6D6D,

	0x6D6D6C52,0x636D6D6D,0x6D6D424D,0x436D6D6D,0x6D6D6D6D,0x6D6D684C,0x6D6D436D,0x613D5F6D,
	0x6D6D6D6D,0x6A6C6D6D,0x5B665654,0x4D5A5A5B,0x6F6F6F28,0x6F6F0101,0x6F016F6F,0x6F016F6F,
	0x6F6F6F01,0x6F016F6F,0x6F6F6F6F,0x6F016F01,0x61286F6F,0x016F0118,0x6F6F016F,0x6F6F0101,
	0x016F6F01,0x6F6F6F01,0x01016F6F,0x016F016F,0x6F6F6F01,0x016F6F6F,0x01016F6F,0x6F016F01,
	0x6F6F6F6F,0x6F6F6F6F,0x6F6F6F01,0x6F6F6F6F,0x6F016F01,0x6F6F6F6F,0x6F6F0101,0x6F016F6F,
	0x016F6F6F,0x256F6F6F,0x4B54492E,0x5B5A5033,0x6463615A,0x4F6C6A66,0x5D594364,0x506C6D43,
	0x6D6D4F65,0x6D6D6D6D,0x684C6D6D,0x5E6D436D,0x62506D56,0x6D5B6D6D,0x6D6D5B6D,0x6D6D6D6D,
	0x6D6D6D6D,0x6C6D6D6D,0x6D6C2F44,0x6D6D2A6C,0x616D6B5B,0x6D6D6D53,0x6A352C42,0x6D6D6D6D,

	0x6D6C5068,0x6D6D6D6D,0x6D6D415B,0x426D6D6D,0x6D6D6D6D,0x6D6D684C,0x6D6D436D,0x5350606D,
	0x6D6D6D6A,0x6A6C6D6D,0x5B5D5556,0x5350615D,0x6F6F6F2A,0x6F01016F,0x6F6F6F01,0x6F6F6F6F,
	0x6F6F6F6F,0x6F01016F,0x6F6F6F6F,0x6F6F6F01,0x5D2A6F6F,0x6F6F6F1A,0x6F6F6F6F,0x6F6F6F6F,
	0x6F6F016F,0x016F6F6F,0x6F6F6F6F,0x016F016F,0x6F6F6F01,0x6F6F6F6F,0x6F6F0101,0x6F016F6F,
	0x01016F6F,0x6F01016F,0x6F6F6F01,0x6F6F016F,0x6F6F6F6F,0x0101016F,0x6F6F016F,0x6F016F01,
	0x6F016F6F,0x23016F6F,0x4A3D3F4B,0x61525330,0x6864615E,0x4F6C6A69,0x5D594364,0x4F6C6D43,
	0x6D6D4F65,0x6D6D6D6D,0x684C6D6D,0x5F6D436D,0x62506D56,0x6D5B6D6D,0x6D6D5B6D,0x6D6D6D6D,
	0x6D6D6D6D,0x3A6B6D6D,0x6D6D3D56,0x6D6C276B,0x606D6B5C,0x6C6D6D53,0x6D6D3D32,0x6D6D6D6D,

	0x6B4F686D,0x6D6D6D6D,0x6D585B6D,0x426D6D6D,0x6D6D6D6D,0x6D6D684C,0x6D6D436D,0x6C50616D,
	0x6D6D6D50,0x6C6C6D6D,0x60615258,0x4F5A555D,0x6F6F0129,0x6F6F6F6F,0x016F6F01,0x6F6F6F6F,
	0x6F016F6F,0x6F01016F,0x6F6F6F6F,0x6F6F6F6F,0x5D2A016F,0x6F6F6F19,0x016F016F,0x01016F6F,
	0x6F6F016F,0x6F6F016F,0x6F6F0101,0x016F016F,0x6F6F6F01,0x6F6F6F01,0x016F6F6F,0x6F016F01,
	0x6F6F6F6F,0x6F6F0101,0x6F6F6F6F,0x6F6F6F6F,0x6F6F6F01,0x6F6F6F6F,0x6F6F6F6F,0x6F6F6F01,
	0x016F6F6F,0x29076F6F,0x523D4338,0x53595131,0x62645C5C,0x4F6C6A68,0x5D594364,0x4C6B6D43,
	0x6D6D4F65,0x6D6D6D6D,0x684C6D6D,0x5F6D436D,0x62506D56,0x6D5B6D6D,0x6D6D5B6D,0x6D6D6D6D,
	0x6D6D6D6D,0x59456D6D,0x6D6D416D,0x6D6A2A6D,0x606D6B5B,0x6D6D6D53,0x6D676C55,0x6D6D6D6D,

	0x4E676D6D,0x6D6D6D6B,0x5D5B6D6D,0x426D6D6D,0x6D6D6D6D,0x6D6D684C,0x6D6D436D,0x6D51616D,
	0x6D6D5668,0x6B6D6D6D,0x5F685956,0x5B5D5C5F,0x6F010129,0x6F6F6F6F,0x6F6F6F6F,0x6F6F6F6F,
	0x6F01016F,0x6F6F6F6F,0x016F6F6F,0x6F6F0101,0x5F246F6F,0x6F6F0114,0x6F016F01,0x6F6F6F01,
	0x016F6F6F,0x016F6F6F,0x6F010101,0x6F6F016F,0x016F6F6F,0x6F6F6F01,0x6F6F6F6F,0x6F6F6F6F,
	0x6F6F6F6F,0x6F6F016F,0x6F6F6F6F,0x6F6F016F,0x016F6F6F,0x6F6F6F6F,0x6F01016F,0x6F6F6F6F,
	0x6F6F016F,0x3A0D6F01,0x58463C36,0x525A4C2F,0x66685F58,0x4F6D6A68,0x5D594364,0x496B6D43,
	0x6D6D4F65,0x6D6D6D6D,0x684C6D6D,0x5F6D436D,0x62506D56,0x6D5B6D6D,0x6D6D5B6D,0x6D6D6D6D,
	0x6D6D6D6D,0x6D5C5A6D,0x6D6D436D,0x423A1D5B,0x3F43423D,0x564F433C,0x672A2934,0x6D6D6D6D,

	0x686D6D6D,0x6D6D6B4E,0x5A6D6D6D,0x416D6D5F,0x6D6D6D6D,0x6D6D694E,0x6D6D436D,0x6D52616D,
	0x6D5F576D,0x6C6D6D6D,0x62685A59,0x565B6061,0x6F6F6F2A,0x6F01016F,0x6F016F6F,0x6F6F016F,
	0x016F6F6F,0x6F016F6F,0x6F6F6F01,0x6F6F6F6F,0x61276F6F,0x6F6F0119,0x6F6F6F6F,0x6F016F6F,
	0x6F6F6F6F,0x6F6F6F6F,0x6F01016F,0x016F016F,0x6F6F6F6F,0x6F6F0101,0x6F016F01,0x6F6F6F6F,
	0x016F016F,0x016F6F6F,0x6F016F6F,0x6F6F6F6F,0x01016F6F,0x6F6F6F6F,0x6F016F6F,0x016F016F,
	0x6F6F0101,0x3B176F6F,0x4B4F4438,0x5A5A4E30,0x65655C5E,0x4F6D6A69,0x5D594364,0x476B6D43,
	0x6D6D4F65,0x6D6D6D6D,0x684C6D6D,0x5F6D436D,0x62506D56,0x6D5B6D6D,0x6D6D5B6D,0x6D6D6D6D,
	0x6D6D6D6D,0x6D62446D,0x576D426D,0x61593E3C,0x61626161,0x5F616161,0x6D6D3419,0x6D6D6D6D,

	0x6D6D6D6D,0x6D6B4E68,0x6D6D6D6D,0x3F6D5E51,0x6D6D6D6D,0x6D6D694F,0x6D6D436D,0x6D52616D,
	0x6923616D,0x6D6D6D6D,0x65625759,0x535B5C61,0x6F016F23,0x6F6F016F,0x6F016F6F,0x6F6F6F6F,
	0x6F6F6F6F,0x6F6F6F01,0x6F6F6F6F,0x6F01016F,0x642D6F6F,0x016F6F1C,0x6F6F016F,0x6F6F016F,
	0x6F6F6F01,0x6F01016F,0x016F6F01,0x6F6F6F6F,0x016F6F6F,0x016F6F01,0x6F6F6F6F,0x6F01016F,
	0x016F6F6F,0x6F6F6F6F,0x016F6F01,0x016F6F6F,0x6F6F016F,0x6F016F6F,0x6F6F6F01,0x01016F01,
	0x6F6F0101,0x3A216F6F,0x50453F49,0x54565934,0x6767615E,0x4F6D6A6A,0x5D594364,0x496B6D43,
	0x6D6D4F65,0x6D6D6D6D,0x684C6D6D,0x5F6D436D,0x62506D56,0x6D5B6D6D,0x6D6D5B6D,0x6D6D6D6D,
	0x6D6D6D6D,0x6D5D426D,0x2B4F416C,0x6F6F2A60,0x6F6F6F6F,0x6F6F6F6F,0x6D6D6A27,0x6D6D6D6D,

	0x6D6D6D6D,0x6B4E686D,0x6D6D6D6D,0x3D604B6D,0x6D6D6D6D,0x6D6D6A50,0x6D6D466D,0x6D52616D,
	0x366F616D,0x6D6D6D6C,0x61635557,0x5A5C595A,0x6F6F6F29,0x6F6F6F6F,0x6F016F6F,0x6F016F6F,
	0x6F6F6F6F,0x6F6F016F,0x6F6F6F6F,0x6F6F6F6F,0x63296F01,0x6F6F6F19,0x01016F6F,0x6F6F6F6F,
	0x6F6F6F6F,0x6F016F6F,0x01016F6F,0x016F016F,0x016F6F6F,0x6F6F6F6F,0x6F6F6F6F,0x6F6F016F,
	0x6F6F6F6F,0x6F6F6F6F,0x6F016F01,0x016F0101,0x016F6F01,0x6F010101,0x6F6F6F6F,0x016F6F01,
	0x6F6F6F6F,0x38266F6F,0x4F4A4D3C,0x5D5D5A34,0x6466615E,0x4F6D6B66,0x5D594364,0x4B6B6D43,
	0x6D6D4F65,0x6D6D6D6D,0x684C6D6D,0x5F6D436D,0x62506D56,0x6D5B6D6D,0x6D6D5B6D,0x6D6D6D6D,
	0x6D6D6D6D,0x6D603C6D,0x5D3D296B,0x01010125,0x016F6F6F,0x0B6F6F6F,0x672A3B42,0x6D6D6D6D,

	0x6D6D6D6D,0x4F686D6D,0x6D6D6D6B,0x3A556C6D,0x6D6D6D6D,0x6D6D6A51,0x6D6D496D,0x6D52616D,
	0x056F626D,0x6D6D6D4D,0x60645A59,0x515D645C,0x6F6F6F2C,0x6F6F016F,0x6F6F016F,0x6F6F016F,
	0x6F6F0101,0x6F01016F,0x016F016F,0x6F6F6F01,0x68296F6F,0x6F6F011A,0x016F6F6F,0x6F6F6F6F,
	0x6F6F6F6F,0x6F6F6F01,0x6F6F6F6F,0x6F6F6F6F,0x6F6F6F6F,0x6F6F016F,0x016F6F01,0x6F6F6F6F,
	0x6F6F6F6F,0x6F016F6F,0x6F6F016F,0x6F6F6F6F,0x6F6F6F6F,0x6F6F6F6F,0x6F6F6F6F,0x6F6F016F,
	0x6F6F6F01,0x432E076F,0x5146493D,0x595A5734,0x69665E61,0x4F6D6C69,0x5D594364,0x4F6B6D43,
	0x6D6D4F65,0x6D6D6D6D,0x684C6D6D,0x5F6D436D,0x62506D56,0x6D5B6D6D,0x6D6D5B6D,0x6D6D6D6D,
	0x6D6D6D6D,0x6A613C6D,0x1E5A3833,0x6F6F6F01,0x6F6F6F6F,0x256F6F01,0x6D693829,0x6D6D6D6D,

	0x6D6D6D6D,0x676D6D6D,0x6D6D6B4F,0x2B6B6D6D,0x6D6D6D61,0x6D6D6A52,0x6D6D4D6D,0x6D52616D,
	0x6F6F636D,0x6C6D5F13,0x63665A58,0x585A615B,0x6F6F0124,0x6F6F016F,0x6F6F6F6F,0x6F6F6F6F,
	0x6F6F6F6F,0x016F0101,0x6F6F6F6F,0x6F6F6F6F,0x602A6F01,0x6F6F6F1A,0x6F6F6F6F,0x6F6F6F01,
	0x6F6F6F6F,0x6F6F6F01,0x6F6F6F6F,0x016F6F6F,0x6F6F6F6F,0x6F6F0101,0x01016F6F,0x6F6F6F6F,
	0x6F6F6F01,0x6F6F6F01,0x6F6F6F6F,0x016F0101,0x016F6F6F,0x6F016F01,0x6F6F6F6F,0x6F6F6F01,
	0x6F01016F,0x3D350B6F,0x53514244,0x5F5C5439,0x67646161,0x4F6D6C6A,0x5D594364,0x506C6D43,
	0x6D6D4F65,0x6D6D6D6D,0x684C6D6D,0x5F6D436D,0x62506D56,0x6D5B6D6D,0x6D6D5B6D,0x6D6D6D6D,
	0x6D6D6D6D,0x344F426D,0x6F134F4F,0x016F6F6F,0x6F6F6F01,0x426F016F,0x6D6D654F,0x6D6D6D6D,

	0x6D6D6D6D,0x6D6D6D6D,0x6D6B4F69,0x3D6D6D6D,0x6D6D6648,0x6D6D6A54,0x6D6D4F6D,0x6D53616D,
	0x251A636D,0x6D6A332D,0x66695A57,0x5C5E6061,0x6F6F0126,0x6F6F6F6F,0x6F016F6F,0x6F6F6F6F,
	0x0101016F,0x6F6F6F6F,0x6F6F6F6F,0x6F6F6F6F,0x602C6F6F,0x6F6F6F1B,0x016F6F6F,0x6F01016F,
	0x016F6F6F,0x6F6F6F6F,0x6F6F6F6F,0x6F6F016F,0x6F6F6F6F,0x6F6F6F6F,0x6F6F0101,0x016F6F01,
	0x6F6F6F6F,0x6F6F6F6F,0x6F01016F,0x016F6F6F,0x6F01016F,0x6F6F6F01,0x6F6F6F01,0x6F6F6F6F,
	0x6F6F6F01,0x3238166F,0x524F483F,0x5C5B5439,0x6968645C,0x4F6D6C6A,0x5D594364,0x516C6D43,
	0x6D6D4F65,0x6D6D6D6D,0x684C6D6D,0x5F6D436D,0x62506D56,0x6D5B6D6D,0x6D6D5B6D,0x6D6D6D6D,
	0x6D6D6D6D,0x5032456D,0x6F6F0B44,0x016F0101,0x6F6F6F01,0x5E076F6F,0x6430494F,0x6D6D6D6D,

	0x6D6D6D62,0x6D6D6D6D,0x6A47696D,0x416D6D6D,0x6D69456B,0x6D6D6B54,0x6D6D506D,0x6D53616D,
	0x533B626D,0x6C4A3E68,0x626A5957,0x5D5E6261,0x6F016F2C,0x6F6F6F6F,0x6F6F6F6F,0x6F6F6F01,
	0x6F6F6F01,0x6F6F6F6F,0x016F016F,0x6F016F01,0x632A6F01,0x6F6F6F19,0x6F6F6F6F,0x6F6F6F01,
	0x6F01016F,0x6F6F6F6F,0x6F6F6F6F,0x6F6F6F6F,0x6F6F016F,0x016F016F,0x6F6F016F,0x6F6F6F6F,
	0x6F6F6F6F,0x6F6F0101,0x6F6F6F6F,0x6F6F016F,0x6F6F6F6F,0x6F6F016F,0x6F016F6F,0x6F6F6F6F,
	0x6F6F6F01,0x423C1C6F,0x44504D3D,0x60625A3B,0x6A68645B,0x4F6D6C6A,0x5D594364,0x546C6D43,
	0x6D6D4F65,0x6D6D6D6D,0x684C6D6D,0x5F6D436D,0x62506D56,0x6D5B6D6D,0x6D6D5B6D,0x6D6D6D6D,
	0x6D6D6D6D,0x3850446D,0x01010107,0x6F016F6F,0x016F016F,0x6A216F6F,0x6A5A262A,0x6D6D6D6D,

	0x6D6D5E4E,0x6D6D6D6D,0x446A6D6D,0x426D6D69,0x69466A6D,0x6D6D6C55,0x6D6D526D,0x6D53616D,
	0x6C4A616D,0x5261426D,0x61655957,0x5D616361,0x6F6F6F2C,0x6F016F01,0x6F016F6F,0x01016F6F,
	0x6F6F6F6F,0x6F6F016F,0x6F01016F,0x6F6F016F,0x6A296F01,0x016F6F1C,0x6F01016F,0x6F6F6F6F,
	0x6F016F6F,0x6F016F6F,0x6F6F0101,0x6F6F6F6F,0x6F6F016F,0x6F6F6F01,0x6F6F016F,0x6F016F01,
	0x6F6F6F01,0x016F6F01,0x6F6F6F01,0x6F6F6F01,0x6F6F6F6F,0x6F6F016F,0x6F01016F,0x6F6F6F01,
	0x6F6F6F6F,0x443B1E6F,0x4C494346,0x60594F37,0x6A65615C,0x4F6D6D6A,0x5D594364,0x566C6D43,
	0x6D6D4F65,0x6D6D6D6D,0x684C6D6D,0x5F6D436D,0x62506D56,0x6D5B6D6D,0x6D6D5B6D,0x6D6D6D6D,
	0x6D6D6D6D,0x04364D6D,0x016F6F6F,0x6F6F6F6F,0x6F6F0101,0x6D3C6F01,0x6D6D5D3C,0x6D6D6D6D,

	0x6D5A4E65,0x6D6D6D6D,0x6A6D6D6D,0x426D6A43,0x4E6A6D6D,0x6D6D6D52,0x6D6D556D,0x6D53616D,
	0x6D5D606D,0x536C426D,0x67655847,0x5F5D5B61,0x016F6F2B,0x6F6F6F6F,0x6F6F6F6F,0x016F6F6F,
	0x6F016F01,0x6F6F6F6F,0x6F6F6F01,0x6F6F6F6F,0x622A016F,0x6F6F011D,0x6F016F6F,0x6F6F6F6F,
	0x016F6F6F,0x016F6F01,0x016F016F,0x016F6F6F,0x6F016F6F,0x6F016F6F,0x016F6F01,0x6F6F6F01,
	0x6F6F016F,0x6F6F6F6F,0x6F6F6F01,0x016F016F,0x6F6F6F6F,0x6F6F6F6F,0x016F016F,0x016F6F6F,
	0x6F6F6F01,0x3C3C296F,0x564C4543,0x5C5A5A37,0x6A676760,0x4F6D6D6B,0x5D594364,0x586D6D43,
	0x6D6D4F65,0x6D6D6D6D,0x684C6D6D,0x5F6D436D,0x63506D56,0x6D5B6D6D,0x6D6D5B6D,0x6D6D6D6D,
	0x6D6D6D6D,0x6F6F466D,0x6F6F6F6F,0x016F6F6F,0x6F6F016F,0x6D5B056F,0x684E5F4C,0x6D6D6D6D,

	0x50505D5D,0x6D6D6D6D,0x6D6D6D6D,0x40693D6A,0x696D6D6D,0x6D6D6A36,0x6D6D586D,0x6D53616D,
	0x6D5E5F6D,0x6D6D426D,0x696A563B,0x5A616165,0x6F016F26,0x6F6F0101,0x0101016F,0x6F6F016F,
	0x6F6F0101,0x6F6F6F6F,0x6F6F6F6F,0x6F016F01,0x652E6F6F,0x6F6F6F1D,0x6F6F6F01,0x6F6F0101,
	0x01016F6F,0x6F6F6F6F,0x6F6F6F6F,0x6F6F6F6F,0x016F6F6F,0x6F6F6F6F,0x6F016F6F,0x6F6F6F6F,
	0x6F01016F,0x6F6F6F6F,0x6F6F6F6F,0x6F016F6F,0x6F6F6F6F,0x6F6F6F01,0x6F6F6F6F,0x6F6F016F,
	0x6F6F016F,0x4247346F,0x565A5248,0x5A5B5734,0x6969655C,0x4F6D6D6B,0x5D594364,0x5A6D6D43,
	0x6D6D4F65,0x6D6D6D6D,0x684C6D6D,0x5F6D436D,0x65526D56,0x6D5B6D6D,0x6D6D5B6D,0x6D6D6D6D,
	0x6D6D6D6D,0x5D1F606D,0x6161615F,0x011E6061,0x6F6F0101,0x6A6A1D6F,0x6A4A2231,0x6D6D6D6D,

	0x565D5E65,0x6D6D6C49,0x6D6D6D6D,0x3A43696D,0x6D6D6D6D,0x6D6C4767,0x6D6D586D,0x6D53616D,
	0x6D60616D,0x6D6D436D,0x646A3556,0x5C616161,0x6F6F6F2B,0x6F016F6F,0x016F6F01,0x016F6F6F,
	0x01010101,0x6F016F6F,0x6F016F6F,0x6F6F6F6F,0x672D016F,0x6F6F6F1D,0x6F6F6F6F,0x6F6F016F,
	0x6F6F6F6F,0x6F6F6F6F,0x6F6F0101,0x6F6F016F,0x016F6F6F,0x6F6F6F01,0x6F6F6F6F,0x6F6F6F6F,
	0x6F6F016F,0x016F6F6F,0x016F6F6F,0x6F016F6F,0x6F6F6F6F,0x6F01016F,0x6F6F6F6F,0x6F6F016F,
	0x6F6F6F6F,0x484A3004,0x57534B54,0x61605B38,0x6B69615D,0x4F6D6C6C,0x5D594364,0x5A6D6D43,
	0x6D6D4F65,0x6D6D6D6D,0x684C6D6D,0x5F6D436D,0x66536D56,0x6D5B6D6D,0x6D6D5A6D,0x6D6D6D6D,
	0x6D6D6D6D,0x33164F6D,0x292F3233,0x01062F2C,0x6F6F6F6F,0x6D6D366F,0x6D6D5634,0x6D6D6D6D,

	0x5E645F68,0x6D6B3F55,0x6D6D6D6D,0x3A696D6D,0x6D6D6D6A,0x6C4A666D,0x6D6D516D,0x6D53616D,
	0x6D5D626D,0x6D6D436D,0x66504058,0x5E616166,0x6F6F6F2B,0x6F6F016F,0x6F016F6F,0x6F016F6F,
	0x6F6F6F6F,0x6F016F6F,0x6F6F6F6F,0x6F6F6F6F,0x692C6F6F,0x0101011D,0x6F6F016F,0x016F0101,
	0x016F6F01,0x6F6F6F01,0x016F6F6F,0x016F6F6F,0x6F6F6F01,0x016F6F6F,0x01016F6F,0x6F016F01,
	0x6F6F6F6F,0x6F6F6F6F,0x6F6F6F01,0x6F6F6F6F,0x6F016F01,0x6F6F6F6F,0x6F6F6F01,0x6F016F01,
	0x016F6F6F,0x3F3C2F12,0x56515359,0x615B5435,0x6B696661,0x4F6D6D6C,0x5D594364,0x5A6D6D43,
	0x6D6D4F65,0x6D6D6D6D,0x684C6D6D,0x5E6D436D,0x68556D56,0x6D5B6D6D,0x6D6D5A6D,0x6D6D6D6D,
	0x6D6D6D6D,0x3D30366D,0x3D3D3D3D,0x6F6F2C3C,0x6F6F016F,0x6D6D5602,0x6C596555,0x6D6D6D6D,

	0x61686561,0x6A3B5C5C,0x6D6D6D6D,0x60616D6D,0x6D6D6A50,0x50656D6D,0x6D6D576C,0x6D52616D,
	0x6D5B626D,0x6D6D436D,0x5A4A5A59,0x5A5F5D62,0x6F6F6F27,0x6F010101,0x6F6F6F01,0x6F6F6F6F,
	0x6F6F6F01,0x6F6F6F6F,0x6F6F6F6F,0x6F6F6F01,0x692E016F,0x6F6F6F1D,0x6F6F6F6F,0x6F6F6F6F,
	0x6F6F016F,0x01016F6F,0x6F6F6F6F,0x016F016F,0x6F6F6F01,0x6F6F6F6F,0x6F016F01,0x6F016F6F,
	0x01016F6F,0x0101016F,0x6F6F6F01,0x6F6F016F,0x6F6F6F6F,0x6F01016F,0x016F016F,0x6F6F6F6F,
	0x6F016F6F,0x4144381A,0x544E524D,0x5D5F5F35,0x6A6A6964,0x4F6D6D6C,0x5D594364,0x5A6D6D43,
	0x6D6D4F65,0x6D6D6D6D,0x684C6D6D,0x5F6D436D,0x69566D56,0x6D5A6D6D,0x6D6D5A6D,0x6D6D6D6D,
	0x6D6D6D6D,0x3D30216C,0x3D3D3D3D,0x6F6F273D,0x6F6F6F01,0x6D6D6A17,0x683B1F3C,0x6D6D6D6D,

	0x625B6346,0x3D565D61,0x6D6D6D69,0x6D526D6D,0x6D694F6B,0x606D6D6D,0x6D6C574C,0x6D52616D,
	0x6D58616D,0x6D6D436D,0x426A5A5A,0x5B616161,0x6F6F6F29,0x6F016F6F,0x016F6F01,0x6F6F6F6F,
	0x6F6F6F6F,0x6F01016F,0x6F6F6F6F,0x6F6F6F6F,0x662E6F6F,0x6F016F1D,0x016F016F,0x016F6F6F,
	0x6F6F016F,0x6F6F016F,0x6F6F0101,0x016F016F,0x6F6F6F01,0x6F6F6F6F,0x016F6F6F,0x6F016F01,
	0x6F6F6F6F,0x016F0101,0x6F6F6F6F,0x6F6F6F6F,0x6F6F6F6F,0x6F6F6F6F,0x6F016F6F,0x6F6F6F01,
	0x6F6F6F6F,0x444F431F,0x57564F41,0x5C5A5C36,0x6A6A6761,0x4F6D6D6C,0x5D594364,0x5A6D6D43,
	0x6D6D4F65,0x6D6D6D6D,0x684B6D6D,0x5F6D436D,0x69576D56,0x6D5A6D6D,0x6D6D5A6D,0x6D6D6D6D,
	0x6D6D6D6D,0x2F331666,0x282A2F2E,0x6F6F132D,0x6F6F6F01,0x6C6D6D33,0x6D6D423C,0x6D6D6D6D,

	0x685B4264,0x58605F5D,0x6D6D623A,0x6D536D6D,0x684E6B6D,0x6D6D6D6D,0x6D6C365D,0x6D52616D,
	0x6D53616D,0x6D6D436D,0x636A5A5A,0x5A5E614A,0x6F010129,0x6F6F6F6F,0x6F6F6F01,0x6F6F016F,
	0x6F01016F,0x6F6F6F6F,0x016F6F6F,0x6F6F0101,0x692E6F6F,0x6F6F6F1D,0x6F016F01,0x6F016F6F,
	0x016F6F6F,0x016F6F6F,0x6F01016F,0x6F6F016F,0x016F6F6F,0x6F6F6F01,0x6F6F6F6F,0x6F6F6F6F,
	0x6F6F6F6F,0x6F6F016F,0x6F6F016F,0x6F6F016F,0x6F6F6F6F,0x6F016F6F,0x6F01016F,0x6F6F6F6F,
	0x6F6F016F,0x44443D24,0x5D4C4448,0x615C5B36,0x6B696661,0x4F6D6D6D,0x5D594364,0x5B6D6D43,
	0x6D6D4F65,0x6D6D6D6D,0x684C6D6D,0x5F6D436D,0x6A586D56,0x6D5A6D6D,0x6D6D596D,0x6D6D6D6D,
	0x6D6D6D6D,0x605E1D56,0x5B5C5C5D,0x6F6F053B,0x6F6F6F6F,0x6D6D6D50,0x6B6A6C51,0x6D6D6D6D,

	0x5844696D,0x5A5C615D,0x6D5D3E5C,0x6D5C656D,0x4E6B6D6D,0x6D6D6D68,0x6D50596D,0x6D51616D,
	0x6D5A5D6D,0x6D6D436D,0x696A5B5A,0x5D5E4F59,0x6F6F6F28,0x6F016F6F,0x6F016F6F,0x6F6F6F6F,
	0x016F016F,0x6F016F6F,0x6F6F6F01,0x6F6F6F6F,0x692E6F6F,0x6F6F011D,0x6F6F6F6F,0x6F016F01,
	0x6F6F6F6F,0x6F6F6F6F,0x6F010101,0x016F016F,0x6F6F6F6F,0x6F6F016F,0x6F6F6F01,0x6F6F6F6F,
	0x016F016F,0x6F6F6F01,0x01016F6F,0x6F6F6F6F,0x6F016F6F,0x6F6F6F6F,0x6F6F6F6F,0x016F6F6F,
	0x6F6F016F,0x4E424224,0x53524E4C,0x605B6034,0x6B696765,0x4F6D6D6C,0x5D594364,0x5B6D6D43,
	0x6D6D4F65,0x6D6D6D6D,0x684C6D6D,0x5F6D436D,0x6A596D56,0x6D5A6D6D,0x6D6D566D,0x6D6D6D6D,
	0x6D6D6D6D,0x23221F3E,0x6F191F21,0x016F6F6F,0x136F016F,0x6D6D6D68,0x682A2C44,0x6D6D6D6D,

	0x416C6D6D,0x58595B50,0x573C585A,0x6D6A596D,0x6B6D6D6D,0x6D6D694E,0x575C6D6D,0x6D51606D,
	0x6D5C5A6D,0x6D6E436D,0x6A6A5B5A,0x605C4561,0x6F6F6F28,0x6F6F016F,0x6F016F6F,0x6F6F6F6F,
	0x6F016F6F,0x6F6F6F01,0x6F6F6F6F,0x6F016F6F,0x6A2F6F6F,0x6F6F6F1D,0x6F6F016F,0x6F6F016F,
	0x6F6F6F01,0x6F016F6F,0x6F6F6F6F,0x6F6F6F6F,0x016F6F6F,0x016F6F01,0x6F6F6F6F,0x6F016F6F,
	0x016F6F6F,0x6F6F6F6F,0x6F6F6F6F,0x016F6F6F,0x016F6F6F,0x6F016F6F,0x6F6F6F01,0x01010101,
	0x6F6F0101,0x3F403D28,0x564F584E,0x60605D36,0x6B6A6862,0x4F6D6D6C,0x5D594364,0x5B6D6D43,
	0x6D6D4F65,0x6D6D6D6D,0x684C6D6D,0x5F6D436D,0x6B5A6D56,0x6D586D6D,0x6D6D546D,0x6D6D6D6D,
	0x6D6D6D6D,0x6A6A4A2B,0x011C5E6A,0x6F6F016F,0x2D6F6F01,0x6D6D6D6D,0x6D6C3D30,0x6D6D6D6D,

	0x6A6D6D6D,0x585D4744,0x435A5C56,0x6D6D584A,0x6D6D6D6D,0x6D694D6B,0x5C6D6D6D,0x6D505F5C,
	0x6D5E5D6D,0x6D6D436D,0x696A5B5A,0x60436562,0x6F6F6F2D,0x6F6F6F6F,0x6F016F6F,0x6F016F6F,
	0x6F6F6F6F,0x6F6F016F,0x6F6F6F6F,0x6F6F6F6F,0x6A2F6F01,0x016F6F1D,0x01016F6F,0x6F016F6F,
	0x6F6F6F6F,0x6F016F6F,0x01016F6F,0x016F016F,0x016F6F6F,0x016F6F6F,0x6F6F6F01,0x6F01016F,
	0x6F016F6F,0x016F6F6F,0x01016F01,0x016F0101,0x01010101,0x6F010101,0x6F6F6F6F,0x016F6F01,
	0x016F6F01,0x40413C26,0x5A504F4F,0x605B5A33,0x6B6B6966,0x4F6D6D6D,0x5D594364,0x5B6D6D43,
	0x6D6D4F65,0x6D6D6D6D,0x684C6D6D,0x5F6D436D,0x6A596D56,0x6D566C6D,0x6D6D4F6D,0x6D6D6D6D,
	0x6A6D6D6D,0x0F121518,0x116F0F14,0x016F0401,0x4B6F6F6F,0x6D6D6D6D,0x6D6C6C51,0x6D6D6D6D,

	0x6A6D6D6D,0x533C5C5A,0x5A5A595C,0x6D6D3844,0x6D6D6D6D,0x684E6B6D,0x6D6D6D6D,0x6D504E56,
	0x6D61616D,0x6D6E436D,0x696A5B5A,0x475C6161,0x6F6F6F28,0x6F6F016F,0x6F6F016F,0x6F6F6F6F,
	0x6F6F016F,0x6F016F6F,0x0101016F,0x6F6F6F01,0x6A2F6F01,0x6F6F011D,0x016F6F6F,0x6F6F6F6F,
	0x6F6F6F6F,0x6F6F6F01,0x6F6F6F6F,0x6F6F6F6F,0x6F6F6F6F,0x6F6F016F,0x6F6F6F6F,0x6F6F6F6F,
	0x6F6F6F6F,0x6F016F6F,0x6F01016F,0x6F6F6F6F,0x016F6F6F,0x6F6F6F6F,0x6F6F6F01,0x6F6F0101,
	0x016F6F6F,0x44443B2C,0x5A524F4C,0x615B5C34,0x6B6B6567,0x4F6D6D6D,0x5D594364,0x5B6D6D43,
	0x6D6D4F65,0x6D6D6D6D,0x684C6D6D,0x5F6D436D,0x6B5A6D56,0x6D556D6D,0x6D6D436D,0x6D6D6D6D,
	0x5E6D6D6D,0x65686A23,0x513C366A,0x6F6F6F03,0x630E6F6F,0x6D6D6D6D,0x6828354C,0x6D6D6D6D,

	0x6B6D6D6D,0x3C656D58,0x565A505A,0x6B473D4F,0x6D6D6D6D,0x4E6B6D6D,0x6D6D6D66,0x6D4B4B6D,
	0x6D63616D,0x6D6D446D,0x6A6A5B5A,0x5A616366,0x6F6F011F,0x6F6F016F,0x6F016F6F,0x6F6F6F6F,
	0x6F6F016F,0x016F0101,0x6F6F6F6F,0x6F6F6F6F,0x6A2F6F6F,0x6F6F6F1D,0x6F6F6F6F,0x6F6F6F01,
	0x6F6F6F6F,0x6F6F6F01,0x6F6F6F6F,0x016F6F6F,0x6F6F6F6F,0x6F6F0101,0x01016F6F,0x6F6F6F6F,
	0x016F6F6F,0x6F6F6F6F,0x6F6F6F6F,0x016F016F,0x016F6F6F,0x6F6F6F01,0x6F6F6F6F,0x6F6F0101,
	0x0A016F6F,0x47493D2F,0x514F5A4F,0x61615A34,0x6C6A6967,0x4F6D6D6D,0x5D594364,0x5B6D6D43,
	0x6D6D4F65,0x6D6D6D6D,0x684C6D6D,0x5F6D436D,0x6A596D56,0x6D526D6D,0x6D6D436D,0x6D6D6D6D,
	0x4A6D6D6D,0x1D1C1B0F,0x151D121D,0x6F6F6F6F,0x6C286F01,0x6C6D6D6D,0x6C6A2C2B,0x6D6D6D6D,

	0x6C6D6D59,0x6A6D6D5A,0x52564C3D,0x3A4A434B,0x6D6D6D6A,0x6B6D6D6D,0x6D6D6347,0x5E2F5F6D,
	0x6D61626D,0x6D6D476D,0x6A6A5B5A,0x61616664,0x6F6F0129,0x6F6F6F6F,0x6F01016F,0x6F6F6F6F,
	0x0101016F,0x6F6F6F6F,0x6F6F6F6F,0x6F01016F,0x6A2F6F01,0x6F6F6F1D,0x6F6F6F6F,0x6F01016F,
	0x6F6F6F6F,0x6F6F6F01,0x6F6F6F01,0x6F6F016F,0x6F6F016F,0x6F6F6F6F,0x6F6F0101,0x01016F01,
	0x6F6F6F01,0x6F6F6F6F,0x6F01016F,0x016F6F6F,0x6F01016F,0x6F6F6F6F,0x6F6F6F01,0x6F6F6F6F,
	0x0E016F01,0x463E3F36,0x585B554A,0x6164603B,0x6A6A6867,0x4F6D6D6D,0x5D594364,0x5B6D6D43,
	0x6D6D4F65,0x6D6D6D6D,0x684C6D6D,0x5F6D436D,0x6A586D56,0x6D556D6D,0x6D6D4F6D,0x6D6D6D6D,
	0x356D6D6D,0x5655553A,0x114F4654,0x016F016F,0x6D446F01,0x6D6D6D6D,0x6D6D6A54,0x6D6D6D6D,

	0x6C6B410B,0x6D6D6D5A,0x56494F6C,0x564A4150,0x6D6D693C,0x6D6D6D6D,0x6D61466C,0x4F4F616D,
	0x6D616263,0x6D6D4A6D,0x696A5B5A,0x61626864,0x6F016F28,0x6F6F6F6F,0x6F6F016F,0x6F6F016F,
	0x6F6F6F01,0x6F6F6F6F,0x016F016F,0x6F016F01,0x6A2F6F01,0x6F6F6F1D,0x6F6F6F6F,0x6F6F6F01,
	0x01016F6F,0x6F6F6F6F,0x6F6F016F,0x6F6F6F6F,0x6F6F0101,0x016F016F,0x6F6F0101,0x6F6F6F6F,
	0x6F6F6F6F,0x6F6F0101,0x6F6F6F6F,0x016F6F6F,0x016F6F6F,0x6F6F016F,0x6F016F6F,0x6F016F6F,
	0x176F6F01,0x503D3C33,0x595A5449,0x6464613A,0x6C6B6968,0x4F6D6D6D,0x5D594364,0x5B6D6D43,
	0x6D6D4F65,0x6D6D6D6D,0x684C6D6D,0x5F6D436D,0x69566D56,0x6D596D6D,0x6D6D566D,0x6D6D6D6D,
	0x216C6D6D,0x3C3A3B32,0x03262E3C,0x6F016F6F,0x6D610A6F,0x6D6D6D6D,0x683B5052,0x6D6D6D6D,

	0x642C036F,0x6D6D6D57,0x4D576D6D,0x534F3C4F,0x6D653547,0x6D6D6D6D,0x634B6C6D,0x6C51616D,
	0x6D635A4C,0x6D6D4D6D,0x696B5C5A,0x5D616665,0x6F6F6F26,0x6F016F6F,0x6F016F6F,0x6F016F01,
	0x6F6F6F6F,0x6F6F6F6F,0x016F6F6F,0x6F6F016F,0x6A2F6F01,0x016F6F1D,0x6F01016F,0x6F6F6F6F,
	0x6F016F6F,0x6F6F6F6F,0x6F6F0101,0x6F6F6F6F,0x6F6F6F6F,0x016F6F01,0x6F6F016F,0x6F6F6F6F,
	0x6F6F6F01,0x016F6F01,0x6F6F6F6F,0x6F6F6F6F,0x6F6F016F,0x6F6F016F,0x6F01016F,0x6F6F6F6F,
	0x1F6F6F6F,0x4B40442F,0x5B564449,0x625D5837,0x6C6A6864,0x4F6D6D6D,0x5D594364,0x5B6D6D43,
	0x6D6D4F65,0x6D6D6D6D,0x684C6D6D,0x5F6D436D,0x68556D56,0x6D5A6D6D,0x6D6D5A6D,0x6D6D6D6D,
	0x11676D6D,0x47474746,0x01243C45,0x6F6F6F6F,0x6D6C3304,0x6C6D6D6D,0x6C5B262B,0x6D6D6D6D,

	0x1A6F0E44,0x6D6D6D54,0x5D6D6D6D,0x504F3C3D,0x61395045,0x6D6D6D6D,0x4F6C6D6D,0x6D526063,
	0x6D5F416C,0x6D6D4F6D,0x696A5B5A,0x62646266,0x016F6F23,0x6F6F6F6F,0x6F6F6F6F,0x016F6F6F,
	0x6F016F01,0x6F6F016F,0x6F6F0101,0x016F016F,0x6B2E016F,0x6F6F6F1D,0x6F016F6F,0x6F6F6F6F,
	0x016F6F6F,0x6F6F016F,0x016F0101,0x016F6F01,0x6F016F6F,0x6F01016F,0x016F6F6F,0x6F016F01,
	0x6F6F016F,0x6F6F6F6F,0x6F6F6F01,0x016F0101,0x6F6F6F6F,0x6F6F6F6F,0x016F016F,0x016F6F6F,
	0x1E6F6F01,0x49474436,0x5A4F584C,0x61605B3C,0x6D6A6A67,0x4F6D6D6D,0x5D594364,0x5B6D6D43,
	0x6D6D4F65,0x6D6D6D6D,0x684B6D6D,0x5F6D436D,0x66546D56,0x6D5B6D6D,0x6D6D596D,0x6D6D6D6D,
	0x0A556D6D,0x36363535,0x01183035,0x1A6F016F,0x6D6D6C4E,0x6D6D6D6D,0x6D6D644F,0x6D6D6D6D,

	0x54205B6D,0x6D6D6D59,0x6D6D6D6D,0x504A3564,0x2F4E4D55,0x6D6D6D5C,0x6C6D6D6D,0x6D50504E,
	0x68466B6D,0x6D6D506D,0x6A6C5B5A,0x60676868,0x6F016F28,0x6F6F0101,0x6F6F6F6F,0x6F6F016F,
	0x6F010101,0x6F6F6F6F,0x6F6F6F6F,0x6F016F01,0x6C2F6F6F,0x6F6F6F1D,0x6F6F6F01,0x6F6F016F,
	0x6F6F6F6F,0x6F6F6F6F,0x6F6F6F6F,0x6F6F6F6F,0x6F6F6F6F,0x6F6F6F6F,0x6F016F6F,0x016F6F6F,
	0x6F01016F,0x6F6F6F6F,0x6F6F6F6F,0x6F016F6F,0x6F6F6F6F,0x6F6F6F01,0x6F6F6F6F,0x6F6F016F,
	0x1D6F016F,0x4A42463B,0x54585251,0x61615C3D,0x6C6A6A67,0x4F6D6D6D,0x5D594364,0x5B6D6D43,
	0x6D6D4F65,0x6D6D6D6D,0x684C6D6D,0x5F6D436D,0x65526D56,0x6D5A6D6D,0x6D6D536D,0x6D6D6D6D,
	0x28406D6D,0x3B3B3B3B,0x016F243A,0x6432056F,0x6D6D6D6D,0x6D6D6D6D,0x6A445A55,0x6D6D6D6D,

	0x48686D6D,0x6D6D6D59,0x6D6D6D6D,0x4C3C6A6D,0x44504448,0x6D6D5A36,0x6D6D6D6D,0x6D4F3D6D,
	0x476B6D6D,0x6D6D506A,0x696B5B5A,0x5F656169,0x6F6F6F28,0x6F016F6F,0x016F0101,0x6F6F6F6F,
	0x016F0101,0x6F016F6F,0x6F6F6F6F,0x6F6F6F6F,0x6C2F016F,0x6F6F6F1D,0x6F6F6F6F,0x6F6F016F,
	0x6F6F6F6F,0x6F6F6F01,0x6F6F016F,0x6F01016F,0x016F6F6F,0x6F6F6F01,0x6F016F6F,0x6F6F016F,
	0x6F6F6F6F,0x6F6F6F6F,0x016F6F6F,0x6F016F6F,0x6F6F6F6F,0x6F010101,0x6F6F6F6F,0x6F6F6F6F,
	0x236F6F6F,0x46434342,0x5D58544F,0x6766613D,0x6C6B6A69,0x4F6D6D6D,0x5D594364,0x5B6D6D43,
	0x6D6D4F65,0x6D6D6D6D,0x684C6D6D,0x5F6D436D,0x64516D56,0x6D596D6D,0x6D6D516D,0x6D6D6D6D,
	0x2A2E6D6D,0x42424242,0x016F1E41,0x6D6C501A,0x6D6D6D6D,0x6D6D6D6D,0x694F212F,0x6D6D6D6D,

	0x6A6D6D6D,0x6D6D6D53,0x6D6D6D6D,0x476C6D6D,0x46464C43,0x6D50323A,0x6D6D6D6D,0x6155586D,
	0x6A6D6D6D,0x6D6D4F4C,0x6B6B5B5A,0x6164636A,0x6F6F6F29,0x6F6F016F,0x6F016F6F,0x6F016F6F,
	0x6F016F6F,0x6F016F6F,0x6F6F6F6F,0x6F6F6F6F,0x6C2E6F6F,0x01016F1D,0x6F6F016F,0x016F0101,
	0x016F6F6F,0x6F6F6F01,0x016F6F6F,0x016F6F6F,0x6F6F6F01,0x016F6F01,0x01016F6F,0x6F016F01,
	0x6F6F6F01,0x016F6F6F,0x6F6F6F01,0x6F016F6F,0x6F6F6F01,0x6F016F6F,0x6F6F6F01,0x6F010101,
	0x256F6F6F,0x50464636,0x5B54574D,0x615F5E38,0x6C6A6A66,0x4F6D6D6D,0x5D594364,0x5B6D6D43,
	0x6D6D4F65,0x6D6D6D6D,0x684C6D6D,0x5E6D436D,0x63506D56,0x6D556D6D,0x6D6D4F6D,0x6D6D6D6D,
	0x2E1D6C6D,0x2E2F2F2F,0x3106092C,0x6D6D6D64,0x6D6D6D6D,0x6D6D6D6D,0x6D6D5F3E,0x6D6D6D6D,

	0x6A6D6D6D,0x6D6D6D5A,0x6D6D6D6D,0x6D6D6D6D,0x47443D55,0x49334043,0x6D6D6D6C,0x596D566D,
	0x6D6D6D67,0x6D6B3D69,0x6A6C5B59,0x61656168,0x6F6F6F28,0x6F010101,0x6F6F6F6F,0x6F6F6F6F,
	0x6F6F6F01,0x6F6F6F6F,0x6F6F6F6F,0x6F6F6F01,0x6C2E6F6F,0x6F6F011C,0x016F6F6F,0x6F6F6F6F,
	0x6F6F6F6F,0x016F6F01,0x6F6F6F01,0x016F016F,0x6F6F6F01,0x6F6F6F6F,0x6F016F01,0x6F016F6F,
	0x01016F6F,0x016F016F,0x6F016F01,0x6F6F016F,0x6F6F6F01,0x6F6F016F,0x016F016F,0x6F6F6F01,
	0x25016F01,0x504C3D39,0x5A545156,0x63615E3B,0x6C6A6A69,0x4F6D6D6D,0x5D594364,0x5B6D6D43,
	0x6D6D4F65,0x6D6D6D6D,0x684C6D6D,0x5F6D436D,0x62506D56,0x6D506C6D,0x6D6D426D,0x6D6D6D6D,
	0x4E0B616D,0x4F4F4F4F,0x6C2A0449,0x6D6D6D6D,0x6D6D6D6D,0x6D6D6D6D,0x6A5E6351,0x6D6D6D6D,

	0x6B6D6D6D,0x6D6D6D5A,0x6D6D6D6D,0x6D6D6D6D,0x4C445C6D,0x303D4449,0x6D6D6A39,0x6D6D596B,
	0x6D6D6257,0x6B4A696D,0x6A6C5B59,0x6164616A,0x6F6F6F24,0x6F016F6F,0x016F6F01,0x6F016F6F,
	0x6F6F6F6F,0x6F016F6F,0x6F6F6F6F,0x6F6F6F01,0x6C2E6F6F,0x6F016F1C,0x016F6F6F,0x6F6F6F6F,
	0x6F6F016F,0x6F6F016F,0x6F6F0101,0x016F6F6F,0x6F6F6F01,0x6F6F6F6F,0x016F6F6F,0x6F016F01,
	0x6F6F6F6F,0x6F6F016F,0x016F6F6F,0x6F6F6F6F,0x6F6F6F6F,0x6F6F6F6F,0x6F6F6F6F,0x6F6F6F01,
	0x216F6F6F,0x53544F44,0x58595156,0x61605D38,0x6D6B6A68,0x4F6D6D6D,0x5D594364,0x5B6D6D43,
	0x6D6D4F65,0x6D6D6D6D,0x684B6D6D,0x5F6D436D,0x62506D56,0x6D566D6D,0x6D6D496D,0x6D6D6D6D,
	0x23184E6D,0x23232323,0x6D376F1D,0x6D6D6D6D,0x6D6D6D6D,0x6C6D6D6D,0x6A361B33,0x6D6D6D6D,

	0x6C6D6D6D,0x6D6D6D5B,0x6D6D6D6D,0x6D6D6D6D,0x3D646D6D,0x43433D3A,0x6D693C30,0x6D6D665D,
	0x6D61566C,0x4F656D6D,0x6A6C5A56,0x5E61676A,0x6F010122,0x6F6F6F6F,0x6F6F6F01,0x6F6F016F,
	0x6F016F6F,0x6F6F6F6F,0x016F6F6F,0x6F6F0101,0x6D2F016F,0x6F6F6F1D,0x6F016F01,0x01016F6F,
	0x016F6F6F,0x016F6F6F,0x6F016F6F,0x6F6F016F,0x016F6F01,0x6F6F6F01,0x6F6F6F6F,0x6F6F6F01,
	0x6F6F6F6F,0x6F6F016F,0x6F6F016F,0x6F6F016F,0x6F6F6F6F,0x6F6F6F6F,0x6F010101,0x6F6F6F6F,
	0x286F016F,0x5450423E,0x615B504F,0x65615C3D,0x6D6A6A66,0x4F6D6D6D,0x5D594364,0x5B6D6D43,
	0x6D6D4F65,0x6D6D6D6D,0x684C6D6D,0x5F6D436D,0x62506D56,0x6D506C6D,0x6D6D526D,0x6D6D6D6D,
	0x5B34376D,0x5B5C5C5C,0x6D506F3A,0x6D6D6D6D,0x6D6D6D6D,0x6D6D6D6D,0x6D6D4E42,0x6D6D6D6D,

	0x6B6D6D6D,0x6D6D6D5A,0x6D6D6D6D,0x6D6D6D6D,0x6A6D6D6D,0x444A4143,0x652E2A3B,0x6D6D6D50,
	0x60546D6D,0x656D6D6D,0x6A6C5A35,0x6161666A,0x6F016F23,0x6F6F6F6F,0x6F6F6F6F,0x6F6F6F6F,
	0x6F6F0101,0x6F016F6F,0x6F6F6F01,0x6F6F6F6F,0x6C2D6F6F,0x6F6F011C,0x6F6F6F6F,0x6F016F01,
	0x6F6F6F6F,0x6F6F6F6F,0x6F010101,0x016F016F,0x6F6F6F6F,0x6F6F016F,0x6F6F6F01,0x6F6F6F6F,
	0x016F016F,0x6F6F6F01,0x01016F6F,0x6F6F6F6F,0x01016F6F,0x016F6F6F,0x6F6F6F6F,0x016F016F,
	0x2701016F,0x4D443D3F,0x5F565056,0x695F5F3B,0x6D6C6A6A,0x4F6D6D6D,0x5D594364,0x5A6D6D43,
	0x6D6D4F65,0x6D6D6D6D,0x684C6D6D,0x5F6D436D,0x62506D56,0x6D4A6C6D,0x6D6D566D,0x6D6D6D6D,
	0x2A25246D,0x2A2B2A28,0x6D620C12,0x6D6D6D6D,0x6D6D6D6D,0x6D6D6D6D,0x6D676B4F,0x6D6D6D6D,

	0x6A6D6D6D,0x6D6D6D5A,0x6D6D6D6D,0x6D6D6D6D,0x6D6D6D6D,0x342E446C,0x27252A33,0x6D6D6D48,
	0x546D6D6D,0x6D6D6D60,0x6A6C3D52,0x6061666A,0x6F6F6F1F,0x6F6F016F,0x6F016F6F,0x6F6F6F6F,
	0x6F6F6F6F,0x6F6F6F01,0x6F6F6F6F,0x6F016F6F,0x6C2E6F01,0x6F6F6F1D,0x6F6F6F6F,0x6F01016F,
	0x6F6F0101,0x6F016F6F,0x6F6F6F6F,0x6F6F6F6F,0x016F6F6F,0x016F6F01,0x6F6F6F6F,0x6F016F6F,
	0x016F6F6F,0x6F6F6F6F,0x6F6F6F6F,0x016F6F6F,0x01016F6F,0x6F6F6F6F,0x6F6F6F6F,0x016F6F6F,
	0x23020101,0x5444483D,0x5A525258,0x66636438,0x6D6A6A69,0x4F6D6D6D,0x5D594364,0x5A6D6D43,
	0x6D6D4F65,0x6D6D6D6D,0x684C6D6D,0x5F6D436D,0x62506D56,0x6D426B6D,0x6D6D586D,0x6D6D6D6D,
	0x67610F67,0x64676767,0x6D6D2619,0x6D6D6D6D,0x6D6D6D6D,0x6D6D6D6D,0x67232941,0x6D6D6D6D,

	0x6A6D6D6D,0x6D6D6D56,0x6D6D6D6D,0x6D6D6D6D,0x6D6D6D6D,0x2B546D6D,0x15292D34,0x6D6D5B15,
	0x6D6D6D6D,0x6D6D6156,0x6B504D59,0x61666564,0x6F016F1A,0x6F6F016F,0x6F016F6F,0x6F016F6F,
	0x6F6F016F,0x6F6F016F,0x6F6F6F6F,0x6F6F6F6F,0x6C2E6F6F,0x016F6F1B,0x6F016F01,0x6F016F6F,
	0x6F016F6F,0x6F016F6F,0x01016F6F,0x6F6F016F,0x016F6F6F,0x6F6F6F6F,0x016F6F01,0x6F01016F,
	0x6F016F6F,0x6F6F6F6F,0x016F0101,0x01016F01,0x016F0101,0x6F010101,0x6F016F6F,0x016F6F01,
	0x0F01036F,0x50444A2D,0x5857574F,0x62616437,0x6C6C6A66,0x4F6D6D6D,0x5D594364,0x5A6D6D43,
	0x6D6D4F65,0x6D6D6D6D,0x684C6D6D,0x5F6D436D,0x62506D56,0x6D386A6D,0x6D6D5A6D,0x6D6D6D6D,
	0x1E1F0E5A,0x1B1F1F1D,0x6D6D336F,0x6D6D6D6D,0x6D6D6D6D,0x6D6D6D6D,0x6D6C4033,0x6D6D6D6D,

	0x6A6D6D6D,0x6D6D6D52,0x6D6D6D6D,0x6D6D6D6D,0x6D6D6D6D,0x306C6D6D,0x11253025,0x6D57166F,
	0x6D6D6D6D,0x6D61596D,0x525E5B5A,0x62646869,0x6F6F6F17,0x6F6F016F,0x6F6F016F,0x6F6F6F6F,
	0x6F6F6F6F,0x6F6F016F,0x01010109,0x6F6F6F01,0x6D2E6F01,0x6F6F6F1D,0x016F6F6F,0x6F6F6F6F,
	0x6F6F6F6F,0x6F016F6F,0x6F6F6F6F,0x6F016F6F,0x6F6F6F6F,0x6F6F016F,0x6F6F6F6F,0x6F6F6F6F,
	0x6F6F6F6F,0x6F016F6F,0x6F01016F,0x6F6F016F,0x016F6F6F,0x6F6F6F6F,0x6F6F6F01,0x046F0101,
	0x1D4D4223,0x52493F20,0x5956584F,0x62605D34,0x6D6C6A68,0x4F6D6D6D,0x5D594364,0x5A6D6D43,
	0x6D6D4F65,0x6D6D6D6D,0x684C6D6D,0x5F6D436D,0x62506D56,0x6D406B6D,0x6D6D5A6D,0x6D6D6D6D,
	0x67693344,0x46686361,0x6D6D526F,0x6D6D6D6D,0x6D6D6D6D,0x6D6D6D6D,0x6D6D6C46,0x6D6D6D6D,

	0x696D6D6D,0x6D6D6D4E,0x6D6D6D6D,0x6D6D6D6D,0x6D6D6D6D,0x416D6D6D,0x17272B63,0x4A0D016F,
	0x6D6D6D6D,0x615A6D6D,0x5C6C5B59,0x61626858,0x2228291A,0x1C252324,0x1F201D1E,0x2725201D,
	0x22262224,0x3D3E3E3B,0x3A3D3D17,0x1E0F1D2C,0x6D322424,0x25272822,0x6F6F101C,0x6F016F6F,
	0x6F6F6F6F,0x6F6F6F6F,0x6F6F6F6F,0x6F6F016F,0x6F6F6F6F,0x016F0101,0x01016F6F,0x6F6F6F6F,
	0x016F6F6F,0x6F6F6F6F,0x6F6F6F6F,0x6F6F016F,0x6F6F6F6F,0x6F6F6F01,0x6F6F6F01,0x340A016F,
	0x235A5D5A,0x48503921,0x615A4C4A,0x68616138,0x6D6C6A6A,0x4F6D6D6D,0x5D594364,0x5A6D6D43,
	0x6D6D4F65,0x6D6D6D6D,0x684C6D6D,0x5F6D436D,0x62506D56,0x6D496C6D,0x6D6D5A6D,0x6D6D6D6D,
	0x13140E30,0x0C131110,0x6D6D5B09,0x6A6D6D6D,0x6D6D6D5A,0x6D6D6D6D,0x672A3647,0x6D6D6D6D,

	0x696D6D6D,0x6D6D6D4B,0x6D6D6D6D,0x6D6D6D6D,0x6D6D6D6D,0x426D6D6D,0x0E30696D,0x076F6F6F,
	0x6D6D6C41,0x4F6B6D6D,0x6C6C5A44,0x65665A5B,0x44444421,0x4042463F,0x4145484A,0x503C424A,
	0x6C523D49,0x6C6D6D6D,0x6D6D6D2B,0x2F3C6A6D,0x6C384B44,0x3B3E4130,0x6F6F1B40,0x6F01016F,
	0x016F6F6F,0x6F6F0101,0x6F6F6F01,0x6F6F6F6F,0x6F6F016F,0x6F6F6F6F,0x016F6F01,0x01016F01,
	0x6F6F6F01,0x6F6F6F6F,0x6F6F016F,0x016F6F01,0x6F01016F,0x6F016F6F,0x6F6F6F6F,0x602B016F,
	0x24515A60,0x503C3B25,0x5A5C564D,0x67616538,0x6D6B6A6A,0x4F6D6D6D,0x5D594364,0x596D6D43,
	0x6D6D4F65,0x6D6D6D6D,0x684C6D6D,0x5F6D436D,0x62506D56,0x6D4F6C6D,0x6D6D5A6D,0x6B6D6D6D,
	0x68685E1D,0x1F666868,0x6D6D6D21,0x636D6D6D,0x6D6D6D6A,0x6C6D6D6D,0x6D693A2F,0x6D6D6D6D,

	0x6A6D6D6D,0x6D6D6D50,0x6D6D6D6A,0x6D6D6D6D,0x6D6D6D6D,0x426D6D6D,0x3B6B6D6D,0x6F6F6F07,
	0x6D6A3604,0x6A6C6D6D,0x6C6C5032,0x61595666,0x45494724,0x4455423C,0x4D45474D,0x4B444654,
	0x6D6D5A3B,0x696A6969,0x6B6A6A24,0x28646A6A,0x6D3A342F,0x3834352B,0x0E0C1B47,0x0A0C0C0D,
	0x070B0A0B,0x6F6F6F05,0x0C0A6F6F,0x0C0E0B0B,0x090B0C0C,0x0203070A,0x0F0E0B06,0x0F0A0E0C,
	0x09090C0D,0x6F030404,0x6F6F6F6F,0x6F6F6F6F,0x6F6F6F6F,0x6F6F6F6F,0x6F6F6F6F,0x3D346F6F,
	0x0A343C44,0x563C3519,0x5B565B4F,0x6364663A,0x6D6C6A69,0x4F6D6D6D,0x5D594364,0x576D6D43,
	0x6D6D4F65,0x6D6D6D6D,0x684C6D6D,0x5F6D436D,0x62506D56,0x6D566D6D,0x6D6D5B6D,0x616D6D6D,
	0x6F6F6F6F,0x016F6F6F,0x6D6D6D2C,0x6D6D6D6D,0x6D6D6D6D,0x6D6D6D6D,0x6D6D6C52,0x6D6D6D6D,

	0x6A6D6D6D,0x6D6D6D55,0x6D6D6D52,0x6D6D6D6D,0x6D6D6D6D,0x436D6D6D,0x6C6D6D6D,0x6F6F104C,
	0x6931016F,0x6A6B6C6D,0x6B5A4746,0x59506969,0x4A4D4B24,0x4F4C4447,0x444D4C44,0x4C484952,
	0x616D6D43,0x413F383A,0x3E3B3920,0x20454638,0x6D3D5843,0x5F5D5B3A,0x61605D60,0x60606161,
	0x61616161,0x61626261,0x61616161,0x61616162,0x61615F60,0x62616161,0x61606162,0x61616160,
	0x61606161,0x615F6161,0x61616261,0x61615F61,0x61616161,0x61616161,0x5F5F6160,0x5D5E5E60,
	0x585B5D5D,0x4F363651,0x5B56584F,0x64626236,0x6D6D6B6A,0x506D6D6D,0x5D594365,0x506C6E43,
	0x6D6D4F65,0x6D6D6D6D,0x684C6D6D,0x616D436D,0x61506D57,0x6D596D6D,0x6D6D5B6D,0x4E6D6D6D,
	0x615D5E2F,0x6F3F5E62,0x6D6D6D4F,0x6D6D6D6D,0x6D6D6D6D,0x6D6D6D6D,0x6A344450,0x6D6D6D6D,

	0x6A6D6D6D,0x6D6D6D59,0x6D6D6D4F,0x6D6D6D6D,0x6D6D6D6D,0x436D6D6D,0x6D6D6D6D,0x011C5B6D,
	0x27026F6F,0x696B6C66,0x5A4F6846,0x4F646969,0x52494729,0x4344454D,0x4E4B5045,0x36514E44,
	0x34676D61,0x4D474C4B,0x4B51444A,0x1A011A3E,0x6D3F5B54,0x6969653C,0x6A696969,0x6A6A6A6B,
	0x6A6A6A6A,0x6A6A6A6A,0x6A6B6B6A,0x6B6A6A6B,0x6A6B6B6A,0x6A6A6A6A,0x6A6A6A6A,0x6A6B6A6B,
	0x6B6A6B6A,0x6A6A6A6A,0x6A6A6A6B,0x6A6A6A6A,0x6A6A6A6A,0x69696A69,0x696A6A68,0x696A6A68,
	0x65646868,0x532F365C,0x5B5C524F,0x63606038,0x6D6C6A6A,0x516D6D6D,0x5D594366,0x4F6C6D43,
	0x6D6D4F65,0x6D6D6D6D,0x684B6D6D,0x626D436D,0x61506D58,0x6D506C6D,0x6D6D5B6D,0x386D6D6D,
	0x1713130E,0x04051418,0x6D6D6D58,0x6D6D6D6D,0x6D6D6D6D,0x6C6D6D6D,0x6A61272E,0x6D6D6D6D,

	0x6B6D6D6D,0x6D6D6D5A,0x6D6D6D49,0x6D6D6D6D,0x6D6D6D6D,0x436D6D6D,0x6D6D6D6D,0x25636D6D,
	0x016F6F01,0x5B6A6122,0x4A68635A,0x66676755,0x4847453C,0x504A554F,0x4C494F46,0x384F4B4F,
	0x3C5C6D6B,0x4C504D4B,0x4F55454F,0x202C444A,0x6D37423B,0x4A4A442D,0x4F4A4A49,0x4F4C494F,
	0x494B4D4F,0x4F4F4E4D,0x4E4F514D,0x4F504F4F,0x4D524C4F,0x4F4B4F4E,0x514C4E4F,0x4F504F50,
	0x4E4C4E4F,0x464F4F50,0x4E4F504F,0x4D4F4D4D,0x4D484F4A,0x45474E50,0x484C5049,0x4F4F4B49,
	0x4C444A48,0x4F383641,0x5F5A514F,0x69636038,0x6D6C6A6A,0x526D6D6D,0x5D594368,0x556C6D43,
	0x6D6D4F65,0x6D6D6D6D,0x684C6D6D,0x646D436D,0x61506D58,0x6D506C6D,0x6D6D5B6D,0x246C6D6D,
	0x69696853,0x1F216869,0x6D6D6D6C,0x6D6D6D6D,0x6D6D6D6D,0x6D6D6D6D,0x6D6D6B52,0x6D6D6D6D,

	0x6B6D6D6D,0x6D6D6D5A,0x6D6D6D44,0x6D6D6D6D,0x6D6D6D6D,0x436D6D6D,0x6D6D6D6D,0x696D6D6D,
	0x6F010132,0x455C1B01,0x66696768,0x66675243,0x48444639,0x54494F4A,0x4D524F49,0x3D425556,
	0x42556D6B,0x4C4D4E53,0x5651534F,0x4F4F4846,0x6D3B4B44,0x403D3B2C,0x6F6F2542,0x6F6F016F,
	0x6F6F6F6F,0x6F6F6F01,0x6F6F6F6F,0x6F01016F,0x016F6F6F,0x016F0101,0x6F016F6F,0x6F6F016F,
	0x6F6F6F6F,0x6F6F6F01,0x6F6F6F6F,0x6F016F6F,0x6F6F6F6F,0x6F6F0101,0x6F6F6F6F,0x504D186F,
	0x6F6F3644,0x5A3B0E16,0x5B525450,0x6765613C,0x6D6D6B6A,0x546D6D6D,0x5D594369,0x5A6D6D43,
	0x6D6D4F65,0x6D6D6D6D,0x684F6D6D,0x666D426D,0x61506D59,0x6D586D6D,0x6D6D5B6D,0x0C696D6D,
	0x1617170C,0x28011719,0x6D6D6D6D,0x6D6D6D6D,0x6D6D6D6D,0x6D6D6D6D,0x694E5C51,0x6D6D6D6D,

	0x6B6D6D6D,0x6D6D6D55,0x6D6D6D43,0x6D6D6D6D,0x6D6D6D6D,0x426D6D6D,0x6D6D6D6D,0x6D6D6D6D,
	0x6F09426B,0x3B146F6F,0x62636469,0x644D445F,0x4C494A2D,0x4D584F42,0x504B544F,0x3F4A444A,
	0x424F6D6A,0x50544A49,0x4F4A4F54,0x504D4F4B,0x6D3D4C50,0x4B495036,0x6F6F2251,0x016F6F01,
	0x6F6F6F6F,0x6F6F6F01,0x016F6F6F,0x016F6F6F,0x6F6F6F01,0x016F6F01,0x01016F6F,0x6F6F6F01,
	0x6F6F6F01,0x0101016F,0x6F6F6F6F,0x6F016F6F,0x6F6F6F01,0x6F016F6F,0x6F6F6F01,0x574F206F,
	0x6F6F4352,0x4644286F,0x575A594F,0x6564613B,0x6D6D6B6A,0x556D6D6D,0x5D594369,0x5A6D6D43,
	0x6D6D4F65,0x6D6D6D6D,0x68506D6D,0x676D426D,0x61506D5A,0x6D506C6D,0x6D6D5B6D,0x235B6D6D,
	0x696A6A64,0x496F556B,0x6D6D6D6D,0x6D6D6D6D,0x6D6D6C6A,0x6D6D6D6D,0x6B48232E,0x6D6D6D6D,

	0x6C6D6D6D,0x6D6D6D50,0x6D6D6D42,0x6D6D6D6D,0x6D6D6D6D,0x426D6D6D,0x6D6D6D6D,0x6D6D6D6D,
	0x13506D6D,0x0A016F6F,0x5C61614A,0x4C3D5D5F,0x37353034,0x3634353B,0x36373C38,0x2E3F423A,
	0x50496D6A,0x52524449,0x4C4C505A,0x4E544E50,0x6D3D504A,0x494C5134,0x016F234D,0x6F6F6F6F,
	0x016F6F6F,0x016F6F01,0x6F6F6F01,0x6F6F016F,0x6F6F6F6F,0x6F6F6F6F,0x6F016F01,0x6F016F6F,
	0x0101016F,0x016F016F,0x6F016F01,0x6F6F6F6F,0x6F6F6F01,0x6F6F6F6F,0x016F016F,0x4444166F,
	0x016F344A,0x4F463103,0x5D5B5356,0x64635E3A,0x6D6D6C68,0x576D6D6D,0x5D59436A,0x546C6D43,
	0x6D6D4F65,0x6D6D6D6D,0x68536D6D,0x696D416D,0x5C43635A,0x6D466C6D,0x6D6D5A6D,0x0F466D6D,
	0x1E1A171B,0x4023251B,0x6D6D6053,0x38696D6D,0x6D69353C,0x6D6D6D6D,0x6D6D6551,0x6D6D6D6D,

	0x6C6D6D6D,0x6A6D6D56,0x6D6D6D40,0x6D6D6D6D,0x6D6D6D6D,0x406D6D6D,0x6D6D6D6D,0x6D6D6D6D,
	0x5A6D6D6D,0x6F6F0115,0x61624009,0x3D58565D,0x6D6D6D41,0x6D6D6D6D,0x6D6D6D6D,0x5B6C6C6D,
	0x47456944,0x484C4F47,0x4E514D50,0x4948514F,0x6D3B5150,0x44504C34,0x016F2642,0x6F6F6F6F,
	0x6F6F016F,0x6F6F016F,0x6F6F6F6F,0x016F6F6F,0x6F6F6F01,0x6F6F6F6F,0x6F6F6F6F,0x6F016F6F,
	0x01016F6F,0x6F6F016F,0x016F6F01,0x6F6F6F6F,0x6F6F6F6F,0x6F6F6F6F,0x6F6F6F6F,0x42431201,
	0x6F6F3444,0x50474225,0x5E5B535C,0x6963603D,0x6D6D6B6B,0x586D6D6D,0x5D59436A,0x536C6D43,
	0x6D6D4F65,0x6D6D6D6D,0x68556D6D,0x6A6D406D,0x546C543B,0x6D3D6B6D,0x6D6D5A6D,0x48346D6D,
	0x1C4F5D65,0x6D6D4B10,0x6A6D4F6C,0x3E2A5A61,0x6D51313C,0x6D6D6D6D,0x6B596451,0x6D6D6D6D,

	0x6C6D6D6D,0x5A6D6D5A,0x6D6D6A2D,0x6D6D6D6D,0x6D6D6D6D,0x3C6D6D6D,0x6D6D6D6B,0x6D6D6D6D,
	0x6D6D6D6D,0x6F032C4F,0x6238046F,0x5C605B5D,0x6C6C6D47,0x6C6C6C6D,0x6B6C6C6C,0x6D6D6D6C,
	0x4E3E436A,0x4F4F5A49,0x514D4A4F,0x55524952,0x6D3A5251,0x44534730,0x6F012548,0x6F016F6F,
	0x016F6F6F,0x016F6F6F,0x6F6F6F01,0x6F6F016F,0x016F6F01,0x6F6F6F01,0x6F6F6F6F,0x6F6F6F01,
	0x6F6F6F6F,0x6F6F0101,0x6F6F016F,0x6F6F016F,0x6F6F6F6F,0x6F6F6F01,0x6F01016F,0x5B501901,
	0x6F6F3556,0x594B3F2F,0x605C504D,0x6865613C,0x6D6C6C6B,0x596D6D6D,0x5D59436B,0x576C6D43,
	0x6D6D4F65,0x6D6D6D6D,0x68586D6D,0x6B6D3E6D,0x5A6D6D4F,0x6D496C66,0x6D6D5A6D,0x32216B6D,
	0x4A635A4E,0x6D6D3A1E,0x344E4462,0x3A676960,0x6D582A55,0x6C6D6D6D,0x683C212F,0x6D6D6D6D,

	0x6C6D6D6D,0x6D6D6D58,0x6D5D503A,0x6D6D6D6D,0x6D6D6D6D,0x3C6D6D6D,0x6D6D684A,0x6D6D6D6D,
	0x6D6D6D6D,0x05346859,0x2C036F6F,0x425C5C5A,0x3B3D4236,0x3D43433F,0x4A494443,0x6B524444,
	0x402A6A6D,0x4D554650,0x4C514D45,0x4F484949,0x6D3B474A,0x45424E33,0x6F6F214C,0x6F016F01,
	0x6F6F6F6F,0x6F6F6F01,0x6F010101,0x6F6F016F,0x6F6F016F,0x6F6F6F6F,0x6F6F6F6F,0x6F6F6F6F,
	0x016F016F,0x6F6F6F01,0x01016F6F,0x6F6F6F6F,0x01016F6F,0x01016F6F,0x6F016F6F,0x6862226F,
	0x016F3C5E,0x403F432F,0x5A5D5B4F,0x68656140,0x6D6C6B69,0x596D6D6D,0x5D59436B,0x556C6E43,
	0x6D6D4F65,0x6D6D6D6D,0x685A6D6D,0x6D6D3C6C,0x6C6D6B4A,0x6D516C4F,0x6D6D5A6D,0x6D614963,
	0x696D6A6D,0x4A623426,0x5A6D6C59,0x4B6D6D69,0x6D5D3C45,0x6D6D6D6D,0x6D6D5C43,0x6D6D6D6D,

	0x6C6D6D6D,0x6D6D6D5A,0x505D6D42,0x6D6D6D68,0x6D6D6D6D,0x416D6D6D,0x6D6D5F6C,0x6D6D6D6D,
	0x6D6D6D6D,0x3E6B6959,0x016F6F06,0x3C5E572A,0x424F5452,0x504C4D4C,0x48484F4F,0x493C444F,
	0x40546D6B,0x4F504446,0x4748464C,0x47474F45,0x6D3B4442,0x47444637,0x6F6F1F51,0x6F01016F,
	0x6F6F0101,0x6F016F6F,0x6F6F6F6F,0x016F6F6F,0x6F6F6F6F,0x016F6F01,0x6F6F6F6F,0x6F6F6F6F,
	0x016F6F6F,0x016F6F6F,0x6F6F6F6F,0x016F6F6F,0x016F6F6F,0x6F6F6F6F,0x6F6F6F6F,0x665E1F6F,
	0x016F465D,0x4A4F4232,0x5A5D5A57,0x6965613D,0x6D6D6B6A,0x586D6D6D,0x5D59436A,0x586D6D43,
	0x6D6D4F65,0x6D6D6D6D,0x605B6D6D,0x6D6A3D4B,0x6D6D594E,0x6D58674F,0x5D6D5A6D,0x6D6D6C54,
	0x6C6C666D,0x6B532923,0x6D6D696D,0x5C6D6D6D,0x6A4F453C,0x6D6D6D6D,0x6B6A6C54,0x6D6D6D6D,

	0x6C6D6D6D,0x6D6D6D5A,0x6C6D6D4F,0x6D6D5F5A,0x6D6D6D6D,0x426D6D6D,0x6D6D6D6D,0x6D6D6D6D,
	0x6D6D6D6D,0x6D6D6859,0x6F6F1350,0x39582203,0x4D574F4F,0x4D4F474A,0x44524A4F,0x2A544A4D,
	0x3D696D66,0x4E4B4247,0x57494449,0x4B4F4A4A,0x6D395050,0x4A504F36,0x6F6F2550,0x6F01016F,
	0x6F016F6F,0x6F016F01,0x016F6F6F,0x6F6F016F,0x016F6F6F,0x6F6F6F6F,0x016F6F6F,0x6F01016F,
	0x6F016F6F,0x6F6F6F01,0x016F0101,0x01016F01,0x016F0101,0x01010101,0x6F016F6F,0x68612101,
	0x016F4A61,0x4D4B3C3C,0x5B5A5158,0x6863603D,0x6D6D6B6A,0x576D6D6D,0x5D59436A,0x506C6D43,
	0x6D6D4F65,0x6D6D6D6D,0x495D6D6D,0x6D56646B,0x6D6D3355,0x6D5A526A,0x565F586D,0x6D6D6D6D,
	0x6B6D6D6D,0x6D6B4D2A,0x6D6A606D,0x686D6D6D,0x6944463A,0x6D6D6D6D,0x6829293C,0x6D6D6D6D,

	0x6C6D6D6D,0x6D6D6D5A,0x6D6D6D5F,0x6D6D6D6D,0x6D6D6D6D,0x426D6D6D,0x6D6D6D6D,0x6D6D6D6D,
	0x6D6D6D6D,0x6D6D6659,0x6F1E5C6D,0x361D016F,0x4E504D4F,0x4E4A4A4C,0x38424F46,0x2E46514C,
	0x366A6D61,0x4C505644,0x50544345,0x48495248,0x6D3D5048,0x53555433,0x016F2A55,0x016F6F6F,
	0x6F6F6F6F,0x6F016F6F,0x6F6F6F6F,0x6F016F6F,0x6F6F6F6F,0x016F016F,0x6F6F6F01,0x6F6F016F,
	0x6F6F6F6F,0x6F016F6F,0x6F016F6F,0x016F016F,0x016F6F6F,0x6F016F6F,0x6F6F6F01,0x645F1F01,
	0x026F445E,0x544C3F35,0x60605A4F,0x6A61613E,0x6D6C6B6A,0x566D6D6D,0x5D59436A,0x556C6D43,
	0x6D6D4F65,0x6D6D6D6D,0x516B6D6D,0x6C446D6D,0x6D5D1B54,0x68504E6D,0x6D4F3838,0x654F696D,
	0x4B666767,0x5B4C6668,0x6D6D6D6D,0x696D6D6D,0x6A494335,0x6D6D6D6D,0x6D6C4E37,0x6D6D6D6D,

	0x6C6D6D6D,0x6D6D6D5B,0x6D6D6D6A,0x6D6D6D6D,0x6D6D6D6D,0x436D6D6D,0x6D6D6D6D,0x6D6D6D6D,
	0x6D6D6D6D,0x6D6D6459,0x25626D6D,0x566F6F01,0x6D6D6D6D,0x6D6D6D6D,0x616D6D6D,0x30484146,
	0x386B6D5C,0x4F544E51,0x4C574D42,0x4F4A4D4D,0x6D3B4F4D,0x4F4A5034,0x6F6F2649,0x6F016F6F,
	0x6F6F6F01,0x6F6F6F6F,0x6F6F6F6F,0x6F6F016F,0x6F6F6F6F,0x6F6F0101,0x01016F6F,0x6F6F6F6F,
	0x6F6F6F6F,0x6F6F6F6F,0x6F6F016F,0x6F6F016F,0x6F6F6F6F,0x6F6F6F01,0x6F6F6F01,0x6862206F,
	0x036F4262,0x504E4836,0x5B5B534F,0x6862613D,0x6D6D6C6A,0x546D6D6D,0x5D594369,0x596D6D43,
	0x6D6D4F65,0x6D6D6D6D,0x496D6D6D,0x5D5E6D69,0x6D361952,0x1726626D,0x6D671D01,0x5A6A6D6D,
	0x61504F4A,0x675A5B6D,0x6D6D6D6D,0x626D6D6D,0x6B564636,0x6D6D6D6D,0x6D6C6D52,0x6D6D6D6D,

	0x6B6D6D6D,0x6D6D6D5B,0x6D6D6D6D,0x6D6D6D6D,0x6D6D6D6D,0x436D6D6D,0x6D6D6D6D,0x6D6D6D6D,
	0x6D6D6D6D,0x6D6D6159,0x696D6D6D,0x616F0331,0x6D6D6D6D,0x6D6D6D6D,0x6D6D6D6D,0x3135586D,
	0x346C6D5A,0x44484F54,0x4E4F4E4E,0x504F454F,0x6D3C504F,0x4F504B35,0x6F6F2349,0x6F01016F,
	0x016F6F6F,0x6F6F0101,0x6F6F6F01,0x6F6F6F6F,0x6F6F016F,0x6F6F6F6F,0x016F6F6F,0x6F016F6F,
	0x6F6F6F01,0x6F6F6F6F,0x6F6F6F6F,0x016F6F01,0x01016F6F,0x6F016F6F,0x6F6F6F6F,0x685F2101,
	0x036F465D,0x47444435,0x5D5E5A5A,0x6967613D,0x6D6D6C69,0x526D6D6D,0x5D594368,0x566D6D43,
	0x6D6D4F65,0x6D6D6D6D,0x436D6D6D,0x4F6D6D4D,0x61121E4F,0x6F02204D,0x6D6D3C01,0x676D6D6D,
	0x6D4B445D,0x595D6D6D,0x6D6D6D6B,0x5D6D6D6D,0x69424438,0x6D6D6D6D,0x68223343,0x6D6D6D6D,

	0x6B6D6D6D,0x6D6D6D5B,0x6D6D6D6D,0x6D6D6D6D,0x6D6D6D6D,0x436D6D6D,0x6D6D6D6D,0x6D6D6D6D,
	0x6D6D6D6D,0x6D6D6159,0x6D6D6D6D,0x60043D6B,0x6D6D6D6D,0x6D6D6D6D,0x6D6D6D6D,0x1D596D6D,
	0x3A6C6D56,0x4C48454E,0x464F5048,0x4E4F4F4E,0x6D3D504C,0x48464E34,0x6F6F2350,0x6F016F01,
	0x016F6F6F,0x6F6F6F6F,0x6F6F6F6F,0x6F6F6F6F,0x6F6F0101,0x6F6F016F,0x6F6F0101,0x6F6F6F6F,
	0x6F6F6F6F,0x6F6F6F6F,0x6F01016F,0x016F016F,0x6F01016F,0x6F6F0101,0x6F6F6F6F,0x6861216F,
	0x036F415E,0x52494A38,0x5E5E5A55,0x6A65653D,0x6D6D6C6A,0x506D6D6D,0x5D5A4366,0x536C6D43,
	0x6D6D4F65,0x6D6D6D6D,0x436D6D6D,0x5F6D6B22,0x1A4F6741,0x6F6F6F04,0x6D6D5D04,0x6D6A5B63,
	0x6D6A2A5A,0x6D6D6D6D,0x6D6D6D6D,0x485A6169,0x6D42363A,0x6D6D6D6D,0x6C664338,0x6D6D6D6D,

	0x6B6D6D6D,0x6D6D6D5B,0x6D6D6D6D,0x6D6D6D6D,0x6D6D6D6D,0x436D6D6D,0x6D6D6D6D,0x6D6D6D6D,
	0x6D6D6D6D,0x6D6D5F58,0x6D6D6D6D,0x503A6C6D,0x6161696A,0x65666969,0x6D6D6A65,0x576D6D6D,
	0x366C6D49,0x4D4D484A,0x4E49434D,0x4D4B4C4F,0x6D3C4744,0x4F4F4F33,0x6F6F244A,0x6F6F016F,
	0x01016F6F,0x6F016F6F,0x6F6F6F01,0x6F6F6F6F,0x6F6F016F,0x016F6F01,0x6F6F016F,0x6F6F6F6F,
	0x6F6F6F6F,0x6F6F6F01,0x016F6F6F,0x6F6F6F6F,0x6F6F6F01,0x6F6F0101,0x6F6F6F6F,0x67611D6F,
	0x036F4565,0x4B454535,0x5D5A545A,0x6862623C,0x6D6D6C6A,0x506D6D6D,0x5D5B4365,0x506C6D43,
	0x6D6D5165,0x6D6D6D6D,0x2A616D6D,0x6D6D5707,0x010C3629,0x6F6F6F6F,0x6D6D690F,0x6D69616B,
	0x6D6D474F,0x6A6A6D6D,0x666D6D6D,0x3036334F,0x6D432543,0x6D6D6D6D,0x6D6D6D51,0x6D6D6D6D,

	0x6A6D6D69,0x6D6D6D5B,0x6D6D6D6D,0x6D6D6D6D,0x6D6D6D6D,0x436D6D6D,0x6D6D6D6D,0x6D6D6D6D,
	0x6D6D6D6D,0x6D6D5E58,0x6D6D6D6D,0x504F6D6D,0x32383F2D,0x3C38403D,0x6B48363A,0x6D6D6D6D,
	0x366D6A44,0x4F4B4F4F,0x47484A47,0x4E4E4A4E,0x6D3D4E4C,0x434F5434,0x016F284A,0x6F6F6F6F,
	0x6F6F6F6F,0x6F6F6F6F,0x6F6F0101,0x6F6F6F6F,0x6F01016F,0x6F6F016F,0x6F6F6F6F,0x6F016F01,
	0x6F6F6F01,0x6F016F6F,0x6F6F6F6F,0x6F6F0101,0x6F6F6F6F,0x6F6F6F6F,0x0101016F,0x67631E01,
	0x036F4461,0x56484B34,0x5B5B5959,0x6A65663B,0x6D6D6C6A,0x506D6D6D,0x5D5D4364,0x4C6B6D42,
	0x6D6D5464,0x6D6D6D6D,0x6F14436A,0x486A2C04,0x6F6F0113,0x016F6F01,0x6D6D6C20,0x6D6D6D6D,
	0x6D6D674C,0x536B6D6D,0x4D6D644E,0x2F222524,0x6D411430,0x6D6D6D6D,0x673A4A50,0x6D6D6D6D,

	0x6A634D55,0x6D6D6D5B,0x6D6D6D6D,0x6D6D6D6D,0x6D6D6D6D,0x436D6D6D,0x6D6D6D6D,0x6D6D6D6D,
	0x6D6D6D6D,0x6D6D5D58,0x6D6D6D6D,0x60506D6D,0x4A493D62,0x4B4E4C51,0x41434D4F,0x6D6D6D6C,
	0x326D5A61,0x504F4B4E,0x4755504F,0x504A4F4C,0x6D40504F,0x4B494F34,0x016F2950,0x6F6F6F6F,
	0x6F6F6F6F,0x6F6F6F6F,0x6F6F6F6F,0x6F6F6F6F,0x6F6F6F6F,0x6F6F6F6F,0x6F016F6F,0x016F6F6F,
	0x6F6F016F,0x6F6F6F6F,0x6F6F0101,0x6F6F6F6F,0x6F6F6F6F,0x6F6F6F6F,0x6F6F6F6F,0x64622001,
	0x046F4361,0x48484A34,0x605F5A52,0x6661633A,0x6D6D6D6A,0x536D6D6D,0x5D5F4363,0x4A6B6D42,
	0x6D6D5864,0x5A6D6D6D,0x01010125,0x031D3D34,0x6F6F6F6F,0x6F6F016F,0x6D6D6D22,0x6D6D6D6D,
	0x6D6D6D4F,0x6D6D6D6D,0x2A67636C,0x2B6F6F04,0x6D5B170B,0x6D6D6D6D,0x6C5B2E30,0x6D6D6D6D,

	0x4E506A55,0x6D6D6D56,0x6D6D6D6D,0x6D6D6D6D,0x6D6D6D6D,0x436D6D6D,0x6D6D6D6D,0x6D6D6D6D,
	0x6D6D6D6D,0x6D6D5D58,0x6D6D6D6D,0x61506D6D,0x473C696D,0x474E5053,0x46504B44,0x6D6D6D55,
	0x2C6D506D,0x4E53504C,0x5050534C,0x524E504B,0x6D424F50,0x50494F34,0x6F6F254F,0x6F6F016F,
	0x6F016F6F,0x6F016F01,0x6F6F6F6F,0x6F01016F,0x6F6F6F6F,0x6F6F0101,0x01016F01,0x6F6F6F6F,
	0x6F010101,0x6F6F6F01,0x6F6F6F6F,0x6F01016F,0x6F6F016F,0x6F6F6F01,0x6F6F6F6F,0x6868216F,
	0x056F4362,0x5050563D,0x615C5C5A,0x6A63613C,0x6D6D6C6A,0x566D6D6D,0x5D614263,0x4F6C6C42,
	0x6D6D5A63,0x0B36676D,0x6F6F6F6F,0x6F6F0C0F,0x6F6F6F6F,0x6F016F6F,0x6D6D6D23,0x6D6D6D6D,
	0x6D6D6D53,0x6D6D6D6D,0x2461666D,0x0C6F6F1D,0x6D6C2503,0x6D6D6D6D,0x6D6D6D55,0x6D6D6D6D,

	0x694A2812,0x6D5D4F5B,0x6D6D6D6D,0x6D6D6D6D,0x6D6D6D6D,0x456D6D6D,0x6D6D6D6D,0x6D6D6D6D,
	0x6D6D6D6D,0x6D6D5D58,0x6D6D6D6D,0x61506D6D,0x416A6D6D,0x443F3C2C,0x3B2D4146,0x6D6D6D40,
	0x2E6D516D,0x40343438,0x36353436,0x4F3C433F,0x6D3D4F4F,0x4F494336,0x6F6F2450,0x016F6F6F,
	0x6F6F6F6F,0x6F6F6F01,0x6F6F6F6F,0x6F6F6F6F,0x6F6F6F6F,0x6F6F6F01,0x6F016F6F,0x6F6F6F01,
	0x6F6F6F6F,0x6F6F016F,0x6F6F6F6F,0x6F016F6F,0x6F6F6F6F,0x6F016F6F,0x6F6F6F01,0x68661F6F,
	0x046F4566,0x59544F34,0x625D5C54,0x6A66653D,0x6D6D6C6A,0x5A6D6D6D,0x5D624262,0x516C6C41,
	0x6C6D5B63,0x6F6F1C4F,0x01016F01,0x6F016F01,0x6F6F6F6F,0x016F6F01,0x6D6D6D23,0x6B6D6D6D,
	0x6D6D6D53,0x6D6D6D6D,0x346B6D6D,0x6F6F6F23,0x6D6D5606,0x6D6D6D6D,0x6A525A52,0x6D6D6D6D,

	0x211A4168,0x495C6646,0x6D6D6D5D,0x6D6D6D6D,0x6D6D6D6D,0x486D6D6D,0x6D6D6D6D,0x6D6D6D6D,
	0x6D6D6D6D,0x6D6D5D58,0x6D6D6D6D,0x61516D6D,0x666A6C6D,0x3D403450,0x4939423C,0x6D6D6C3D,
	0x356D4C6D,0x57544250,0x555B5955,0x50324F5A,0x6D475750,0x4F4F4D38,0x016F2348,0x01016F01,
	0x016F6F01,0x6F6F6F01,0x6F6F6F01,0x6F6F016F,0x6F016F01,0x6F6F6F6F,0x6F6F6F01,0x6F016F6F,
	0x6F01016F,0x016F016F,0x6F016F6F,0x6F6F6F6F,0x016F6F01,0x6F6F6F6F,0x6F6F016F,0x6A661E6F,
	0x046F4F64,0x5A4F4834,0x5C5D5A5C,0x69666437,0x6D6D6D6A,0x5B6D6D6D,0x44644162,0x546C6A3A,
	0x2C5F5C62,0x6F6F6F04,0x6F016F6F,0x6F6F6F6F,0x6F6F016F,0x6F016F6F,0x6D6D6C20,0x6B6D6D6D,
	0x6D6D6D52,0x6D6D6D6D,0x356A6D6D,0x6F6F6F0E,0x6D6D6C2E,0x6D6D6D6D,0x694F2225,0x6D6D6D6D,

	0x4E6A6D6B,0x63431A21,0x6C5D4F5C,0x6D6D6D6D,0x6D6D6D6D,0x4C6D6D6D,0x6D6D6D6D,0x6D6D6D6D,
	0x6D6D6D6D,0x6D6D5D58,0x6D6D6D6D,0x61516D6D,0x686A6A6D,0x5B365667,0x5540365A,0x6D6D6C41,
	0x366D426D,0x51504B49,0x494C544B,0x5235504F,0x6D454B50,0x4E504F32,0x6F6F264F,0x6F6F6F6F,
	0x6F6F016F,0x6F6F016F,0x6F6F6F6F,0x016F6F6F,0x6F6F016F,0x6F6F6F6F,0x6F6F6F6F,0x6F016F6F,
	0x016F6F6F,0x6F6F016F,0x016F6F01,0x6F6F016F,0x6F6F6F6F,0x6F6F6F6F,0x016F016F,0x69631D01,
	0x046F4E64,0x5746543A,0x5D5C5B5C,0x6A64663B,0x6D6D6D6B,0x5C6D6D6D,0x44683F61,0x566D505F,
	0x6F114161,0x6F6F6F6F,0x6F6F6F6F,0x6F6F6F6F,0x6F6F6F01,0x6F6F6F01,0x6D6D6C21,0x6A6D6D6D,
	0x6D6D6D51,0x6D6D6D6D,0x276A6D6D,0x0E6F016F,0x6D6D6D5C,0x6D6D6D6D,0x6D6D6A50,0x6D6D6D6D,

	0x6D664426,0x0F2A576B,0x4561613B,0x6D6D5A34,0x6D6D6D6D,0x4F6D6D6D,0x6D6D6D6D,0x6D6D6D6D,
	0x6D6D6D6D,0x6D6D5D58,0x6D6D6D6D,0x61516D6D,0x686B6C6D,0x31536467,0x4A3F394D,0x6D6D6B46,
	0x2D6D426D,0x534B4E4F,0x4F54574A,0x57344F49,0x6D494F59,0x574F4D35,0x016F274A,0x6F016F6F,
	0x016F016F,0x6F6F6F6F,0x6F6F6F6F,0x6F6F016F,0x016F6F01,0x6F6F6F01,0x6F6F6F6F,0x6F6F6F6F,
	0x6F6F6F6F,0x6F6F0101,0x6F6F016F,0x6F6F6F6F,0x6F6F6F01,0x6F6F6F01,0x6F016F6F,0x69651F01,
	0x056F4463,0x4C4D4F3D,0x615D585A,0x6A63633A,0x6D6D6C6B,0x5D6D6D6D,0x496C3B50,0x516B4C68,
	0x06346161,0x6F6F016F,0x016F6F6F,0x6F6F6F6F,0x6F6F6F6F,0x6F01016F,0x6D6D6D22,0x6A6D6D6D,
	0x6D6D6D50,0x6D6D6D6D,0x346A6D6D,0x2C6F6F01,0x6D6D6D6D,0x6D6D6D6D,0x6A5F6951,0x6D6D6D6D,

	0x431A6F6F,0x5A6C6D5D,0x5D341132,0x6C443266,0x6D6D6D6D,0x506D6D6D,0x6D6D6D6D,0x6D6D6D6D,
	0x6D6D6D6D,0x6D6D5A58,0x6D6D6D6D,0x61516D6D,0x6A6A6C6D,0x425E6166,0x4F413935,0x6D6D6C43,
	0x344F3D6D,0x4D575154,0x50505750,0x5035564E,0x6D484E54,0x4F444434,0x6F6F254E,0x6F016F01,
	0x016F6F6F,0x6F6F6F01,0x6F010101,0x6F6F016F,0x016F016F,0x6F6F6F6F,0x6F6F6F6F,0x6F6F6F6F,
	0x016F016F,0x6F6F0101,0x01016F6F,0x6F6F6F6F,0x01016F6F,0x01016F6F,0x6F01016F,0x6962216F,
	0x056F4D67,0x4D514D3B,0x5E61544F,0x6A66643A,0x6D6D6C6B,0x606D6D6D,0x4D674649,0x555A6061,
	0x33696A5A,0x6F011129,0x6F6F6F6F,0x6F016F6F,0x01010101,0x016F6F01,0x6D6D6D23,0x6A6D6D6D,
	0x6D6D6D4F,0x6D6D6D6D,0x2E6A6D6D,0x456F6F01,0x6D6D6D6D,0x6C6D6D6D,0x6A35232A,0x6D6D6D6D,

	0x6F6F6F01,0x6A50340B,0x193B606D,0x513B3C29,0x6D6D6A52,0x526D6D6D,0x6D6D6D6D,0x6D6D6D6D,
	0x6D6D6D6D,0x6A441758,0x6D6D6D6D,0x61516D6D,0x686B6C6D,0x455B6769,0x57432D2C,0x6D6D6C3C,
	0x4B6C426D,0x504A4F4F,0x4F4B4F51,0x56334F54,0x6D4A5A4F,0x4F484F36,0x6F6F2354,0x6F01016F,
	0x6F6F016F,0x6F6F6F6F,0x6F6F6F6F,0x016F6F6F,0x6F6F6F6F,0x6F6F0101,0x6F6F0101,0x6F6F6F6F,
	0x016F6F6F,0x016F6F6F,0x6F6F6F6F,0x016F6F6F,0x016F6F6F,0x6F016F6F,0x6F6F6F6F,0x67671F6F,
	0x056F4462,0x4F5A4F3D,0x62605758,0x6A68653C,0x6D6D6D6B,0x6A6D6D6D,0x49475E44,0x4A3E6836,
	0x46626B5A,0x6F6F172A,0x6F6F6F6F,0x6F016F6F,0x6F6F6F6F,0x6F6F6F01,0x6D6D6D23,0x6A6D6D6D,
	0x6D6D6D4F,0x6D6D6D6D,0x2D6A6D6D,0x5F036F6F,0x6D6D6D6D,0x6D6D6D6D,0x6D6D6750,0x6D6D6D6D,

	0x6F6F6F6F,0x2403016F,0x686D654F,0x4C2F2049,0x6A4F4E68,0x546D6D6D,0x6D6D6D6D,0x6D6D6D6D,
	0x6D6D6D6D,0x23030258,0x6D6D6D6A,0x61516D6D,0x676A6C6D,0x4F5B6168,0x42482E34,0x6D6D6B3C,
	0x4C6D426D,0x4F4F4C44,0x574A4854,0x462A4757,0x6D4F4D4A,0x4F4C4F38,0x6F6F2349,0x6F01016F,
	0x6F6F6F6F,0x6F016F01,0x016F6F6F,0x6F6F6F6F,0x6F6F6F6F,0x016F6F6F,0x016F6F6F,0x6F01016F,
	0x6F6F6F6F,0x6F6F0101,0x016F016F,0x01016F01,0x016F016F,0x01010101,0x6F6F6F6F,0x69651F01,
	0x046F4267,0x5545443A,0x5E5C575B,0x69666237,0x6D6D6C6B,0x6D6D6D6D,0x44496243,0x325B6216,
	0x040E1B29,0x6F6F6F01,0x6F6F0101,0x6F6F6F01,0x6F6F6F01,0x016F6F6F,0x6D6D6D24,0x696D6D6D,
	0x6D6D6D4D,0x6D6D6D6D,0x306A6D6D,0x6A1D6F01,0x6D6D6D6D,0x6D6D6D6D,0x6D6A6C59,0x6D6D6D6D,

	0x6F6F6F6F,0x6F6F6F01,0x5E3F1901,0x2831416C,0x54664422,0x586D654D,0x6D6D6D6D,0x6D6D6D6D,
	0x6D6D6D6D,0x343C1258,0x6D6D6D64,0x61516D6D,0x676B6C6D,0x4C5D6265,0x0F4F2834,0x6D6D6A2E,
	0x466D436D,0x5850524A,0x54524F55,0x52314F51,0x6D4F4E4A,0x4F4E533A,0x016F264F,0x016F6F6F,
	0x6F6F6F6F,0x6F016F6F,0x01016F6F,0x01016F6F,0x016F6F6F,0x016F6F01,0x6F6F6F6F,0x6F6F016F,
	0x6F6F6F6F,0x6F6F6F6F,0x6F016F01,0x016F016F,0x016F6F6F,0x6F016F6F,0x6F6F6F01,0x68641E01,
	0x046F4261,0x54434238,0x5C5B5E59,0x69676138,0x6D6D6D6B,0x6D6D6D6D,0x295D443D,0x052F3821,
	0x6F6F0101,0x6F6F6F6F,0x6F6F6F01,0x6F6F016F,0x6F6F6F01,0x6F6F6F6F,0x6D6D6D24,0x696D6D6D,
	0x6D6D6D4C,0x6D6D6D6D,0x346A6D6D,0x6D326F01,0x6D6D6D6D,0x6D6D6D6D,0x63232336,0x6D6D6D6D,

	0x6F6F016F,0x6F6F016F,0x0E6F016F,0x6C443533,0x3F1D2856,0x4F464F60,0x6D6D6D6D,0x6D6D6D6D,
	0x6D6D6D6D,0x5A432059,0x6D6D6D61,0x61526D6D,0x666B6C6D,0x4D5B5E67,0x1050283A,0x6D6D6C2C,
	0x446D436D,0x594C4B4D,0x5458594E,0x4F34504F,0x6D4F5053,0x4F4C5334,0x6F6F2752,0x6F6F6F6F,
	0x6F6F6F6F,0x6F6F6F6F,0x6F6F6F6F,0x6F6F016F,0x6F6F6F6F,0x6F6F016F,0x01016F6F,0x6F6F6F6F,
	0x016F6F01,0x6F6F6F6F,0x6F6F016F,0x6F6F016F,0x6F6F6F6F,0x6F6F6F01,0x6F6F6F01,0x6564206F,
	0x046F4261,0x554F4F3A,0x5C5A575A,0x6A68643C,0x6D6D6D6B,0x6D6D6D6D,0x3765283E,0x01011535,
	0x6F6F6F6F,0x6F6F6F6F,0x6F6F6F01,0x6F016F01,0x6F6F6F6F,0x6F6F6F6F,0x6D6D6D24,0x696D6D6D,
	0x6D6D6D4A,0x6D6D6D6D,0x2F6A6D6D,0x6D466F01,0x6D6D6D6D,0x6D6D6D6D,0x6D6D5942,0x6D6D6D6D,

	0x05046F6F,0x6F6F016F,0x6F016F6F,0x4D241701,0x335D6C67,0x555C3C17,0x6D685A4F,0x6D6D6D6D,
	0x6D6D6D6D,0x5C662258,0x586A6D5D,0x61526D6C,0x666A6D6D,0x4A5C5D63,0x2655283A,0x6D6D6C2D,
	0x446D426D,0x534F504F,0x4B575750,0x4C324C4A,0x6D4F5553,0x4F4C4F36,0x6F6F2845,0x6F016F6F,
	0x016F6F6F,0x6F6F6F01,0x6F6F0101,0x6F6F6F6F,0x6F6F016F,0x6F6F6F6F,0x016F6F6F,0x6F6F6F6F,
	0x6F6F6F01,0x6F6F6F6F,0x6F6F6F6F,0x016F6F01,0x016F6F6F,0x6F016F6F,0x6F01016F,0x68642001,
	0x056F4361,0x50514C36,0x5D5A5A5C,0x6A67663B,0x6D6D6C6B,0x6D6D6D6D,0x1E382B41,0x6F010103,
	0x6F6F6F01,0x6F6F6F6F,0x6F016F6F,0x016F6F6F,0x016F6F01,0x016F6F01,0x6D6D6D24,0x696D6D6D,
	0x6D6D6D4A,0x6D6D6D6D,0x2D6B6D6D,0x6D5C036F,0x6D6D6D6D,0x6D6A6A6D,0x6D6D6C50,0x6D6D6D6D,

	0x6F042747,0x6F6F6F01,0x016F6F01,0x6F010602,0x6C614017,0x34193C64,0x5535555C,0x6D6D6D6D,
	0x6D6D6D6D,0x5D6D2758,0x676D6D5A,0x61526D6C,0x626C6C6D,0x3C485B61,0x2A582938,0x6D6D6D2F,
	0x436D426D,0x444D564E,0x48504846,0x4A354C4C,0x6D514C52,0x49505035,0x016F234A,0x6F010101,
	0x016F6F6F,0x6F6F6F6F,0x6F6F6F6F,0x6F6F6F6F,0x6F6F0101,0x6F016F6F,0x6F6F0101,0x6F6F6F01,
	0x6F6F6F6F,0x6F6F6F6F,0x6F01016F,0x016F016F,0x6F01016F,0x6F6F6F01,0x6F6F6F6F,0x4B3C196F,
	0x046F3249,0x4F5A4231,0x62605C59,0x6A69663C,0x6D6D6C6B,0x6D6D6D6D,0x6F042443,0x016F016F,
	0x01016F6F,0x016F6F6F,0x6F6F6F6F,0x6F6F6F6F,0x6F6F6F6F,0x6F6F6F01,0x61616D24,0x696D6D6D,
	0x6D6D6D4A,0x6D6D6D6D,0x306C6D6D,0x6D691401,0x445B676D,0x50513420,0x672A2C33,0x6D6D6D6D,

	0x142C6C6D,0x6F6F6F18,0x6F6F6F6F,0x6F6F6F6F,0x340A016F,0x43696B58,0x14552A1E,0x6D6C5F50,
	0x6D6D6D6D,0x5C6D3158,0x6D6D6D5A,0x61526D6D,0x626A6C6D,0x5B33555D,0x3351262E,0x6969692C,
	0x426C3E69,0x373D423D,0x3F3D3231,0x54303C3C,0x6D4F5550,0x4C4F493A,0x6F01234D,0x6F6F6F6F,
	0x0101016F,0x6F6F6F6F,0x6F6F6F6F,0x6F6F6F6F,0x6F6F016F,0x6F6F0101,0x6F6F016F,0x6F6F6F6F,
	0x6F6F6F6F,0x6F6F6F01,0x6F6F6F6F,0x6F6F6F6F,0x6F6F6F01,0x016F0101,0x6F6F6F01,0x63631E6F,
	0x066F445F,0x504F423C,0x5D5F5C51,0x6A67613A,0x6D6D6D6C,0x38676D6D,0x6F01010E,0x01010101,
	0x6F6F6F6F,0x6F6F6F6F,0x016F016F,0x01016F01,0x6F6F6F6F,0x6F6F6F6F,0x6D6D6D24,0x696D6D6D,
	0x6D6D6D4A,0x6D6D6D6D,0x356B6D6D,0x5A6A246F,0x5A5E4944,0x596D450A,0x6D694F38,0x6D6D6D6D,

	0x252D6D6D,0x102E536A,0x6F6F6F6F,0x6F01016F,0x6F6F6F6F,0x674F2605,0x0C28526A,0x58445C50,
	0x6D6D6D6C,0x5B5B2F5A,0x6D6D6D5B,0x61516D6D,0x456A6C6D,0x57131929,0x24292827,0x1E211D08,
	0x362E2125,0x4E50484A,0x4B484F4A,0x474E5052,0x6D4F564B,0x4C4F4D38,0x016F254F,0x6F6F6F6F,
	0x6F6F6F6F,0x6F6F6F6F,0x6F6F0101,0x6F6F6F6F,0x6F6F016F,0x6F6F016F,0x6F6F6F6F,0x6F016F01,
	0x6F6F6F01,0x6F016F01,0x6F6F6F01,0x6F6F0101,0x6F6F6F6F,0x6F6F6F6F,0x6F01016F,0x4A4C1801,
	0x046F3644,0x4F4F4C3D,0x605D565A,0x6964643C,0x6D6D6D6A,0x0316426A,0x6F016F6F,0x6F6F6F6F,
	0x6F6F6F6F,0x6F6F6F6F,0x6F6F6F6F,0x016F6F01,0x6F6F6F01,0x016F6F6F,0x6D6D6D24,0x696D6D6D,
	0x6D6D6D4A,0x6D6D6D6D,0x336B6D6D,0x3A492601,0x6A6D6D6A,0x566D5016,0x6D6D6C4F,0x6D6D6D6D,

	0x26256D6D,0x676D6D6D,0x0106244B,0x016F6F01,0x6F6F6F6F,0x1C6F6F6F,0x116B5F41,0x5A46202D,
	0x6D6C5844,0x2A425E5A,0x6D6D6D5D,0x61516D6D,0x5D6A6C6D,0x56254F56,0x452D1F3F,0x524F5017,
	0x10262F52,0x4B514F3D,0x524A594E,0x4D4B5054,0x6D51574F,0x49525038,0x016F2544,0x6F6F6F6F,
	0x6F6F6F6F,0x6F6F6F6F,0x6F6F6F6F,0x6F6F6F6F,0x6F016F6F,0x6F6F6F6F,0x6F6F6F6F,0x016F6F01,
	0x6F6F016F,0x6F6F6F6F,0x6F6F0101,0x6F6F6F6F,0x6F6F6F6F,0x6F6F6F6F,0x6F6F6F6F,0x66661D01,
	0x036F4463,0x5350493C,0x625D5C58,0x6A69673D,0x5A6D6C6A,0x6F010125,0x6F016F6F,0x6F016F6F,
	0x6F01016F,0x6F6F6F6F,0x01016F6F,0x016F6F6F,0x6F6F6F6F,0x6F6F016F,0x6D6D6D24,0x696D6D6D,
	0x6D6D6D4A,0x6D6D6D6D,0x286A6D6D,0x6A4B6421,0x6B616A6D,0x5D6D5017,0x6A344247,0x6D6D6D6D,

	0x271D6D6D,0x6D6D6D6D,0x3D5D5E6D,0x6F6F0320,0x6F016F6F,0x6F6F6F6F,0x17330C6F,0x2033606A,
	0x4F495A3C,0x676D6C4B,0x6D6D6D69,0x61516D6D,0x5A696D6D,0x5521383D,0x2F351D32,0x4B595220,
	0x2711393B,0x332C220A,0x35313635,0x4F38343C,0x6D514D49,0x4C4F5034,0x6F6F2544,0x6F6F0101,
	0x01016F6F,0x6F6F6F6F,0x6F6F6F6F,0x6F6F6F6F,0x6F6F6F6F,0x6F6F6F01,0x6F016F6F,0x6F6F6F6F,
	0x6F010101,0x6F6F6F01,0x6F6F6F6F,0x6F01016F,0x6F6F016F,0x6F6F6F01,0x6F6F6F6F,0x66631F6F,
	0x016F425F,0x574C4436,0x605E595A,0x6A6A673C,0x0A33616A,0x016F0101,0x016F6F6F,0x6F016F6F,
	0x016F016F,0x6F6F6F6F,0x6F6F6F6F,0x6F6F6F6F,0x6F6F6F6F,0x6F016F01,0x6D6D6D25,0x696D6D6D,
	0x6D6D6D4A,0x6D6D6D6D,0x2A6A6D6D,0x6D5A615D,0x384B6B6D,0x3F4D3D09,0x6A5F3534,0x6D6D6D6D,

	0x281A686D,0x6D6D6D6D,0x6D6D6D6D,0x18365A6B,0x6F016F01,0x6F6F6F6F,0x0308016F,0x636A4F27,
	0x59371D3A,0x6D6A3A3C,0x6D6D6D6D,0x61506D6D,0x61686C6D,0x53284B53,0x3C451D3C,0x6D6D6D3B,
	0x1D1B6D6D,0x47340C01,0x494F504B,0x55354C4F,0x6D534850,0x4B505637,0x6F6F2648,0x0101016F,
	0x6F6F6F6F,0x6F6F6F01,0x6F6F016F,0x6F6F6F6F,0x016F6F6F,0x6F6F6F01,0x6F6F6F6F,0x6F6F6F6F,
	0x6F6F6F6F,0x6F6F016F,0x6F6F6F6F,0x6F016F6F,0x6F6F6F6F,0x6F01016F,0x6F6F6F6F,0x6964216F,
	0x046F4B67,0x54564E37,0x5E5D5A5B,0x6167613B,0x6F01143C,0x6F6F6F6F,0x6F6F6F6F,0x016F6F6F,
	0x6F6F6F01,0x016F6F01,0x01016F6F,0x6F010101,0x1B1A6F6F,0x6F016F16,0x6D6D6D26,0x696D6D6D,
	0x6D6D6D4A,0x6D6D6D6D,0x416A6D6D,0x6D6A546D,0x09256B6D,0x431D1603,0x6D6D6C50,0x6D6D6D6D,

	0x281D514B,0x6D6D6D6D,0x6D6D6D6D,0x6A6D6D6D,0x02112F50,0x6F01016F,0x6F01016F,0x441B016F,
	0x20446660,0x51441B31,0x6D6D6D67,0x61506D6D,0x55686D6D,0x5225383C,0x3537223D,0x444E533B,
	0x201A4243,0x340C6F6F,0x4E494A48,0x512F494D,0x6D4F4F44,0x4E50543A,0x6F6F2553,0x6F6F0101,
	0x016F6F01,0x6F6F6F01,0x01016F01,0x6F6F016F,0x6F6F6F01,0x016F6F6F,0x6F016F6F,0x6F016F01,
	0x6F6F6F6F,0x6F6F016F,0x6F016F01,0x6F6F6F6F,0x01016F01,0x6F6F6F6F,0x6F6F0101,0x6965206F,
	0x046F4F5E,0x57534F33,0x615E5A55,0x1D44613A,0x6F6F6F01,0x6F6F6F6F,0x016F6F01,0x6F6F6F0E,
	0x6F6F6F6F,0x6F6F6F6F,0x6F016F6F,0x6F6F6F6F,0x4F246F6F,0x0A016F1D,0x696A6D25,0x696D6D6B,
	0x6D6D6D4A,0x6D6D6D6D,0x49696D6D,0x6D6C526D,0x02286C6D,0x65166F6F,0x694E524F,0x6D6D6D6D,

	0x20070A03,0x6D6D675D,0x6D6D6D6D,0x6D6D6D6D,0x1B4F6D6D,0x6F6F020F,0x01016F6F,0x6F016F6F,
	0x6A57340F,0x4F2F1750,0x6D67484A,0x61506D6D,0x4F666C6D,0x514A6D6D,0x6D6D6D61,0x6D6D6D6D,
	0x36476D6D,0x06016F04,0x3232341B,0x49252D30,0x6D504F47,0x5045473C,0x6F6F2359,0x6F6F6F6F,
	0x6F6F016F,0x6F6F016F,0x6F6F6F6F,0x016F016F,0x6F6F6F6F,0x6F6F6F6F,0x6F6F0101,0x6F016F6F,
	0x016F6F6F,0x6F6F016F,0x016F6F01,0x6F6F016F,0x6F6F6F6F,0x6F016F6F,0x016F016F,0x67672001,
	0x036F435D,0x5A5A563F,0x605C5B53,0x6F03242B,0x6F016F6F,0x016F016F,0x6F6F6F6F,0x6F016F13,
	0x6F6F6F01,0x6F6F6F6F,0x6F6F6F01,0x6F6F6F6F,0x4B226F01,0x0C6F6F1A,0x5A616D24,0x696D6D69,
	0x6D6D6D4A,0x6D6D6D6D,0x446A6D6D,0x6D6C506D,0x6F286D6D,0x6D2E6F6F,0x6B482C2C,0x6D6D6D6D,

	0x6F01016F,0x563C1A10,0x6D6D6A68,0x6D6D6D6D,0x556D6D6D,0x1A395A32,0x6F01016F,0x6F6F6F6F,
	0x2903016F,0x2D4F214F,0x4A464627,0x614F6B51,0x27676B6D,0x51425652,0x4843534F,0x54445555,
	0x5D254E4F,0x6F01194A,0x594D2D03,0x4F344F58,0x6D4F4F49,0x4E44443D,0x016F2449,0x6F016F6F,
	0x6F6F016F,0x6F6F6F6F,0x6F6F0101,0x016F016F,0x016F6F01,0x6F6F6F01,0x016F6F6F,0x6F016F01,
	0x6F6F6F6F,0x6F6F0101,0x6F6F016F,0x6F6F6F6F,0x6F6F6F01,0x6F6F6F6F,0x6F016F6F,0x69682101,
	0x026F3C61,0x56595038,0x2C5B5C53,0x016F6F07,0x6F6F6F6F,0x6F6F6F6F,0x6F6F6F6F,0x6F016F6F,
	0x016F6F01,0x6F6F6F6F,0x016F6F6F,0x6F6F6F6F,0x42266F6F,0x0D010116,0x6D6D6D24,0x696D6D6D,
	0x6D6D6D4B,0x6D6D6D6D,0x44696D6D,0x6D6D4F6D,0x15266C6D,0x6D496F17,0x6D6D6D42,0x6D6D6D6D,

	0x070E2B39,0x040A0B0B,0x61572F22,0x6D6C6C6A,0x5D6B6C6C,0x6A6C3C23,0x010C3251,0x016F6F01,
	0x01016F6F,0x603C0A6F,0x4322355C,0x6145344A,0x2A696C6D,0x50251739,0x333C1717,0x34421F19,
	0x601B3D1D,0x0128515B,0x40266F6F,0x48384A50,0x6D50504B,0x44444A3D,0x6F012344,0x6F016F01,
	0x016F6F6F,0x016F6F6F,0x6F010101,0x6F6F016F,0x016F6F6F,0x6F6F6F6F,0x6F6F6F6F,0x6F6F6F6F,
	0x6F6F016F,0x6F6F0101,0x6F6F6F6F,0x6F6F016F,0x016F6F6F,0x6F6F6F6F,0x6F01016F,0x68631F6F,
	0x036F4261,0x5A51443C,0x01113155,0x6F6F6F6F,0x6F016F01,0x6F6F6F6F,0x6F6F6F6F,0x6F01016F,
	0x016F6F6F,0x6F01016F,0x2C38236F,0x6F6F6F07,0x3B2E6F6F,0x0B6F6F11,0x6D6D6D24,0x696D6D6D,
	0x6D6D6D4A,0x6D6D6D6D,0x4D646D6D,0x6D6D4D6D,0x2C236C6D,0x6D610A16,0x6A5F6840,0x6D6D6D6D,

	0x1C0E3330,0x43424944,0x47484844,0x4F4F4F4B,0x3C3D424C,0x4D4B3B39,0x1F1D3B46,0x0101061E,
	0x6F6F6F6F,0x13016F01,0x3D61563B,0x43421D21,0x2C666A5F,0x50252553,0x2B380123,0x22500C01,
	0x6120366F,0x1F354F61,0x22131414,0x4E4D4734,0x6D504345,0x4E464446,0x6F6F2350,0x6F016F6F,
	0x6F6F016F,0x6F6F6F6F,0x6F6F016F,0x016F6F6F,0x6F6F6F6F,0x6F6F0101,0x6F6F6F01,0x6F6F6F6F,
	0x016F016F,0x016F6F6F,0x6F016F6F,0x6F6F6F6F,0x016F6F6F,0x6F6F6F6F,0x6F6F6F6F,0x6962226F,
	0x036F4660,0x3D4F493A,0x6F6F0210,0x6F6F6F6F,0x6F6F6F6F,0x6F016F6F,0x01016F6F,0x6F016F01,
	0x6F016F6F,0x6F01016F,0x4448236F,0x6F016F0B,0x36306F6F,0x0B046F0B,0x6D6D6D24,0x696D6D6D,
	0x6D6D6D4A,0x6D6D6D6D,0x50636D6D,0x6D6D496D,0x33236C6D,0x6D6C2301,0x6636252E,0x5551616B,

	0x1A165C4F,0x01011620,0x01010101,0x08010101,0x33423423,0x21010119,0x31224741,0x2D352F4F,
	0x6F016F1A,0x6F6F6F6F,0x4A2C066F,0x34192564,0x294F3D3D,0x52363755,0x3B3E343C,0x43513834,
	0x62194E34,0x6D6C4360,0x6A6C6C6D,0x4E4A3A4B,0x6D50504C,0x474D4C45,0x6F6F204A,0x6F6F016F,
	0x6F6F6F6F,0x6F01016F,0x016F6F6F,0x6F6F6F6F,0x016F6F6F,0x016F6F6F,0x016F6F6F,0x6F01016F,
	0x016F6F6F,0x6F6F6F6F,0x016F016F,0x01016F6F,0x6F6F016F,0x01016F6F,0x6F6F6F6F,0x64642201,
	0x016F4260,0x03233B37,0x6F6F6F6F,0x6F6F6F6F,0x6F6F016F,0x01016F6F,0x6F016F6F,0x6F016F6F,
	0x26016F01,0x6F6F6F17,0x3D402001,0x0A291509,0x01156F01,0x040A6F01,0x6D6D6D24,0x696D6D6D,
	0x6D6D6D4A,0x6D6D6D6D,0x53666D6D,0x6D6D456D,0x34266D6D,0x6D6D4601,0x4E6D6A52,0x351F1A34,

	0x340A2922,0x2C435D61,0x6F01010E,0x6F6F6F6F,0x1D230C6F,0x66206F04,0x432D6D6D,0x5A6A6D6D,
	0x05282F3E,0x6F6F0101,0x6F6F6F6F,0x4F58181E,0x333D2E26,0x5256493A,0x50555A59,0x504E5551,
	0x5E355153,0x526A425E,0x6A5B564F,0x4E2B4C4B,0x6D4F4D4B,0x514F5348,0x01011B4B,0x6F6F6F6F,
	0x6F6F6F6F,0x6F016F6F,0x01016F6F,0x016F6F6F,0x016F6F6F,0x016F6F6F,0x6F6F6F6F,0x6F6F016F,
	0x6F6F6F6F,0x6F6F6F6F,0x6F016F01,0x016F016F,0x016F6F6F,0x6F016F6F,0x6F6F6F6F,0x65612101,
	0x016F425D,0x23262226,0x241F1F21,0x211E2021,0x24212123,0x1E201F26,0x1F242421,0x6F6F6F24,
	0x3A046F6F,0x6F6F6F18,0x43462501,0x1369673A,0x6F6F016F,0x020B6F6F,0x6D6D6D25,0x696D6D6D,
	0x6D6D6D4A,0x6D6D6D6D,0x4F686D6D,0x6D6D446D,0x283A6C6D,0x6D6D6A17,0x536A6D57,0x3C384248,

	0x25251C25,0x604D3A25,0x22375262,0x6F6F0107,0x1F21046F,0x53146F6F,0x432C6C69,0x6B6C6D6D,
	0x2A546A6D,0x6F01031A,0x6F6F6F6F,0x2B146F6F,0x252E5857,0x503E5852,0x6D6D6D6B,0x6D6D6D6D,
	0x5E486D6D,0x34613F5C,0x614B4D3F,0x4E2C5A47,0x6D4F4F54,0x4A43454B,0x016F1843,0x6F6F6F6F,
	0x6F6F6F6F,0x6F016F01,0x6F6F6F6F,0x6F6F016F,0x6F6F6F6F,0x6F6F016F,0x016F6F01,0x6F6F016F,
	0x6F6F6F01,0x6F6F6F6F,0x6F6F016F,0x6F6F016F,0x6F6F6F6F,0x6F6F6F6F,0x6F6F6F6F,0x6667216F,
	0x036F3B5F,0x363C3D24,0x3C3D3D38,0x3B3A403B,0x3F3E413C,0x3C3D3C3D,0x4B423C3A,0x016F6F31,
	0x37056F6F,0x1A016F17,0x33382D32,0x15696D44,0x026F6F6F,0x2E252A14,0x6D6D6D32,0x696D6D6D,
	0x6D6D6D4A,0x6D6D6D6D,0x50686D6D,0x6D6E436C,0x13376C6A,0x6C6D6D2F,0x4A271F31,0x44413C69,

	0x4C4F5769,0x25303A3F,0x695C4B2A,0x13304861,0x6F0B070D,0x066F6F6F,0x3C1C311A,0x6B606D67,
	0x6B6D6D6D,0x6F0E2552,0x6F016F6F,0x6F6F6F6F,0x6143290A,0x58595C61,0x6D6A4A51,0x6D6D6D6D,
	0x5D486D6D,0x015E3D57,0x5A030303,0x452C544F,0x6D4F4E54,0x424A4844,0x6F6F1E49,0x6F6F6F01,
	0x016F6F6F,0x6F6F6F01,0x6F6F016F,0x6F6F6F6F,0x6F6F6F6F,0x6F6F6F6F,0x01016F6F,0x6F6F6F6F,
	0x6F6F6F6F,0x6F6F6F01,0x6F6F6F6F,0x016F6F01,0x016F6F6F,0x6F016F6F,0x6F01016F,0x68632001,
	0x2A353560,0x43335640,0x2D2E3436,0x2E292A36,0x2D342C2A,0x31353229,0x3B36302B,0x6F016F2C,
	0x3A066F01,0x69532619,0x3838426D,0x4C6C6D44,0x533B1F0A,0x352A6C69,0x6D6D6D34,0x696D6D6D,
	0x6D6D6D4A,0x6D6D6D6D,0x34666D6D,0x6D6D435B,0x6F286C61,0x6D6D6D43,0x506C5D4B,0x3C3D476D,

	0x6D6D6D6D,0x454F5B69,0x2A2D3D3A,0x6866553C,0x0A223C56,0x6F6F6F6F,0x106F6F6F,0x6A5E4729,
	0x6D6D6D6B,0x204C6C6C,0x6F6F2D39,0x6F6F6F01,0x2001016F,0x5855524F,0x494C6A66,0x6B504D42,
	0x1A486D6D,0x0C171011,0x176F6F6F,0x1D0B1614,0x6D50514C,0x44474B49,0x016F214F,0x6F01016F,
	0x016F6F6F,0x6F6F6F6F,0x6F6F6F6F,0x6F6F016F,0x6F6F6F6F,0x6F016F6F,0x6F6F0101,0x6F6F6F01,
	0x6F6F6F6F,0x6F6F6F6F,0x6F01016F,0x016F6F6F,0x6F01016F,0x6F6F6F01,0x6F6F6F6F,0x5F5F226F,
	0x416D6944,0x6B426A43,0x504C4E5A,0x494E4B49,0x4F444751,0x48505553,0x4F4C4C4F,0x6F01013A,
	0x37066F6F,0x6D6D5D1B,0x6A50446D,0x696D6D46,0x6D6D6A61,0x5A1F6A6D,0x6D6D6D4F,0x696D6D6D,
	0x6D6D6D4A,0x6D6D6D6D,0x55656D6D,0x6D6E436D,0x6F216C5B,0x6D6D6D5A,0x516D6C4E,0x3A3B676D,

	0x6C635249,0x6D6D6D6D,0x474F5868,0x2B25323C,0x616A5A47,0x6F15304E,0x6F016F6F,0x280C016F,
	0x6B665A41,0x2F6D5E5E,0x522E312A,0x6F01112E,0x396F6F01,0x352A4951,0x406A5730,0x67126548,
	0x44496D6D,0x39613E4A,0x5F6F0104,0x3C225C4C,0x6D504A4D,0x5049514B,0x6F01234C,0x6F6F6F6F,
	0x6F01016F,0x6F6F6F6F,0x6F6F6F6F,0x6F6F6F6F,0x6F6F016F,0x6F6F0101,0x6F6F016F,0x6F6F6F6F,
	0x6F6F6F6F,0x6F6F6F01,0x6F6F6F6F,0x6F6F016F,0x6F6F6F01,0x6F6F016F,0x6F016F6F,0x3E61226F,
	0x3F6B6D6A,0x6A426B3F,0x4B465169,0x494F4C50,0x45474C4B,0x4A564A57,0x484C4650,0x01010137,
	0x06066F6F,0x6D6D6D40,0x6C48456D,0x6D6D6D48,0x6D6D6D6D,0x2C13606D,0x6D6D6D30,0x696D6D6D,
	0x6D6D6D4A,0x6D6D6D6D,0x4F646D6D,0x6D6D436D,0x0B226C50,0x6D6D6D66,0x4D323437,0x394C6D6D,

	0x4654646C,0x6A5C4C45,0x6D6D6D6D,0x3D435667,0x34352F2C,0x59655E50,0x0104253C,0x6F016F6F,
	0x3521096F,0x326B5056,0x61223D38,0x2846676D,0x4F6F0106,0x32696D6B,0x2D292C55,0x6A305250,
	0x32486D6D,0x293F2E32,0x366F0109,0x381F3C2C,0x5F404446,0x50484A3D,0x01012346,0x6F6F6F6F,
	0x6F6F6F6F,0x6F6F6F6F,0x6F6F0101,0x6F6F6F6F,0x6F6F016F,0x6F6F6F01,0x6F6F016F,0x6F016F6F,
	0x6F6F6F01,0x01016F01,0x6F6F6F01,0x6F6F6F01,0x6F6F6F6F,0x6F6F016F,0x6F01016F,0x4E602301,
	0x28626C6D,0x512D5A3D,0x3534404A,0x2F31343C,0x2B343B33,0x33373330,0x38382F37,0x6F6F6F2B,
	0x286F6F6F,0x6D6D6D6A,0x6C42456D,0x6D6D6D4A,0x6D6D6D6D,0x5F374C6D,0x6D6D6D44,0x696D6D6D,
	0x6D6D6D4A,0x6D6D6D6D,0x4D666D6D,0x6D6D436D,0x0E226D50,0x6D6D6D68,0x5A6A5939,0x3A676D6D,

	0x6D6C6357,0x4F5B6A6D,0x5C584F4C,0x6D6D6C65,0x38515969,0x3D303425,0x30226153,0x6F041B34,
	0x6F6F016F,0x2231180A,0x2D1F4F3D,0x6C6D6B50,0x05144361,0x2F6C6A30,0x5D675D6D,0x6D6D5160,
	0x3F486D6D,0x365C3D43,0x5C6F6F28,0x3D224F41,0x2A363C46,0x51463D19,0x6F6F234F,0x6F6F6F6F,
	0x6F6F016F,0x6F6F6F01,0x016F6F01,0x6F6F6F6F,0x6F016F6F,0x6F6F6F6F,0x6F6F6F6F,0x6F6F0101,
	0x6F6F016F,0x6F6F6F6F,0x6F6F0101,0x6F6F6F6F,0x6F6F6F6F,0x6F6F6F6F,0x6F6F6F6F,0x575E2201,
	0x6F3A6B6D,0x3D453614,0x3C443C3B,0x3D41423C,0x40433F40,0x3A43473E,0x50423B44,0x6F016F30,
	0x5F13016F,0x6D6D6D6D,0x6540456D,0x6D6D6D4B,0x6D6D6D6D,0x3B2F366D,0x6D6D6D3C,0x696D6D6D,
	0x6D6D6D4A,0x6D6D6D6D,0x52646D6D,0x6D6D436D,0x1C1E6457,0x585A4F47,0x545A5A4B,0x445A5A5A,

	0x32210A01,0x6C655B3F,0x58676C6D,0x5D492A43,0x6D6D6D6A,0x30435B69,0x4A23121F,0x445D6359,
	0x01010F27,0x0101016F,0x131B1919,0x6C5D2F1E,0x225B6D6D,0x2A6D3D01,0x3E575757,0x57573D6B,
	0x32385757,0x3A4B3433,0x4F6F6F24,0x30213D3F,0x6D68433D,0x4D524834,0x6F6F254F,0x6F6F0101,
	0x01016F6F,0x6F6F6F6F,0x6F6F6F6F,0x6F6F6F6F,0x016F6F6F,0x6F6F6F01,0x6F016F6F,0x6F6F6F6F,
	0x6F01016F,0x6F6F6F01,0x6F6F6F6F,0x6F01016F,0x6F6F6F6F,0x6F6F6F01,0x6F6F6F6F,0x595A206F,
	0x6F3A6C6D,0x4348420B,0x3F404944,0x48474341,0x494D464D,0x424C434D,0x4E4C5043,0x1C076F3A,
	0x6D654C34,0x6D6D6D6D,0x5A44506D,0x6D6D6D66,0x6D6D6D6D,0x3E35236D,0x6D6D6D3C,0x696D6D6D,
	0x6D6D6D4A,0x6D6D6D6D,0x54646D6D,0x4E6B436D,0x6561544F,0x57574230,0x5E5A5857,0x49656361,

	0x2034475A,0x230C6F10,0x655C4734,0x5C37526C,0x5546464C,0x6D6D6C65,0x454F5668,0x443B3C29,
	0x38545F60,0x6F6F041D,0x6F016F6F,0x351F140B,0x50666961,0x2A6D376F,0x3B5D5D5D,0x5D5D4969,
	0x5D5D5D5D,0x5D5E5D5D,0x5D5D5D5D,0x5D5D5D5D,0x6D5A2E3C,0x45504C3B,0x6F6F224D,0x0101016F,
	0x6F6F6F6F,0x6F6F6F01,0x6F6F0101,0x6F6F6F6F,0x016F6F6F,0x6F6F0101,0x6F6F6F6F,0x6F6F6F6F,
	0x6F6F016F,0x016F6F6F,0x016F6F6F,0x6F016F6F,0x6F6F6F6F,0x6F01016F,0x6F6F6F6F,0x5A5A226F,
	0x6F356B6D,0x504E410C,0x4049544F,0x4C434844,0x464F4F4F,0x47484A4F,0x4C4A4F4F,0x6A5C3C36,
	0x6D6D6D6D,0x6D6D6D6D,0x6D6D6D6D,0x6D6D6D6D,0x6D6D6D6D,0x5D5A2068,0x6D6D6D4A,0x696D6D6D,
	0x6D6D6D4A,0x6D6D6D6D,0x54686D6D,0x4F4A436D,0x0C254D4F,0x5D394544,0x485A4B3C,0x435D5D5D,

	0x6D6D6D6D,0x36495C68,0x106F1525,0x5D362B27,0x626B6D68,0x4D444651,0x6D6A625D,0x3B4E5C69,
	0x44352624,0x30445C58,0x6F6F6F19,0x106F6F6F,0x434F391B,0x2D6D336F,0x4C6C6D6D,0x6D6D615B,
	0x6D6D6D6D,0x6D6D6D6D,0x6B696B6D,0x6D6D6D6D,0x4C465B46,0x48484C42,0x6F6F2242,0x6F6F0101,
	0x016F6F01,0x6F6F6F01,0x01016F6F,0x016F016F,0x6F6F6F01,0x016F6F6F,0x01016F6F,0x6F016F01,
	0x6F6F6F6F,0x6F6F6F6F,0x6F6F6F01,0x6F6F6F6F,0x6F016F01,0x6F6F6F6F,0x6F6F0101,0x585B236F,
	0x01346A6D,0x69625F10,0x4A586464,0x4E474444,0x50454C46,0x4F52464D,0x50474F49,0x6D6D6636,
	0x6D6D6D6D,0x6D6D6D6D,0x6D6D6D6D,0x6D6D6D6D,0x6D6D6D6D,0x292A1958,0x6D6D6D30,0x696D6D6D,
	0x6D6D6D4A,0x6D6D6D6D,0x54696D6D,0x6A3B436D,0x6F226C6B,0x6D425252,0x556D6C53,0x536D6D6D,

	0x685C4C3D,0x6D6D6D6B,0x4F60696D,0x0825243C,0x49362414,0x696D695D,0x3D354A5C,0x6D6C6558,
	0x31405A69,0x4A2D2C22,0x2A223D5A,0x016F0111,0x161A0B01,0x2D6D3804,0x55696D6D,0x6D6D6A4F,
	0x6D6D6D6D,0x6D6D6D6D,0x2C28265B,0x6D6D6D66,0x4F585A46,0x44473C27,0x6F6F244A,0x6F6F6F6F,
	0x6F6F016F,0x016F6F6F,0x6F6F6F6F,0x016F016F,0x6F6F6F01,0x6F6F6F6F,0x6F6F0101,0x6F016F6F,
	0x01016F6F,0x6F01016F,0x6F6F6F01,0x6F6F016F,0x6F6F6F6F,0x0101016F,0x6F6F016F,0x58522301,
	0x6F336A6D,0x69695F10,0x50626965,0x56484F4B,0x4D444F45,0x43514A4A,0x4B455250,0x6D6D6634,
	0x6D6D6D6D,0x6D6D6D6D,0x6D6D6D6D,0x6D6D6D6D,0x696D6D6D,0x5C5C3C38,0x6D6D6D4D,0x696D6D6D,
	0x6D6D6D4A,0x6D6D6D6D,0x53666D6D,0x6D39436D,0x6F236D6D,0x6D435552,0x4E4E5844,0x586D6D6C,

	0x14056F6F,0x513D2D1E,0x6D6C6761,0x633E596D,0x15293C52,0x3A29140A,0x1667614B,0x48445063,
	0x6C6B614F,0x2F425C6A,0x3D291E19,0x19263E4B,0x0E030310,0x2E6D3701,0x645A6D6D,0x6D6D6D49,
	0x424B5D6D,0x6D6D6D6A,0x2A01203A,0x6D6D6D3C,0x57525746,0x44463844,0x016F1F4B,0x01016F6F,
	0x6F6F016F,0x6F6F016F,0x6F6F0101,0x016F016F,0x6F6F6F01,0x6F6F6F01,0x016F6F6F,0x6F016F01,
	0x6F6F6F6F,0x6F6F0101,0x6F6F6F6F,0x6F6F6F6F,0x6F6F6F01,0x6F6F6F6F,0x6F6F6F6F,0x59542301,
	0x01316B6D,0x69665D0F,0x58696A66,0x4A464D51,0x454A4F4F,0x444F4450,0x4443483F,0x6D6D6636,
	0x6D6D6D6D,0x6D6D6D6D,0x6D6D6D6D,0x6D6D6D6D,0x2A366D6D,0x3F3D3803,0x6D6D6D3C,0x696D6D6D,
	0x6D6D6D4A,0x6D6D6D6D,0x4D646D6D,0x6B33436D,0x6F236C6D,0x6C435A53,0x45443C2F,0x5A6D6D6B,

	0x6F6F016F,0x016F6F01,0x34271406,0x6A3A393F,0x6A6D6D6C,0x2A3D5361,0x0C180E19,0x6A614F3D,
	0x424E5A68,0x6D69523D,0x364B5B6A,0x2E25272A,0x072C2C2F,0x346D3B03,0x6B536D6D,0x6D6D6D4F,
	0x3C6C595A,0x6D6D6D64,0x0C6F1C36,0x6D6D6D36,0x4D585146,0x4B503249,0x6F011F52,0x6F6F6F01,
	0x016F6F6F,0x016F6F6F,0x6F010101,0x6F6F016F,0x016F6F6F,0x6F6F6F01,0x6F6F6F6F,0x6F6F6F6F,
	0x6F6F6F6F,0x6F6F016F,0x6F6F6F6F,0x6F6F016F,0x016F6F6F,0x6F6F6F6F,0x6F01016F,0x5A53226F,
	0x6F346C6D,0x69645F0A,0x67696968,0x4B434252,0x44474A4F,0x4F474E4A,0x4D435246,0x6D6D6639,
	0x6D6D6D6D,0x6D6D6D6D,0x6D6D6D6D,0x6D6D6D6D,0x4A426B6D,0x3C3A3B0E,0x6D6D6D35,0x696D6D6D,
	0x6D6D6D4B,0x6D6D6D6D,0x53666D6D,0x6A2A436D,0x01236D6D,0x6D445152,0x546D6C3E,0x5A6D6D6C,

	0x6F6F6F01,0x6F6F0101,0x04016F6F,0x1A050303,0x59443428,0x6D6D6A61,0x0E53636B,0x1D0A1F30,
	0x62513D2A,0x47441F6A,0x6B635346,0x3C4F5E6B,0x142C2627,0x366D6426,0x65556D6D,0x506B6D57,
	0x2C406A61,0x6D6D6D6A,0x25242256,0x6D6D6D5D,0x49552346,0x4E51394F,0x6F6F1D4D,0x6F016F6F,
	0x6F6F6F6F,0x6F6F6F6F,0x6F01016F,0x016F016F,0x6F6F6F6F,0x6F6F0101,0x6F016F01,0x6F6F6F6F,
	0x016F016F,0x016F6F6F,0x01016F6F,0x6F6F6F6F,0x01016F6F,0x6F6F6F6F,0x6F016F6F,0x5A53226F,
	0x6F356C6D,0x6A695F05,0x696A6969,0x4B46445F,0x4642464C,0x494A5A50,0x4F504B51,0x6D6D6634,
	0x6B6D6D6D,0x6D6D6D6A,0x6C6D6D6D,0x5A585B65,0x563E4557,0x5D5C5721,0x6D6D6D50,0x696D6D6D,
	0x6D6D6D4A,0x6D6D6D6D,0x576A6D6D,0x652A436D,0x01236D61,0x6D475552,0x5A6D6C4A,0x5A6D6D6D,

	0x6F6F6F6F,0x6F6F6F6F,0x016F6F6F,0x6F6F0101,0x6F6F6F6F,0x35271A0B,0x1A615947,0x53636C6C,
	0x0F203241,0x573D0A1E,0x4C586461,0x685A3F3C,0x59335D6A,0x35696D69,0x54526B6D,0x684A6867,
	0x6A493D66,0x6D6D6D6D,0x665B616D,0x6D6D6D6D,0x32522046,0x5748353B,0x6F6F1A55,0x6F6F016F,
	0x6F6F6F01,0x6F01016F,0x016F6F6F,0x6F6F6F6F,0x016F6F6F,0x016F6F01,0x6F6F6F6F,0x6F01016F,
	0x016F6F6F,0x6F6F6F6F,0x016F6F6F,0x016F6F6F,0x6F6F016F,0x6F016F6F,0x6F6F6F01,0x5A522301,
	0x6F366B6D,0x696A5E04,0x6A6A6A68,0x53504F6A,0x51434350,0x444E5056,0x4F4B4D47,0x6D6D6639,
	0x2E5C6D6D,0x5C676C44,0x4E4F4D50,0x5A58554F,0x493D3E5F,0x362C2317,0x6D6D6D3C,0x696D6D6D,
	0x6D616C4A,0x6D6D6D6D,0x55686D6D,0x4F2E436D,0x01216A44,0x60475745,0x4E605F4A,0x50606060,

	0x6F6F6F01,0x6F6F6F01,0x6F016F6F,0x6F6F6F6F,0x6F6F6F6F,0x6F6F6F6F,0x090B026F,0x5A4C3A27,
	0x696C6B65,0x24301F5C,0x3F2E2212,0x4C4F2356,0x4F354243,0x402C5A5B,0x4A684A69,0x5C6A4F60,
	0x6D6A503C,0x6D6D6D6D,0x6D6D6D6D,0x6D6D6D6D,0x364A1F46,0x5049322C,0x01011E48,0x6F6F6F6F,
	0x6F6F6F6F,0x6F016F6F,0x01016F6F,0x016F016F,0x016F6F6F,0x6F6F6F6F,0x6F6F6F6F,0x6F6F016F,
	0x6F6F6F6F,0x6F6F6F6F,0x6F016F01,0x016F0101,0x016F6F01,0x6F010101,0x6F6F6F6F,0x58522301,
	0x6F386B6D,0x6968600B,0x68696866,0x4D4C6669,0x4F474A4F,0x474F4D45,0x49484F4F,0x6D6D663B,
	0x3D44616A,0x4442433D,0x5356504D,0x52434F51,0x35415735,0x44444429,0x6D6D6D38,0x696D6D6D,
	0x6D6D6D4A,0x6D6D6D6D,0x4F666D6D,0x3737436D,0x45404338,0x4C514230,0x413E3C41,0x3644383C,

	0x28313C48,0x030A1118,0x6F6F6F6F,0x6F6F016F,0x6F016F6F,0x6F6F6F6F,0x6F6F6F6F,0x04016F6F,
	0x3C2C1F0A,0x6A61204D,0x36485B69,0x30190A23,0x535C4E3E,0x36414F55,0x314F685C,0x3D4F6C54,
	0x6D6D6C5D,0x6D6D6D6D,0x49363F69,0x6D6D6D6C,0x344B1D46,0x4A55342A,0x016F1F44,0x6F6F6F6F,
	0x6F6F6F6F,0x6F6F6F01,0x6F6F6F6F,0x6F6F6F6F,0x6F6F6F6F,0x6F6F016F,0x016F6F01,0x6F6F6F6F,
	0x6F6F6F6F,0x6F016F6F,0x6F6F016F,0x6F6F6F6F,0x016F6F6F,0x6F6F6F6F,0x6F6F6F6F,0x564E216F,
	0x6F3A6A6D,0x6A695F0E,0x6A6A696A,0x445C696A,0x4E4F4F45,0x514A4E49,0x4B4D4F50,0x484C412D,
	0x4B4B3D3B,0x4C4A484A,0x4F304E4F,0x65356A38,0x213E5A43,0x5A575A36,0x6D6D6D4C,0x696D6D6D,
	0x6D6D6D4A,0x6D6D6D6D,0x56686D6D,0x513C416D,0x3C4D4444,0x3B3B3A22,0x393C3C3D,0x3E343D3D,

	0x6B6D6D6D,0x5A616958,0x2D39434E,0x050F1724,0x016F6F6F,0x6F6F6F6F,0x6F6F6F01,0x016F016F,
	0x6F6F6F01,0x22136F03,0x5A4F4029,0x4E5B2D69,0x201C283A,0x3D59333A,0x5B252D3A,0x683D3F6A,
	0x6D6D6D6D,0x6D6D6D6D,0x250F1F3A,0x6D6D6D4B,0x2C4F1746,0x4949332A,0x6F6F254D,0x6F6F6F01,
	0x6F6F6F6F,0x6F6F6F01,0x6F6F6F6F,0x016F6F6F,0x6F6F6F6F,0x6F6F0101,0x01016F6F,0x6F6F6F6F,
	0x6F6F6F01,0x6F6F6F01,0x6F6F6F6F,0x016F0101,0x016F6F6F,0x6F016F01,0x6F6F6F6F,0x594F2001,
	0x6F3A6B6C,0x6A69610F,0x696A6969,0x4E63696A,0x4F50474A,0x38444449,0x2625373A,0x41483F33,
	0x3636433E,0x3D573841,0x67455E56,0x65366B43,0x16365A43,0x2C2D2D26,0x6D6D6D31,0x696D6D6D,
	0x6D6D6D4A,0x6D6D6D6D,0x56686D6D,0x64533B6D,0x6C6D6D6B,0x6D6D6D42,0x6D6D6D6D,0x556D6D6D,

	0x6A6D6D6D,0x6D6D6D5A,0x6D6D6D6D,0x5D656A6C,0x323D4853,0x07151F27,0x6F6F6F6F,0x6F6F6F6F,
	0x6F6F0101,0x6F6F016F,0x046F6F6F,0x3B2B1515,0x61625D51,0x425A5061,0x636C6661,0x6D6A423D,
	0x6D6D6D6D,0x6D6D6D6D,0x1D0D1C26,0x6D6D6D36,0x2A4B1046,0x4D50362F,0x016F214C,0x6F01016F,
	0x016F6F6F,0x6F6F6F6F,0x6F6F6F6F,0x6F6F016F,0x6F6F016F,0x6F6F6F6F,0x6F6F0101,0x016F6F01,
	0x6F6F6F6F,0x6F6F6F6F,0x6F01016F,0x016F6F6F,0x6F01016F,0x6F6F6F01,0x6F6F6F01,0x5950206F,
	0x6F3C6B6D,0x6A696511,0x696A6869,0x5D676869,0x3D3A3642,0x3B3C3824,0x3A3C3C44,0x3D533B30,
	0x3C23612C,0x3D5D424D,0x653F5E55,0x65366A43,0x27245A43,0x605C5E3A,0x6D6D6D4F,0x696D6D6D,
	0x6D6D6D4A,0x6D6D6D6D,0x54696D6D,0x68613B6D,0x47505B61,0x36363626,0x36363636,0x3C363636,

	0x6A6D6D6D,0x6D6D6D56,0x5C575D6A,0x6D6D6D6A,0x6D6D6D6D,0x4B696B6D,0x36414F5A,0x0B19222C,
	0x6F6F0102,0x6F6F6F6F,0x01016F6F,0x6F6F0101,0x2112036F,0x344A3C44,0x363F4746,0x616D6A56,
	0x6B505057,0x6D6D6D6D,0x22212A3C,0x6D6D6D4E,0x2A461545,0x4A4E3629,0x6F6F2650,0x6F6F6F01,
	0x6F01016F,0x6F6F6F6F,0x6F6F6F6F,0x6F6F6F6F,0x6F6F016F,0x016F016F,0x6F6F016F,0x6F6F6F6F,
	0x6F6F6F6F,0x6F6F0101,0x6F6F6F6F,0x6F6F016F,0x6F6F6F6F,0x6F6F016F,0x6F016F6F,0x5A51206F,
	0x6F356B6C,0x6A696813,0x696A6869,0x35426A6A,0x3D2D3F33,0x2C34343C,0x3D343328,0x44643A1B,
	0x3B1E613C,0x3D5E434B,0x65365E50,0x65366941,0x2C235943,0x4B443B28,0x6D6D6D44,0x696D6D6D,
	0x6D6D6D4A,0x6D6D6D6D,0x556A6D6D,0x3D59406D,0x0B013D50,0x4F51514D,0x6F6F6F14,0x58036F01,

	0x696D6D6D,0x6D6D6D53,0x61696B6D,0x6D6D6D69,0x6D6D6D6D,0x556D6D6D,0x6D6D6D6D,0x656A6B6D,
	0x3A48575D,0x101E262A,0x6F010309,0x6F6F6F6F,0x1E6F6F6F,0x2A38443C,0x5A52433A,0x246B6D6D,
	0x6A1B181F,0x6D6D6D6D,0x4638426A,0x6D6D6D6B,0x2C411A46,0x4B463828,0x6F6F224F,0x6F6F6F6F,
	0x6F016F6F,0x6F016F6F,0x6F6F0101,0x6F6F6F6F,0x6F6F016F,0x6F6F6F01,0x6F6F016F,0x6F016F01,
	0x6F6F6F01,0x016F6F01,0x6F6F6F01,0x6F6F6F01,0x6F6F6F6F,0x6F6F016F,0x6F01016F,0x57251801,
	0x012D6A6C,0x3B3E4F12,0x696A6A62,0x24326669,0x3321252C,0x2F35343A,0x3E3F372F,0x445B301A,
	0x3C1E613C,0x3D5D424B,0x542D5C50,0x362F3C32,0x25225532,0x2F2F2F21,0x6D6D6D34,0x696D6D6D,
	0x6D6D6D4A,0x6D6D6D6D,0x59686D6D,0x616D436D,0x0F0D626D,0x5F6D6D68,0x6F016F06,0x69136F01,

	0x6A6D6D6D,0x6D6D6D5A,0x6D6D6D6D,0x6D6D6D6D,0x6D6D6D6D,0x526D6D6D,0x6D6D6D6D,0x6D6D6D6D,
	0x6D6D6D6D,0x656A665A,0x3C49585F,0x161A2631,0x306F010B,0x68666863,0x6D6C6667,0x356B6D6D,
	0x6138191D,0x6D6D5A5C,0x6D6D6D6D,0x6D6D6D6D,0x31421D45,0x4C4B342E,0x6F01294C,0x6F6F6F6F,
	0x016F6F6F,0x016F6F01,0x016F016F,0x016F6F01,0x6F016F6F,0x6F016F6F,0x016F6F01,0x6F6F6F01,
	0x6F6F016F,0x6F6F6F6F,0x6F6F6F01,0x016F0101,0x6F6F6F6F,0x6F6F6F6F,0x016F016F,0x59341A6F,
	0x0D1F696D,0x241E6F18,0x696A6A68,0x24436569,0x2D2F3438,0x2C343433,0x353F3328,0x40502810,
	0x2F234A32,0x33362E3C,0x443B3434,0x3C3F4549,0x3C1A3036,0x40403C28,0x6A6A6D34,0x696D6D6D,
	0x6D6D6D4A,0x6D6D6D6D,0x58656D6D,0x5D6D436D,0x121F554F,0x456D6D69,0x016F6F6F,0x6D2B0101,

	0x6A6D6D6D,0x6D6D6D5A,0x6D6D6D6D,0x6D6D6D6D,0x6D6D6D6D,0x506D6D6D,0x6D6D6D6D,0x6D6D6D6D,
	0x6D6D6D6D,0x6D6D655A,0x6D6D6D6D,0x5B4F6B6D,0x44454E5A,0x6D6D6D6D,0x6D6D6D6D,0x16616D6D,
	0x46170301,0x6D6D4446,0x644F606D,0x6D6D6D6D,0x2A452145,0x5048332C,0x6F6F234C,0x6F6F016F,
	0x01016F6F,0x6F6F6F6F,0x6F6F6F6F,0x6F6F6F6F,0x6F6F6F6F,0x6F6F6F6F,0x6F016F6F,0x6F6F6F6F,
	0x6F01016F,0x6F6F6F6F,0x6F6F6F6F,0x6F016F6F,0x6F6F6F6F,0x6F6F6F01,0x6F6F6F6F,0x5950236F,
	0x1712686D,0x3926250A,0x6A6A6969,0x243D666A,0x2C30362C,0x242A2A27,0x28292820,0x30302A20,
	0x332F3B36,0x3D3B3C3B,0x4C4B4448,0x6A615D58,0x5C253C6A,0x6A696A6A,0x6D6D6D5A,0x696D6D6D,
	0x6D6D6D4A,0x6D6D6D6D,0x566A6D6D,0x496A436D,0x0E063A43,0x2C6D6D68,0x6F6F016F,0x6D436F6F,

	0x6A6D6D6D,0x6D6D6D58,0x6D6D6D6D,0x6D6D6D6D,0x6D6D6D6D,0x4F6D6D6D,0x6D6D6D6D,0x6D6D6D6D,
	0x6D6D6D6D,0x6D6D635A,0x6D6D6D6D,0x53506D6D,0x45585A5C,0x353D3D51,0x61606060,0x1E506060,
	0x371C060D,0x5F61292F,0x15180E4E,0x69615A43,0x354F2245,0x4953342B,0x6F6F1F4F,0x6F6F016F,
	0x6F6F6F6F,0x6F6F6F6F,0x6F6F0101,0x6F01016F,0x016F6F6F,0x6F6F6F01,0x6F6F6F6F,0x6F6F6F6F,
	0x6F6F016F,0x6F6F016F,0x016F6F6F,0x6F016F6F,0x6F6F6F6F,0x6F010101,0x6F6F6F6F,0x5A4F236F,
	0x03166A6D,0x33272604,0x696A696A,0x1E2C696A,0x26262018,0x2D312627,0x3E36342E,0x4F4A4442,
	0x65615B50,0x6D6D6D6A,0x6D6D6D6D,0x6D6D6D6D,0x4639296B,0x5A565858,0x6D6D6D4D,0x696D6D6D,
	0x6D6D6D4A,0x6D6D6D6D,0x57696D6D,0x496A436D,0x100A3C43,0x15696D69,0x01016F6F,0x6D5C036F,

	0x696D6D6D,0x6D6D6D55,0x3D6D6D6D,0x494F4F48,0x6D6D544C,0x4B6D6D6D,0x6D6D6D6D,0x6D6D6D6D,
	0x6D6D6D6D,0x6D6D6159,0x6D6D6D6D,0x32516D6D,0x34373636,0x21362531,0x22383B24,0x2B262738,
	0x1D2C292E,0x362E2B2B,0x24280B2A,0x25182813,0x434B4411,0x5450312C,0x6F6F1D52,0x016F0101,
	0x016F6F01,0x6F6F6F01,0x016F6F6F,0x016F6F6F,0x6F6F6F01,0x016F6F6F,0x01016F6F,0x6F016F01,
	0x6F6F6F6F,0x6F6F6F6F,0x6F6F6F01,0x6F6F6F6F,0x6F016F01,0x6F016F6F,0x6F6F6F01,0x49482201,
	0x0C114758,0x23141E0C,0x58504442,0x241D4050,0x4D40280D,0x6660564F,0x6D6D6B69,0x6D6D6D6D,
	0x6D6D6D6D,0x6D6D6D6D,0x6D6D6D6D,0x6D6D6D6D,0x5242296B,0x5C5C5C5C,0x6D6D6D4F,0x696D6D6D,
	0x6D6D6D4A,0x6D6D6D6D,0x57696D6D,0x436A436D,0x1006444B,0x6F586D69,0x6F6F6F6F,0x6D6A1B6F,

	0x666D6D6D,0x6D6D6D52,0x486D6D6D,0x6A6A6A6A,0x6D6C526A,0x476D6D6D,0x6D6D6D6D,0x6D6D6D6D,
	0x6D6D6D6D,0x6D6D6058,0x6D6D6D6D,0x5A516D6D,0x5362666A,0x2D503443,0x313E423D,0x215C6D6D,
	0x3D200D2E,0x5C6D483D,0x196F1B0B,0x6F256D3C,0x505A5904,0x55463A4C,0x6F6F194F,0x6F6F6F6F,
	0x6F6F016F,0x01016F6F,0x6F6F6F6F,0x016F016F,0x6F6F6F01,0x6F6F6F6F,0x6F016F01,0x6F016F6F,
	0x01016F6F,0x03030403,0x01010203,0x6F6F0101,0x6F6F0C0C,0x6F01016F,0x016F016F,0x200D1701,
	0x0C2E6A1B,0x2224240D,0x2C34474F,0x5B292A34,0x6D6D3A6F,0x6D6D6D6D,0x6D6D6D6D,0x6D6D6D6D,
	0x6D6D6D6D,0x6D6D6D6D,0x6D6D6D6D,0x6D6D6D6D,0x1F1B1F6A,0x332F2C26,0x6D6D6D3A,0x696D6D6D,
	0x6D6D6D4A,0x6D6D6D6D,0x58666D6D,0x576D436D,0x0F05423A,0x6F3C6D68,0x6F016F6F,0x6D6D326F,

	0x626D6D6D,0x6D6D6D4F,0x386D6D6D,0x2C282A2D,0x6D6C2332,0x456D6D6D,0x6D6D6D6D,0x6D6D6D6D,
	0x6D6D6D6D,0x6D6D5E58,0x6D6D6D6D,0x45516D6D,0x2A404F50,0x202C1A2A,0x2237382F,0x1F384343,
	0x2A1F6F23,0x38432E2A,0x1F231E21,0x6F1C4234,0x4D555E05,0x4C493748,0x016F1D52,0x016F6F6F,
	0x6F6F016F,0x6F6F016F,0x6F6F0101,0x016F016F,0x6F6F6F01,0x6F6F6F6F,0x016F6F6F,0x6F016F01,
	0x6F6F6F6F,0x2E2C2C0F,0x2D2D2D2E,0x222E2D2D,0x36364343,0x30323435,0x36363533,0x261A4436,
	0x49426E1C,0x434B5344,0x47494D2D,0x556F4F4F,0x6D6D326F,0x6D6D6D6D,0x6D6D6D6D,0x6D6D6D6D,
	0x6D6D6D6D,0x6D6D6D6D,0x6D6D6D6D,0x6D6D6D6D,0x61502F6A,0x6D6D6D6D,0x6D6D6D5A,0x696D6D6D,
	0x6D6D6D4A,0x6D6D6D6D,0x59686D6D,0x6A6D436D,0x100D3946,0x6F246C69,0x6F6F6F6F,0x6D6D4B6F,

	0x5D6D6D6D,0x6D6D6D47,0x256D6D6D,0x3C463D33,0x6D6C2355,0x446D6D6D,0x6D6D6D6D,0x6D6D6D6D,
	0x6D6D6D6D,0x6D6D5E58,0x6D6D6D6D,0x5C516D6D,0x49636462,0x2D44214A,0x2F424C4F,0x245C6D6D,
	0x3D2A173F,0x5C6D483D,0x6A686A59,0x6F256D6D,0x51585D0A,0x52473C4D,0x6F01204D,0x6F016F6F,
	0x016F6F6F,0x016F6F6F,0x6F01016F,0x6F6F016F,0x016F6F6F,0x6F6F6F01,0x6F6F6F6F,0x6F6F6F6F,
	0x6F6F6F6F,0x3636360F,0x37373737,0x34423636,0x4A44382D,0x473D2D44,0x4C494343,0x25134A4C,
	0x27426D1C,0x38213736,0x21212324,0x540E3421,0x6D6D2C6F,0x6D6D6D6D,0x6A6C6D6D,0x6A6A6C6A,
	0x62636769,0x5E606161,0x4F555A5C,0x4A4C4E4F,0x3C261C45,0x3D363F43,0x6D6D6D49,0x696D6D6D,
	0x6D6D6D4B,0x6D6D6D6D,0x5A696D6D,0x6D6D436D,0x0F053A5E,0x6F0A6368,0x016F6F6F,0x6D6D6107,

	0x616D6D6D,0x6D6D6D47,0x216D6D6D,0x3A424239,0x6D6C2264,0x436D6D6D,0x6D6D6D6D,0x6D6D6D6D,
	0x6D6D6D6D,0x6D6D5D58,0x6D6D6D6D,0x5D516D6D,0x4F61615F,0x2D583445,0x2F50594E,0x265C6D6D,
	0x3D2B2C4A,0x5C6D483D,0x6D6D6D59,0x6F256D6D,0x51595A11,0x4B4F4954,0x6F6F234E,0x6F016F01,
	0x6F6F6F6F,0x6F6F6F6F,0x6F010101,0x016F016F,0x6F6F6F6F,0x6F6F016F,0x6F6F6F01,0x6F6F6F6F,
	0x016F016F,0x04050704,0x02030304,0x6F6F6F01,0x6F6F6F6F,0x6F6F6F6F,0x6F6F6F6F,0x251F056F,
	0x04173625,0x1303016F,0x282A2A2C,0x2A010E22,0x2E321C01,0x1E24292C,0x191B1C1D,0x16191B17,
	0x060A1114,0x6F6F6F04,0x036F6F6F,0x03040504,0x36180303,0x57595450,0x6D6D6D44,0x696D6D6D,
	0x6D6D6D4A,0x6D6D6D6D,0x5A6A6D6D,0x6D6D436D,0x10063B69,0x6F014E69,0x6F6F6F6F,0x6D6D6B21,

	0x656D6D6D,0x6D6D6D4E,0x206D6D6D,0x4043423A,0x6D6C206B,0x436D6D6D,0x6D6D6D6D,0x6D6D6D6D,
	0x6D6D6D6D,0x6D6D5D58,0x6D6D6D6D,0x3C516D6D,0x42424242,0x40424141,0x40424242,0x3F424343,
	0x413E3F42,0x42434241,0x43434342,0x3A344343,0x575A5D39,0x504C4146,0x6F6F2451,0x6F6F016F,
	0x6F6F6F01,0x6F016F6F,0x6F6F6F6F,0x6F6F6F6F,0x016F6F6F,0x016F6F01,0x6F6F6F6F,0x6F016F6F,
	0x016F6F6F,0x6F016F6F,0x6F6F6F6F,0x016F6F6F,0x016F6F6F,0x6F016F6F,0x6F6F6F01,0x564C1E01,
	0x6F1D616B,0x6F01016F,0x6F6F016F,0x6F6F6F6F,0x6F6F016F,0x6F016F6F,0x6F016F01,0x6F016F6F,
	0x6F6F6F6F,0x6F016F6F,0x6F6F6F6F,0x6F6F6F01,0x036F6F01,0x6D6C5420,0x6D6D6D5A,0x696D6D6D,
	0x6D6D6D4A,0x6D6D6D6D,0x5A696D6D,0x6D6D446D,0x070A506D,0x6F6F2027,0x6F6F6F6F,0x6D6D6D37,

	0x686D6D6D,0x6D6D6D51,0x1F6E6D6D,0x663C3C3B,0x6D6B1E6D,0x436D6D6D,0x6D6D6D6D,0x6D6D6D6D,
	0x6D6D6D6D,0x6D6D5D58,0x6D6D6D6D,0x61506D6D,0x6D6D6D6D,0x6D6D6D6D,0x6D6D6D6D,0x6D6D6D6D,
	0x6D6D6D6D,0x6D6D6D6D,0x6D6D6D6D,0x664F6D6D,0x4C575B61,0x4E553A4C,0x01012855,0x6F016F6F,
	0x6F6F6F6F,0x6F016F6F,0x01016F6F,0x016F016F,0x016F6F6F,0x016F6F6F,0x6F6F6F01,0x6F01016F,
	0x6F016F6F,0x6F6F6F6F,0x01016F01,0x016F0101,0x01010101,0x6F010101,0x6F6F6F6F,0x58502001,
	0x6F2A696C,0x6F6F6F6F,0x6F6F6F6F,0x6F6F6F01,0x6F010101,0x6F6F016F,0x6F6F6F6F,0x016F6F6F,
	0x6F6F6F01,0x6F6F6F6F,0x6F6F6F01,0x6F6F0101,0x6F01016F,0x5527046F,0x6D6D6D58,0x696D6D6D,
	0x6D6D6D4A,0x6D6D6D6D,0x5A676D6D,0x6D6D466D,0x01115C6D,0x6F6F6F6F,0x6F6F6F01,0x6D6D6D51,

	0x6A6D6D6D,0x6D6D6D54,0x1F6D6D6D,0x6B44473A,0x6D6B216D,0x436D6D6D,0x6D6D6D6D,0x6D6D6D6D,
	0x6D6D6D6D,0x6D6D5D57,0x6D6D6D6D,0x4F506D6D,0x57525259,0x4E4F5154,0x4344474B,0x43434343,
	0x43434343,0x43434343,0x42424343,0x3F2D4142,0x353C423E,0x4F543D38,0x016F274C,0x6F6F6F6F,
	0x6F6F6F6F,0x6F016F01,0x6F6F6F6F,0x6F6F6F6F,0x6F6F6F6F,0x6F6F016F,0x6F6F6F6F,0x6F6F6F6F,
	0x6F6F6F6F,0x6F016F6F,0x6F01016F,0x6F6F6F6F,0x016F6F6F,0x6F6F6F6F,0x6F6F6F01,0x58502101,
	0x012C696C,0x016F6F01,0x6F6F6F01,0x016F6F6F,0x6F6F6F01,0x6F6F016F,0x6F016F6F,0x6F6F6F6F,
	0x016F016F,0x6F6F6F6F,0x6F6F6F6F,0x6F6F016F,0x6F6F6F6F,0x036F6F6F,0x6D6D6D2A,0x696D6D6D,
	0x6E6D6D4A,0x6D6D6D6D,0x5A656D6D,0x6D6D4A6D,0x6F1A6A6D,0x6F6F6F6F,0x0F016F6F,0x6D6D6D65,

	0x6A6D6D6D,0x6D6D6D58,0x1F6D6D6D,0x6D5B443A,0x6D6B256D,0x436D6D6D,0x6D6D6D6D,0x6D6D6D6D,
	0x6C64686C,0x6D6D5D58,0x6D6D6D6D,0x61506D6D,0x6D6D6D6D,0x6D6D6E6D,0x6D6D6E6D,0x6D6D6D6E,
	0x6E6E6E6D,0x6D6E6E6E,0x6C6D6D6D,0x64536C6C,0x3D515B5D,0x3D323136,0x6F6F2341,0x6F6F6F6F,
	0x6F6F6F6F,0x6F6F6F01,0x6F6F6F6F,0x016F6F6F,0x6F6F6F6F,0x6F6F0101,0x01016F6F,0x6F6F6F6F,
	0x016F6F6F,0x6F6F6F6F,0x6F6F6F6F,0x016F016F,0x016F6F6F,0x6F6F6F01,0x6F6F6F6F,0x574F2101,
	0x6F2A676B,0x6F6F6F6F,0x6F6F6F6F,0x6F6F6F6F,0x6F6F6F6F,0x6F6F6F01,0x6F6F6F6F,0x6F010101,
	0x6F6F6F6F,0x6F6F6F6F,0x6F010101,0x6F016F01,0x6F6F6F6F,0x6F6F6F6F,0x6D6D6D25,0x696D6D6D,
	0x4F696D4A,0x6D6A504A,0x5A686D6D,0x6D6D4D6D,0x6F236D6D,0x6F6F6F6F,0x266F6F6F,0x6D6D6D6D,

	0x6B6D6D6D,0x6D6D6D5A,0x1F6E6D6D,0x6D6A4A39,0x6D6B286D,0x436D6D6D,0x6D6D6D6D,0x6D6D6D6D,
	0x6C5B5E69,0x6D6D5D58,0x6D6D6D6D,0x61506D6D,0x6D6D6D6D,0x6D6D6D6D,0x333B3A42,0x446D6D6A,
	0x5A2D343E,0x3D676D6D,0x6C382F37,0x654E6D6D,0x2A16104D,0x3B3C4149,0x6F6F202C,0x6F01016F,
	0x6F6F6F6F,0x6F6F0101,0x6F6F6F01,0x6F6F016F,0x6F6F016F,0x6F6F6F6F,0x6F6F6F01,0x01016F01,
	0x6F6F6F01,0x6F6F6F6F,0x6F6F016F,0x016F6F6F,0x6F01016F,0x6F6F6F6F,0x6F6F6F01,0x5550226F,
	0x6F2B696D,0x016F6F6F,0x6F6F6F01,0x6F6F6F6F,0x6F016F6F,0x6F6F6F6F,0x6F6F6F6F,0x01010101,
	0x6F016F6F,0x6F6F6F6F,0x6F6F6F6F,0x016F6F6F,0x016F6F01,0x6F6F6F01,0x6D6D6D28,0x696D6D6D,
	0x6D6D6D4A,0x6D6D6D6D,0x5A696D6D,0x6D6D4F6D,0x01236D6D,0x6F6F6F6F,0x3D6F6F6F,0x6D6D6D6D,

	0x6B6D6D6D,0x6D6D6D56,0x216D6D6D,0x6D6D5A33,0x6D6B2A6D,0x436D6D6D,0x6D6D6D6D,0x6D6D6D6D,
	0x6D6D6D6D,0x6D6D5E58,0x6D6D6D6D,0x61506D6D,0x6D6D6D6D,0x6A6D6D6D,0x302E3A3D,0x3C6D6D63,
	0x4742423C,0x2C626D6D,0x6D343F41,0x68436D6D,0x22212143,0x16222517,0x6F6F1F16,0x6F6F6F01,
	0x016F6F6F,0x6F6F6F6F,0x6F6F016F,0x6F6F6F6F,0x6F6F0101,0x6F6F016F,0x6F6F0101,0x6F6F6F6F,
	0x6F6F6F6F,0x6F6F0101,0x6F6F6F6F,0x016F6F6F,0x016F6F6F,0x6F6F016F,0x6F016F6F,0x544C206F,
	0x6F2A696D,0x016F6F6F,0x6F6F6F6F,0x6F6F6F6F,0x6F016F6F,0x6F6F6F6F,0x6F6F6F6F,0x016F016F,
	0x6F6F6F6F,0x016F6F6F,0x016F6F6F,0x01016F6F,0x6F6F6F6F,0x056F6F01,0x6D6D6D43,0x696D6D6D,
	0x6D6D6D4A,0x6D6D6D6D,0x5A696D6D,0x6D6D516D,0x6F236D6D,0x6F6F6F6F,0x59036F6F,0x6D6D6D6D,

	0x6A6D6D6D,0x6D6D6D50,0x226D6D6D,0x6D6D6639,0x6D6B2D6D,0x436D6D6D,0x6D6D6D6D,0x6D6D6D6D,
	0x6D6D6D6D,0x6D6D5E57,0x6D6D6D6D,0x61506C6D,0x6D6D6D6D,0x6D6D6D6D,0x4E4A525A,0x5A6D6D69,
	0x5E4C484B,0x4E6A6D6D,0x6D534A49,0x65426D6D,0x32525961,0x494A3422,0x6F01254D,0x6F6F6F6F,
	0x6F016F6F,0x6F6F6F6F,0x6F6F0101,0x6F6F6F6F,0x6F6F6F6F,0x016F6F01,0x6F6F016F,0x6F6F6F6F,
	0x6F6F6F01,0x016F6F01,0x6F6F6F6F,0x6F6F6F6F,0x6F6F016F,0x6F6F016F,0x6F01016F,0x584D216F,
	0x012A676B,0x016F6F6F,0x6F010101,0x6F6F6F6F,0x6F6F016F,0x6F6F6F6F,0x01016F6F,0x016F6F04,
	0x6F6F6F6F,0x6F6F6F6F,0x6F6F016F,0x01016F6F,0x6F6F6F01,0x256F6F6F,0x6D6D6D5A,0x696D6D6D,
	0x6D6D6D4A,0x6D6D6D6D,0x5A696D6D,0x6D6D546D,0x6F236D6D,0x6F016F01,0x69146F6F,0x6D6D6D6D,

	0x696D6D6D,0x6D6D6D52,0x256D6D6D,0x6D6D6D4D,0x6D6B2F6D,0x436D6D6D,0x6D6D6D6D,0x6D6D6D6D,
	0x6D6D6D6D,0x4D635E57,0x6D6D6D64,0x44506D6D,0x4F4F4F4F,0x4F4F4F4F,0x4F4F4F4F,0x4F4F4F4F,
	0x4F4F4F4F,0x4F4F4F4F,0x4F4F4F4F,0x49314F4F,0x38464242,0x4B50372F,0x6F011F4B,0x6F6F6F6F,
	0x016F016F,0x6F6F016F,0x016F0101,0x016F6F01,0x6F016F6F,0x6F01016F,0x016F016F,0x6F016F01,
	0x6F6F016F,0x6F6F6F6F,0x6F6F6F01,0x016F0101,0x6F6F6F6F,0x6F6F6F6F,0x016F016F,0x584F226F,
	0x6F2C696D,0x6F6F016F,0x6F6F6F6F,0x6F016F6F,0x01016F6F,0x6F016F01,0x03016F6F,0x6F6F1F2B,
	0x6F6F6F6F,0x6F6F6F01,0x6F6F6F6F,0x016F6F01,0x6F6F6F6F,0x486F6F01,0x6D6D6D5B,0x696D6D6D,
	0x6D6D6D4A,0x6D6D6D6D,0x5A676D6D,0x6D6D566D,0x6F236D6D,0x6F01016F,0x6D2C6F01,0x6D6D6D6D,

	0x6A6D6D6D,0x6D6D6D5A,0x2F6D6D6D,0x6D6D6D61,0x6D6B2F6D,0x436D6D6D,0x6D6D6D6D,0x6D6D6D6D,
	0x6D6D6D6D,0x5D6D5F58,0x6D6D6D5C,0x5A506C6D,0x65656564,0x65656565,0x65656565,0x65656565,
	0x65656565,0x65656565,0x64656565,0x633D6464,0x485B5C60,0x4C4D382A,0x6F6F2050,0x6F6F016F,
	0x6F6F6F6F,0x6F6F6F6F,0x6F6F6F6F,0x6F6F6F6F,0x6F6F6F6F,0x6F6F6F6F,0x6F016F6F,0x016F6F6F,
	0x6F01016F,0x6F6F6F6F,0x6F6F6F6F,0x6F016F6F,0x6F6F6F6F,0x6F6F6F01,0x6F6F6F6F,0x5850236F,
	0x6F2C686C,0x6F6F6F6F,0x6F6F6F6F,0x6F6F6F6F,0x6F6F6F6F,0x016F016F,0x016F6F6F,0x6F012232,
	0x6F010101,0x6F6F6F6F,0x016F016F,0x6F6F6F6F,0x0B191F14,0x67156F6F,0x6D6D6D5B,0x696D6D6D,
	0x6D6D6D4A,0x6D6D6D6D,0x5A686D6D,0x6D6D5A6D,0x6F236D6D,0x6F6F6F6F,0x6D446F01,0x6D6D6D6D,

	0x6B6D6D6D,0x6D6D6D59,0x3E6D6D6D,0x323C3E3D,0x3B3D253B,0x436D6D6D,0x6D6D6D6D,0x6D6D6D6D,
	0x34536D6D,0x5D6D613C,0x6D6D6D5B,0x61506D6D,0x6D6D6C6B,0x6D6D6C6C,0x6C6C6C6D,0x6D6C6D6C,
	0x6C6C6C6C,0x6C6C6C6C,0x6D6C6C6C,0x604F6C6D,0x4E565D4F,0x4F493A33,0x6F6F1A50,0x6F6F016F,
	0x6F6F6F6F,0x6F6F6F01,0x6F6F016F,0x6F01016F,0x016F6F6F,0x6F6F6F01,0x6F016F6F,0x6F6F016F,
	0x6F6F6F6F,0x6F6F6F6F,0x016F6F6F,0x6F016F6F,0x6F6F6F6F,0x6F010101,0x6F6F6F6F,0x5451236F,
	0x6F2A676B,0x030E0201,0x016F6F6F,0x6F6F016F,0x6F6F016F,0x016F6F6F,0x6F6F6F6F,0x6F6F2134,
	0x6F6F016F,0x016F6F6F,0x016F6F6F,0x6F6F6F6F,0x133F3D1F,0x6D356F6F,0x6D6D6D5B,0x696D6D6D,
	0x6D6D6D4A,0x6D6D6D6D,0x5A696D6D,0x6D6D5A6D,0x6F236D6D,0x6F6F6F6F,0x6D5D056F,0x6D6D6D6D,

	0x6A6D6D6D,0x6D6D6D56,0x4E6D6D6D,0x2F30413E,0x4F432C34,0x436D6D6D,0x6D6D6D6D,0x6D6D6D6D,
	0x3C4D6D6D,0x616D6269,0x6D6D6D5B,0x0E526D6D,0x2D251E0F,0x3C3D3836,0x36333438,0x26322928,
	0x36343C33,0x3C3B3232,0x44383636,0x41374046,0x52515C46,0x4A4A3830,0x6F6F1948,0x016F0101,
	0x016F6F6F,0x6F6F6F01,0x016F6F6F,0x016F6F6F,0x6F6F6F01,0x016F6F01,0x01016F6F,0x6F016F01,
	0x6F6F6F01,0x016F6F6F,0x6F6F6F6F,0x6F016F6F,0x6F6F6F01,0x6F016F6F,0x6F6F6F01,0x58502301,
	0x0128656C,0x2343206F,0x6F6F6F6F,0x6F07046F,0x6F6F6F6F,0x6F016F6F,0x6F6F6F6F,0x016F203B,
	0x6F6F6F6F,0x6F6F6F6F,0x6F016F6F,0x6F016F6F,0x144E4A17,0x6D5B066F,0x6D6D6D5B,0x696D6D6D,
	0x6D6D6D4A,0x6D6D6D6D,0x5A6A6D6D,0x6D6D576D,0x6F236D6D,0x6F6F6F6F,0x6D6A1B6F,0x6D6D6D6D,

	0x696D6D6D,0x6D6D6D53,0x546D6D6D,0x1F426D6D,0x6D6B353E,0x436D6D6D,0x6D6D6D6D,0x6D6D6D6D,
	0x42496D6D,0x686D6467,0x6D6D6D61,0x26516D6D,0x21211D17,0x14151F21,0x22222215,0x30402122,
	0x54474D4F,0x48414242,0x4F4C5450,0x4F4F4F52,0x4B585E4D,0x51493226,0x016F154C,0x6F6F6F6F,
	0x6F6F6F6F,0x016F6F01,0x6F6F6F01,0x016F016F,0x6F6F6F01,0x6F6F6F6F,0x6F016F01,0x6F016F6F,
	0x01016F6F,0x016F016F,0x6F016F01,0x6F6F016F,0x6F6F6F01,0x6F6F016F,0x016F016F,0x584F2301,
	0x6F2C696C,0x0F4E1F6F,0x016F6F01,0x231A2B6F,0x161E1A3B,0x6F6F6F0A,0x6F6F6F01,0x6F6F1E36,
	0x6F6F6F6F,0x016F6F6F,0x6F016F6F,0x6F6F6F6F,0x17473F16,0x6D6C246F,0x6D6D6D5B,0x696D6D6D,
	0x6D6D6D4A,0x6D6D6D6D,0x5A656D6D,0x6D6D516D,0x6F246D6D,0x6F6F6F6F,0x6D6D336F,0x6D6D6D6D,

	0x696D6D6D,0x6D6D6D50,0x4C6D6D6D,0x074E5545,0x6D6D444C,0x436D6D6D,0x6D6D6D6D,0x6D6D6D6D,
	0x3A466D6D,0x6A6D6662,0x6D6D6D66,0x44516D6D,0x29030303,0x3021443D,0x49504E49,0x3A40334C,
	0x4E41494F,0x4F4D494A,0x57554F54,0x4F515050,0x543E3454,0x48531A27,0x016F1B4F,0x6F6F6F6F,
	0x6F6F016F,0x6F6F016F,0x6F6F0101,0x016F6F6F,0x6F6F6F01,0x6F6F6F6F,0x016F6F6F,0x6F016F01,
	0x6F6F6F6F,0x6F6F016F,0x016F6F6F,0x6F6F6F6F,0x6F6F6F6F,0x6F6F6F6F,0x6F6F6F6F,0x594F2201,
	0x6F2D6A6B,0x6F34206F,0x6F6F6F6F,0x580D3203,0x655C3E6A,0x30415060,0x03091319,0x6F012540,
	0x6F6F6F01,0x6F6F016F,0x6F6F6F01,0x6F6F6F6F,0x193E3C14,0x6D6D4701,0x6D6D6D5B,0x696D6D6D,
	0x6D6D6D4B,0x6D6D6D6D,0x5A696D6D,0x6D6D4F6D,0x6F236D6D,0x6F6F6F6F,0x6D6D4C6F,0x6D6D6D6D,

	0x4A4E524D,0x6D6D6D4C,0x6D6D6D6D,0x246B6D6D,0x6D6C3E3E,0x436D6D6D,0x6D6D6D6D,0x6D6D6D6D,
	0x3C446D6D,0x6D6D685C,0x6D6D6D69,0x5C516D6D,0x2801011C,0x4B0F3D40,0x50494950,0x44393C53,
	0x504D4F50,0x504F4A4C,0x4C53534C,0x4C504A46,0x421D3955,0x544F1234,0x6F011E50,0x01016F6F,
	0x016F6F6F,0x016F6F6F,0x6F6F6F6F,0x6F6F016F,0x016F6F01,0x6F6F6F01,0x6F6F6F6F,0x6F6F6F01,
	0x6F6F6F6F,0x6F6F016F,0x6F6F016F,0x6F6F016F,0x6F6F6F6F,0x6F6F6F6F,0x6F010101,0x534F216F,
	0x6F296161,0x6F0E1D01,0x016F6F6F,0x6A282F14,0x6D6D6B6A,0x6D6D6D6D,0x42606149,0x14202A39,
	0x016F0105,0x6F010101,0x6F6F6F6F,0x6F6F6F6F,0x2049410B,0x6D6D650D,0x6D6D6D5B,0x696D6D6D,
	0x6D6D6D4D,0x6D6D6D6D,0x5A666D6D,0x6D6D556D,0x01236D6D,0x6F6F6F6F,0x6D6D6105,0x6D6D6D6D,

	0x6B6D6D5A,0x6D6D6D49,0x6D6D6D6D,0x476D6D6D,0x6D624B48,0x436D6D6D,0x6D6D6D6D,0x6D6D6D6D,
	0x3F496D6D,0x6D6D695A,0x6D6D6D6D,0x60516D6D,0x29016F39,0x4A282D44,0x53565047,0x4F484D50,
	0x524C554D,0x524F5046,0x504F4F48,0x5D4F504F,0x3C0A3952,0x5445143C,0x6F6F1F4E,0x6F016F01,
	0x6F6F6F6F,0x6F6F6F01,0x6F010101,0x016F016F,0x6F6F6F6F,0x6F6F016F,0x6F6F6F01,0x6F6F6F6F,
	0x016F016F,0x6F6F6F01,0x01016F6F,0x6F6F6F6F,0x01016F6F,0x016F6F6F,0x6F6F6F6F,0x4151216F,
	0x6F24474E,0x6F6F176F,0x6F6F6F6F,0x69481022,0x6D6D6A6A,0x6D6D6D6D,0x616D694A,0x676A3538,
	0x313D365A,0x01051121,0x6F6F6F6F,0x6F016F6F,0x20444809,0x6D6D6C2A,0x6D6D6D5B,0x6A6D6D6D,
	0x6D6D6D4F,0x6D6D6D6D,0x5A6A6D6D,0x6D6D596D,0x01236D6D,0x01060B0B,0x6D6D6A1A,0x6D6D6D6D,

	0x6B6D6D5A,0x6D6D6D4C,0x6D6D6D6D,0x6D6D6D6D,0x6D4A636D,0x436D6D6D,0x6D6D6D6D,0x6D6D6D6D,
	0x3D496D6D,0x6D6D6A5A,0x6D6D6D6D,0x60516D6D,0x2E6F0654,0x4F341044,0x51454F55,0x4744524C,
	0x4E445048,0x4C524E50,0x584B4F53,0x604F544B,0x3A093B50,0x4D481B35,0x6F6F2154,0x6F01016F,
	0x6F6F0101,0x6F016F6F,0x6F6F6F6F,0x6F6F6F6F,0x016F6F6F,0x016F6F01,0x6F6F6F6F,0x6F6F6F6F,
	0x016F6F6F,0x6F6F6F6F,0x6F6F6F6F,0x016F6F6F,0x01016F6F,0x6F6F6F6F,0x6F6F6F6F,0x3C49216F,
	0x6F22544F,0x6F01016F,0x036F016F,0x695D1314,0x6D6C6B6A,0x6D6D6D6D,0x6C6D694A,0x6D6D5F60,
	0x6D6D4F65,0x4D5C686B,0x11202D3D,0x6F6F6F04,0x1B444809,0x6D6D6D4F,0x6D6D6D5B,0x6A6D6D6D,
	0x6D6D6D4F,0x6D6D6D6D,0x5A676D6D,0x6D6D5A6D,0x0C246D6D,0x59606760,0x6D6D6B35,0x6D6D6D6D,

	0x6C6D6D57,0x6D6D6D50,0x6D6D6D6D,0x6D6D6D6D,0x6D446C6D,0x436D6D6D,0x6D6D6D6D,0x6D6D6D6D,
	0x273C6D6D,0x6D6D6A23,0x6D6D6D6D,0x61516D6D,0x2A011F69,0x443D0628,0x53444D4F,0x5047574A,
	0x514F5345,0x4E4A4648,0x4E534D57,0x67504756,0x430F394F,0x5047331F,0x6F01224A,0x6F016F6F,
	0x6F016F6F,0x6F016F6F,0x01016F6F,0x6F6F016F,0x016F6F6F,0x6F6F6F6F,0x016F6F01,0x6F01016F,
	0x6F016F6F,0x6F6F6F6F,0x016F0101,0x01016F01,0x016F0101,0x6F010101,0x6F016F6F,0x344F2301,
	0x6F1D4F48,0x6F6F6F6F,0x216F6F6F,0x6A652C27,0x6D6C6C6A,0x6D6D6D6D,0x6D6D684A,0x6D6D6D6D,
	0x6D6D4F65,0x6D6D6D6D,0x4F6B6D6D,0x2C3C4C5C,0x2E48461A,0x6D6D6D6A,0x6D6D6D5B,0x6A6D6D6D,
	0x6D6D6D51,0x6D6D6D6D,0x5A676D6D,0x6D6D5A6D,0x0E246D6D,0x6D6D6D68,0x6D6D6A3B,0x6D6D6D6D,

	0x6C6D6D5D,0x6D6D6D53,0x6D6D6D6D,0x6D6D6D6D,0x6D696D6D,0x436D6D6D,0x6D6D6D6D,0x6D6D6D6D,
	0x3F3B6D6D,0x6D6D6927,0x6D6D6D6D,0x61516D6D,0x2A013C6A,0x4F482112,0x4F4A4B49,0x50564846,
	0x464D524C,0x4F4E5049,0x5149495A,0x6A4F4F4F,0x4E153C4B,0x4B4F432B,0x016F244E,0x6F6F6F6F,
	0x6F6F6F6F,0x6F016F01,0x6F6F6F6F,0x6F016F6F,0x6F6F6F6F,0x6F6F016F,0x6F6F6F6F,0x6F6F6F6F,
	0x6F6F6F6F,0x6F016F6F,0x6F01016F,0x6F6F016F,0x016F6F6F,0x6F6F6F6F,0x6F6F6F01,0x36462101,
	0x011B484E,0x6F6F6F01,0x2D6F6F6F,0x69644B0F,0x6D6C6C6A,0x6D6D6D6D,0x6D6D6849,0x6D6D6D6D,
	0x6D6D4F65,0x6D6D6D6D,0x556D6D6D,0x6D6D6D6D,0x453B3E49,0x6D6D6D6D,0x6D6D6D5B,0x6A6D6D6D,
	0x6D6D6D53,0x6D6D6D6D,0x5A666D6D,0x6D6D5A6D,0x12236D6D,0x6D6D6D69,0x6D6D6B3E,0x6D6D6D6D,

	0x6C6D6D6A,0x6D6D6D56,0x6D6D6D6D,0x6D6D6D6D,0x6D6D6D6D,0x436D6D6D,0x6D6D6D6D,0x6D6D6D6D,
	0x4D3C6D6D,0x6D6D6736,0x626D6D6D,0x60516D6A,0x05045A6A,0x4645301D,0x4A4D4444,0x4B504446,
	0x50484852,0x584A4E47,0x54595552,0x6D5C584F,0x5A281F49,0x504B403A,0x6F6F2453,0x6F016F6F,
	0x6F6F6F6F,0x6F6F6F6F,0x6F6F6F6F,0x6F6F016F,0x6F6F6F6F,0x016F0101,0x01016F6F,0x6F6F6F6F,
	0x016F6F6F,0x6F6F6F6F,0x6F6F6F6F,0x6F6F016F,0x6F6F6F6F,0x6F6F6F01,0x6F6F6F01,0x3B41206F,
	0x6F1E4245,0x6F6F6F6F,0x330B6F6F,0x67655C0F,0x6D6D6B6A,0x6D6D6D6D,0x635B6749,0x6D6D6D6D,
	0x6D6D4F65,0x6D6D6D6D,0x576D6D6D,0x6D6D6D6D,0x4226344E,0x6D6D6D6D,0x6D6D6D5B,0x6B6D6D6D,
	0x6D6D6D55,0x6D6D6D6D,0x5A676D6D,0x6D6D5A6D,0x0C246D6D,0x6D6D6D67,0x6D6D6C44,0x6D6D6D6D,

	0x6C6D6D6D,0x6D6D6D58,0x6D6D6D6D,0x6D6D6D6D,0x6D6D6D6D,0x436D6D6D,0x6D6D6D6D,0x6D6D6D6D,
	0x5B3B6D6D,0x6D6D6536,0x4D6D6D6D,0x61516D69,0x1425696B,0x46473E2A,0x4F494D43,0x51504F4F,
	0x52434747,0x5051504C,0x55575552,0x6D57464F,0x50343547,0x51483B43,0x6F6F234A,0x6F01016F,
	0x016F6F6F,0x6F6F0101,0x6F6F6F01,0x6F6F6F6F,0x6F6F016F,0x6F6F6F6F,0x016F6F01,0x01016F01,
	0x6F6F6F01,0x6F6F6F6F,0x6F6F016F,0x016F6F01,0x6F01016F,0x6F016F6F,0x6F6F6F6F,0x3A341601,
	0x6F214348,0x016F6F6F,0x1C196F01,0x6A696329,0x6D6D6B6A,0x6D6D6D6D,0x3C5F5C48,0x65555D65,
	0x6D6D4F65,0x6D6D6D6D,0x556D6D6D,0x6D6D6D6D,0x5C5A656C,0x6D6D6D6D,0x6D6D6D5B,0x6B6D6D6D,
	0x6D6D6D56,0x6D6D6D6D,0x5A696D6D,0x6D6D596D,0x10246D6D,0x6D6D6D68,0x6D6D6C4A,0x6D6D6D6D,

	0x6C6D6D6D,0x6D6D6D5A,0x6D6D6D6D,0x6D6D6D6D,0x6D6D6D6D,0x436D6D6D,0x6D6D6D6D,0x6D6D6D6D,
	0x6A446D6D,0x6D6D633C,0x36606C6D,0x60506D4F,0x1727696A,0x444B442C,0x504F4940,0x53444F4E,
	0x4D495051,0x4F4F594D,0x4A4E4C43,0x6D644B4D,0x574E4846,0x4F5A3D40,0x6F6F224E,0x6F6F6F01,
	0x016F6F6F,0x6F6F6F6F,0x6F6F6F6F,0x6F6F6F6F,0x6F6F0101,0x6F6F016F,0x6F6F0101,0x6F6F6F6F,
	0x6F6F6F6F,0x6F6F6F01,0x6F016F6F,0x016F6F6F,0x01016F6F,0x6F6F0101,0x6F016F6F,0x3D1F106F,
	0x6F24424B,0x016F6F6F,0x0B356F6F,0x6968622C,0x6D6C6A6A,0x6D6D6D6D,0x2A6B4F47,0x4D5D5F5C,
	0x6D6D4F65,0x6D6D6D6D,0x516D6D6D,0x6D6D6D6C,0x6D6D6D6D,0x6D6D6D6D,0x6D6D6D5B,0x6C6D6D6D,
	0x6C6A6852,0x6D6D6D6D,0x5A666D6D,0x6D6D546D,0x0F236D6D,0x6D6D6D68,0x6D6D6D4F,0x6D6D6D6D,

	0x6C6D6D6D,0x6D6D6D57,0x6D6D6D6D,0x6D6D6D6D,0x6D6D6D6D,0x436D6D6D,0x6D6D6D6D,0x6D6D6D6D,
	0x3C456D6D,0x6D6D6145,0x3F5F5052,0x6050685D,0x142C3A6A,0x433E3F3D,0x4A474446,0x504A5247,
	0x42445053,0x494B583E,0x55544B4C,0x6D69434A,0x4D565A46,0x4A4D3845,0x6F6F2449,0x6F6F016F,
	0x6F016F6F,0x6F016F6F,0x6F6F6F01,0x6F6F6F6F,0x6F6F016F,0x016F6F01,0x6F01016F,0x6F6F6F6F,
	0x6F6F6F6F,0x016F6F01,0x016F6F6F,0x6F6F6F6F,0x6F6F0101,0x6F6F0101,0x6F6F6F6F,0x3436166F,
	0x011F4444,0x016F6F01,0x1F2C0B01,0x6967613D,0x6D6B6B69,0x6D6D6D6D,0x4A5C5A46,0x4B456B40,
	0x6D6D4F65,0x6D6D6D6D,0x536D6D6D,0x6D6D6D6C,0x6D6D6D6D,0x6D6D6D6D,0x6D6D6D5B,0x6A6D6D6D,
	0x51534B33,0x41454C4F,0x5520353C,0x6D6D4F6D,0x12246D6D,0x6D6D6D69,0x6D6D6D4F,0x6D6D6D6D,

	0x6C6D6D6D,0x6D6D6D51,0x6D6D6D6D,0x6D6D6D6D,0x6D6D6D6D,0x426D6D6D,0x6D6D6D6D,0x6D6D6D6D,
	0x31646D6D,0x6D6D603C,0x252A3D3D,0x60503D24,0x2C542150,0x504F4D4A,0x3133323D,0x4F534F41,
	0x36274453,0x5251361C,0x244F5558,0x5B2F2B34,0x4F575D46,0x4B4F3B44,0x016F284F,0x6F6F6F6F,
	0x016F6F6F,0x6F6F016F,0x016F0101,0x6F6F6F6F,0x6F016F6F,0x6F01016F,0x6F6F016F,0x6F016F01,
	0x6F6F6F6F,0x6F6F6F6F,0x6F6F6F01,0x016F0101,0x6F6F6F6F,0x6F6F6F6F,0x016F016F,0x39251001,
	0x6F1D504A,0x6F6F6F6F,0x2E292A6F,0x6865613B,0x6D6C6B6A,0x6D6D6D6D,0x50506B4F,0x5056694F,
	0x6D6D4F65,0x6D6D6D6D,0x4F6D6D6D,0x6D6D6D6C,0x6D6D6D6D,0x6D6D6D6D,0x6D6D6D5B,0x6A6D6D6D,
	0x6A6A6548,0x6666686A,0x550A345A,0x6D6D516D,0x0F236D6D,0x6D6D6D68,0x6D6D6C4F,0x6D6D6D6D,

	0x6C6D6D6D,0x6D6D6D5A,0x6D6D6D6D,0x6D6D6D6D,0x6D6D6D6D,0x426D6D6D,0x6D6D6D6D,0x6D6D6D6D,
	0x6A6C6D6D,0x6D6D5E57,0x304D3F33,0x544F6C21,0x4E34591C,0x4F6D6D6D,0x25051F28,0x6D6C5C3C,
	0x2834295E,0x6D4F2829,0x3B3D6D6D,0x342A272F,0x4E5A5C42,0x4A583B46,0x016F2746,0x6F6F6F6F,
	0x6F6F6F6F,0x6F6F6F6F,0x6F6F6F6F,0x6F6F6F6F,0x6F6F6F6F,0x6F6F6F6F,0x6F016F6F,0x016F6F6F,
	0x6F01016F,0x6F6F6F6F,0x6F6F0101,0x6F6F6F6F,0x6F6F6F6F,0x6F6F6F6F,0x6F6F6F6F,0x30341801,
	0x6F1D494F,0x6F6F6F6F,0x56303A01,0x6761613C,0x6D6D6B69,0x676D6D6D,0x50605955,0x5A6A4F6A,
	0x6D6D4F65,0x6D6D6D6D,0x566D6D6D,0x5C5A6A6D,0x6D6D6D6A,0x6D6D6D6D,0x6D6D6D5B,0x6B6D6D6D,
	0x6A69624D,0x5D61686A,0x54073550,0x6D6D576D,0x0E236D6D,0x6D6D6D68,0x6D6D6D53,0x6D6D6D6D,

	0x6C6D6D6D,0x6D6D6D5A,0x6D6D6D6D,0x6D6D6D6D,0x6D6D6D6D,0x426D6D6D,0x6D6D6D6D,0x6D6D6D6D,
	0x33696D6D,0x6D6D5D44,0x34614632,0x17475A13,0x4E504E46,0x346D6D6D,0x6F010112,0x6D6D5430,
	0x3128174B,0x6D3C1B38,0x2C286C6D,0x28232D36,0x4E525A37,0x4F4E2B41,0x6F6F2445,0x6F6F016F,
	0x6F6F6F6F,0x6F6F6F01,0x6F6F6F6F,0x6F01016F,0x016F6F6F,0x016F0101,0x6F016F6F,0x6F6F016F,
	0x6F6F6F6F,0x6F6F6F01,0x6F6F6F6F,0x6F016F6F,0x6F6F016F,0x6F6F0101,0x6F6F6F6F,0x3B3A1D6F,
	0x6F1F4D47,0x6F6F0101,0x5C315018,0x6966613E,0x6D6C6A69,0x5F6D6D6D,0x4D6A3D3D,0x5B6D4F6A,
	0x6D6D4F65,0x6D6D6D6D,0x566D6D6D,0x616A5B6D,0x676D6C2F,0x6D6D6D6A,0x6D6D6D5B,0x6A6D6D6D,
	0x6A6A6946,0x5A686A6A,0x54053650,0x6D6D5A6D,0x0F236D6D,0x6D6D6D67,0x6D6D6D58,0x6D6D6D6D,

	0x6C6D6D6D,0x6D6D6D53,0x6D6D6D6D,0x6D6D6D6D,0x6D6D6D6D,0x406C6D6D,0x6D6D6D6D,0x6D6D6D6D,
	0x606C6D6D,0x6D6D5D51,0x34693D30,0x430B2233,0x4A62505C,0x366D6D6D,0x01016F13,0x6D6D5020,
	0x28291F4F,0x6D442129,0x332D6D6D,0x282F3028,0x4E5A5636,0x3A3C1627,0x6F6F1B35,0x016F6F6F,
	0x0A080604,0x6F6F0A0B,0x016F6F6F,0x016F6F6F,0x6F6F6F01,0x016F6F01,0x01016F6F,0x6F6F6F01,
	0x6F6F6F6F,0x0101016F,0x6F6F6F6F,0x6F016F6F,0x6F6F6F01,0x6F016F6F,0x6F6F6F01,0x53441F6F,
	0x6F213D55,0x6F6F6F6F,0x5C615A29,0x6A69633F,0x6D6C6B6A,0x5D6D6D6D,0x3D653F63,0x5B6D6A43,
	0x6D6D4F65,0x6D6D6D6D,0x516D6D6D,0x666D546A,0x57696B2D,0x6D5B4F57,0x6D6D6D5B,0x6C6D6D6D,
	0x6A6A6943,0x5C63656A,0x5406364D,0x6D6D556D,0x11236D6D,0x6D6D6D68,0x6D6D6C50,0x6D6D6D6D,

	0x6C6D6D6D,0x6D6D6D50,0x6D6D6D6D,0x6D6D6D6D,0x6D6D6D6D,0x36495B6A,0x6D6D6D6D,0x6D6D6D6D,
	0x43686D6D,0x6D6D5D47,0x346D5930,0x42262F55,0x4F5F6958,0x5A6D6D6D,0x29191C28,0x6D6D612F,
	0x03203269,0x6D5E221D,0x2E4F6D6D,0x292E1714,0x30565A43,0x25292A20,0x28272727,0x36342B2A,
	0x35363636,0x016F1736,0x6F6F6F01,0x6F6F016F,0x6F6F6F6F,0x6F6F6F6F,0x6F016F01,0x6F016F6F,
	0x6F01016F,0x016F016F,0x6F016F01,0x6F6F6F6F,0x6F6F6F01,0x6F6F6F6F,0x016F016F,0x503B1B6F,
	0x01214C62,0x03016F6F,0x595D5344,0x69625F3E,0x6D6B6A69,0x5B6D6D6D,0x5D634163,0x5A6D6C41,
	0x6D6D4F65,0x6D6D6D6D,0x596D6D6D,0x486D6955,0x6B536B42,0x6D4E5A6D,0x6D6D6D5B,0x6B6D6D6D,
	0x4F4D5142,0x45495051,0x57353943,0x6D6D536D,0x11226D6D,0x6D6D6D69,0x6D6D6C52,0x6D6D6D6D,

	0x6C6D6D6D,0x6D6D6D57,0x6D6D6D6D,0x6D6D6D6D,0x50616D6D,0x436C613B,0x6D6D6D6D,0x6D6D6D6D,
	0x556C6D6D,0x6D6D5D44,0x346D5F2E,0x5F4F6D69,0x4E5E696A,0x6D6D6D6D,0x2D22294E,0x6D6D6D5D,
	0x1F32676D,0x6D6D5B2A,0x4D6D6D6D,0x67332124,0x24454D45,0x04040505,0x0A060505,0x3C330D0C,
	0x192D343B,0x6F6F0E23,0x6F6F6F6F,0x016F6F6F,0x6F6F6F01,0x6F6F6F6F,0x6F6F6F6F,0x6F016F6F,
	0x016F6F6F,0x6F6F016F,0x016F6F01,0x6F6F6F6F,0x6F6F6F6F,0x6F6F6F6F,0x6F6F6F6F,0x0E341901,
	0x6F041616,0x1A6F6F6F,0x5C585550,0x68615F3C,0x6C6C6A69,0x5A6D6D6D,0x5D614263,0x596D6C42,
	0x6D6D4F65,0x6D6D6D6D,0x536D6D6D,0x4F686D51,0x6D556844,0x6D504A6D,0x6D6D6D5B,0x6A6D6D6D,
	0x6D6D6D54,0x6D6D6D6D,0x385E6D6D,0x6D6C4144,0x10226C6D,0x6D6D6D68,0x6D6D6C58,0x6D6D6D6D,

	0x6C6D6D6D,0x6D6D6D5A,0x6D6D6D6D,0x6D6D6D6D,0x6D6D6D6D,0x436D6D54,0x6D6D6D6D,0x6D6D6D6D,
	0x54696D6D,0x6D6D5E4D,0x346D6B30,0x61516D69,0x2F5D676A,0x43434343,0x44434344,0x44444444,
	0x43444444,0x44444443,0x44444444,0x43434243,0x34533C2E,0x3D3C3D3C,0x3B3B3C3C,0x0102343A,
	0x016F6F6F,0x016F0201,0x6F6F6F01,0x6F6F016F,0x016F6F01,0x6F6F6F01,0x6F6F6F6F,0x6F6F6F6F,
	0x6F6F6F6F,0x6F6F0101,0x6F6F016F,0x6F6F016F,0x6F6F6F6F,0x6F6F6F01,0x6F01016F,0x4F341E01,
	0x6F1C4464,0x2D6F6F01,0x605A554E,0x6861603C,0x6C6D6B6A,0x586D6D6D,0x5D604264,0x546C6D42,
	0x6D6D4F65,0x6D6D6D6D,0x456D6D6D,0x6A546D65,0x6D6A5744,0x6D4F5C5B,0x6D6D6D5B,0x6A6D6D6D,
	0x6D6D6D52,0x6D6D6D6D,0x255E6D6D,0x2921202F,0x0E09262A,0x6D6D6D67,0x6D6D6D54,0x6D6D6D6D,

	0x6C6D6D6D,0x6D6D6D5A,0x6D6D6D6D,0x6D6D6D6D,0x6D6D6D6D,0x426D6D4E,0x6D6D6D6D,0x6D6D6D6D,
	0x3C696D6D,0x6D6D5D44,0x386D6C32,0x61516D6A,0x3C5D676A,0x6C6C6C6C,0x6C6C6C6C,0x6C6D6C6C,
	0x6C6C6C6C,0x6C6C6C6C,0x6C6C6C6C,0x6C6C6C6C,0x334F5B45,0x24252524,0x6F6F6F0C,0x6F016F01,
	0x6F6F6F6F,0x6F6F6F01,0x6F01016F,0x6F6F016F,0x6F6F016F,0x6F6F6F6F,0x6F6F6F6F,0x6F6F6F6F,
	0x016F016F,0x6F6F6F01,0x01016F6F,0x6F6F6F6F,0x01016F6F,0x01016F6F,0x6F016F6F,0x53351A6F,
	0x6F1C536A,0x4C066F01,0x5E615950,0x68645F3C,0x6C6B6A69,0x546D6D6D,0x5D5D4364,0x4F6C6D42,
	0x6D6D4F65,0x6D6D6D6D,0x506C6D6D,0x6D506A6D,0x6D6D504F,0x6D4D6A42,0x6D6D6D5B,0x6A6D6D6D,
	0x6D6D6D50,0x6D6D6D6D,0x59656D6D,0x5C5C3D6D,0x0E1C595A,0x6D6D6D67,0x6D6D6D55,0x6D6D6D6D,

	0x6C6D6D6D,0x6D6D6D5B,0x6D66606D,0x6D6D6D6D,0x6D6D6D6D,0x3B5A6847,0x6D6D6D6D,0x6D6D6D64,
	0x606A6D6D,0x6D6D5D56,0x3C6D6B33,0x61516D6A,0x4061696A,0x6D6D6D6D,0x6D6D6D6D,0x6D6D6D6D,
	0x6D6D6D6D,0x6D6D6D6D,0x6D6D6D6D,0x6D6D6D6D,0x08405346,0x6F6F6F6F,0x6F6F6F6F,0x6F01016F,
	0x6F6F0101,0x6F016F6F,0x6F6F6F6F,0x016F6F6F,0x6F6F6F6F,0x016F0101,0x6F6F6F6F,0x6F6F6F6F,
	0x016F6F6F,0x016F6F6F,0x6F6F6F6F,0x016F6F6F,0x016F6F6F,0x6F6F6F6F,0x6F6F6F6F,0x50421D6F,
	0x6F205B68,0x501A6F6F,0x5D5D5952,0x6967603D,0x6D6B6A69,0x526D6D6D,0x5D5C4364,0x536C6D43,
	0x6D6D4F65,0x6D6D6D6D,0x3D5F6D6D,0x6D695965,0x606D6845,0x6D4C6C5A,0x6D6D6D5B,0x6A6D6D6D,
	0x6D6D6D4E,0x6D6D6D6D,0x59676D6D,0x6D6D406D,0x12226C6D,0x6D6D6D69,0x6D6D6D59,0x6D6D6D6D,

	0x6C6D6D6D,0x6D6D6D5B,0x6D635C6D,0x6D6D6D6D,0x6D6D6D6D,0x43695759,0x6D6D6D6D,0x6D6D6D51,
	0x34676D6D,0x6D6D5D44,0x34294B33,0x61516D6B,0x4F5D686A,0x6D6D6D6D,0x6D6D6D6D,0x6D6D6D6D,
	0x6D6B6C6D,0x6D6D6D6D,0x6D6D6D6D,0x6D6D6D6D,0x17183F46,0x20201D1D,0x6F6F0A1E,0x6F01016F,
	0x6F6F6F6F,0x6F016F01,0x016F6F6F,0x6F6F016F,0x016F6F6F,0x6F6F6F6F,0x016F6F6F,0x6F01016F,
	0x6F016F6F,0x6F6F6F01,0x016F016F,0x01016F01,0x016F016F,0x01010101,0x6F016F6F,0x534F2001,
	0x6F256168,0x4C346F6F,0x5C565553,0x68666240,0x6D6B6A69,0x506D6D6D,0x5D5A4364,0x596D6D43,
	0x6D6D4F65,0x6D6D6D6D,0x615B6D6D,0x6C6D385A,0x4B6D6D44,0x6D4F6C6B,0x6D6D6D5B,0x6A6D6D6D,
	0x6D6D6D4F,0x6D6D6D6D,0x56666D6D,0x6D6D426D,0x0F226D6D,0x6D6D6D68,0x6D6D6D56,0x6D6D6D6D,

	0x6C6D6D6D,0x6D6D6D5B,0x6D615B6D,0x6D6D6D6D,0x6D6D6D6D,0x436D6D6D,0x6D6D6D6D,0x6D6D6D4F,
	0x6A6C6D6D,0x6D6D5D56,0x465C573C,0x60506C6C,0x50586467,0x275C5C6A,0x5A5E6D42,0x636B2543,
	0x6D35435D,0x6D6D6D6D,0x49696D6D,0x3C393F43,0x3D494234,0x24132028,0x016F1A2B,0x016F6F6F,
	0x6F6F6F6F,0x6F016F6F,0x6F016F6F,0x6F016F6F,0x016F6F6F,0x016F016F,0x6F6F6F01,0x6F6F016F,
	0x6F6F6F6F,0x6F016F6F,0x6F016F01,0x016F016F,0x016F6F6F,0x6F016F6F,0x6F6F6F01,0x524B1F01,
	0x01285D67,0x463D6F6F,0x59575950,0x6261603D,0x6D6A6A68,0x506D6D6D,0x5D5A4366,0x5A6D6D43,
	0x6D6D4F65,0x6D6D6D6D,0x655A6D6D,0x6A6D406D,0x54585139,0x6D566D6D,0x6D6D6D5B,0x6A6D6D6D,
	0x6D6D6D50,0x6D6D6D6D,0x50666D6D,0x6D6D426D,0x11236D6D,0x6D6D6D68,0x6D6D6D54,0x6D6D6D6D,

	0x6C6D6D6D,0x6D6D6D5B,0x6D61596D,0x6D6D6D6D,0x6D6D6D6D,0x436D6D6D,0x6D6D6D6D,0x6D6D6D49,
	0x33696D6D,0x6D6D5D3B,0x6C5B4F3F,0x5E4F6C6C,0x32516169,0x071D445A,0x25253D4F,0x4C682905,
	0x6C3D406C,0x6B6C6C6B,0x195C696A,0x44146F6F,0x4B4D4B4F,0x4A434447,0x6F6F2142,0x6F6F6F6F,
	0x6F6F6F01,0x6F6F6F6F,0x6F6F6F6F,0x6F6F016F,0x6F6F6F6F,0x6F6F0101,0x01016F6F,0x6F6F6F6F,
	0x6F6F6F01,0x6F6F6F6F,0x6F6F016F,0x6F6F016F,0x6F6F6F6F,0x6F6F6F01,0x6F6F6F01,0x52451F6F,
	0x6F256168,0x4C42186F,0x5B535050,0x67625F39,0x6C6B6A6A,0x516D6D6D,0x5D594367,0x586C6D43,
	0x6D6D4F65,0x6D6D6D6D,0x66586D6D,0x696D426D,0x60436A57,0x6D4F6D6D,0x6D6D6D5B,0x6A6D6D6D,
	0x6D6D6D52,0x6D6D6D6D,0x58696D6D,0x6D6D426D,0x0D236D6D,0x6D6D6D66,0x6D6D6D4F,0x6D6D6D6D,

	0x6C6D6D6D,0x6D6D6D5A,0x6D61596D,0x6D6D6D6D,0x6D6D6D6D,0x436D6D6D,0x6D6D6D6D,0x6D6D6D44,
	0x616C6D6D,0x6D6D5D53,0x6D6D6D6A,0x5B4E6A6C,0x4E474961,0x6F060424,0x11280702,0x24030103,
	0x3D363C68,0x1F2A4239,0x01281D14,0x4311016F,0x4E4D4A52,0x42464947,0x6F6F2145,0x6F01016F,
	0x016F6F6F,0x6F6F6F01,0x6F6F6F01,0x6F6F6F6F,0x6F6F016F,0x6F6F6F6F,0x016F6F6F,0x6F6F6F6F,
	0x6F6F6F01,0x6F6F6F6F,0x6F6F6F6F,0x016F6F01,0x01016F6F,0x6F016F6F,0x6F6F016F,0x50422001,
	0x6F256269,0x4845146F,0x5E5A5D4C,0x6763613D,0x6D6A6A69,0x536D6D6D,0x5D594468,0x576D6D43,
	0x6D6D4F65,0x6D6D6D6D,0x67556D6D,0x676D426D,0x61506D57,0x6D4F6C6D,0x6D6D6D5B,0x6A6D6D6D,
	0x6D6D6D55,0x6D6D6D6D,0x53676D6D,0x6D6D436D,0x10236D6D,0x6D6D6D68,0x6D6D6D52,0x6D6D6D6D,

	0x6C6D6D6D,0x6D6D6D5A,0x6D645C6D,0x6D6D6D6D,0x6D6D6D6D,0x436D6D6D,0x6D6D6D6D,0x6D6D6D43,
	0x35656D6D,0x6D6D5E3D,0x6C6D6D6D,0x3C49696B,0x6F27574E,0x6F6F0A06,0x6F6F6F6F,0x6F6F6F6F,
	0x50452A1F,0x6F284343,0x6F2D266F,0x43116F6F,0x5250504E,0x42484F4F,0x6F6F224F,0x6F016F01,
	0x016F6F6F,0x6F6F6F6F,0x6F6F6F6F,0x6F6F6F6F,0x6F6F0101,0x6F6F016F,0x6F6F0101,0x6F6F6F6F,
	0x6F6F6F6F,0x6F6F6F6F,0x6F01016F,0x0101016F,0x6F01016F,0x6F6F0101,0x6F6F6F6F,0x4F3D1F6F,
	0x6F27616A,0x444C186F,0x5C57564F,0x66615C3D,0x6C6A6A69,0x546D6D6D,0x5D594569,0x5A6D6D43,
	0x6D6D4F65,0x6D6D6D6D,0x67506D6D,0x656D426D,0x61506D58,0x6D566D6D,0x6D6D6D5B,0x6B6D6D6D,
	0x6D6D6D57,0x6D6D6D6D,0x4E686D6D,0x6D6D436D,0x10236D6D,0x6D6D6D68,0x6D6D6D58,0x6D6D6D6D,

	0x6C6D6D6D,0x6D6D6D59,0x6D67616D,0x6D6D6D6D,0x6D6D6D6D,0x456D6D6D,0x6D6D6D6D,0x6D6D6D42,
	0x5A6A6D6D,0x6D6D604F,0x6B6D6D6D,0x3023616A,0x4120092E,0x6F6F6F21,0x6F6F6F6F,0x266F6F6F,
	0x494B4435,0x6F264A46,0x012C216F,0x44126F6F,0x4B514949,0x51474F4F,0x6F6F244A,0x6F6F016F,
	0x01016F6F,0x6F016F6F,0x6F6F6F01,0x6F6F6F6F,0x6F6F016F,0x016F6F01,0x6F6F016F,0x6F6F6F6F,
	0x6F6F6F6F,0x6F6F6F01,0x016F6F6F,0x6F6F6F6F,0x6F6F6F01,0x6F6F0101,0x6F6F6F6F,0x4F471F6F,
	0x6F286267,0x48461E01,0x5D5A574F,0x6564613D,0x6D6A6A6A,0x566D6D6D,0x5D59486A,0x576D6E43,
	0x6D6D4F65,0x6D6D6D6D,0x684E6D6D,0x636D436D,0x61506D57,0x6D546D6D,0x6D6D6D5B,0x6C6D6D6D,
	0x6D6D6D59,0x6D6D6D6D,0x51696D6D,0x6D6D436D,0x0E236D6D,0x6D6D6D66,0x6D6D6D5A,0x6D6D6D6D,

	0x6C6D6D6D,0x6D6D6D5A,0x6D69656D,0x6D6D6D6D,0x6D6D6D6D,0x486D6D6D,0x6D6D6D6D,0x6D6D6D42,
	0x426A6D6D,0x6D6D614E,0x6C6D6D6D,0x2C245A6A,0x5E5B4217,0x6F6F6F3B,0x6F016F6F,0x38016F6F,
	0x69644952,0x6F346A69,0x6F2B1F01,0x4E16016F,0x4C4D4B46,0x514A4D48,0x016F214A,0x6F6F6F6F,
	0x6F6F6F6F,0x6F6F6F6F,0x6F6F0101,0x016F6F6F,0x6F01016F,0x6F6F016F,0x6F6F6F6F,0x6F016F01,
	0x6F6F6F01,0x6F016F6F,0x6F6F6F6F,0x6F6F0101,0x6F6F6F6F,0x6F6F6F6F,0x0101016F,0x524A1D01,
	0x6F295E68,0x4A3D1D6F,0x54545950,0x6564613C,0x6C6A6967,0x576D6D6D,0x5D594C6A,0x506C6D43,
	0x6D6D4F65,0x6D6D6D6D,0x68516D6D,0x616D436D,0x62506D57,0x6D506D6D,0x6D6D6D5B,0x6C6D6D6D,
	0x6D6D6D5A,0x6D6D6D6D,0x57686D6D,0x6D6D436D,0x0F236D6D,0x6D6D6D66,0x6D6D6D55,0x6D6D6D6D,

	0x6C6D6D6D,0x6D6D6D5A,0x6D6A686D,0x6D6D6D6D,0x6D6D6D6D,0x4B6D6D6D,0x6C6D6D6D,0x6D5F5A3D,
	0x4F6A6D6D,0x6D6D6242,0x6C6D6D6D,0x5242676B,0x5F606764,0x6F6F0B50,0x6F6F6F6F,0x2F016F6F,
	0x6D6D564D,0x6F356D6D,0x6F30246F,0x53176F6F,0x4E53504E,0x55464750,0x01011D4F,0x6F6F6F6F,
	0x6F6F6F6F,0x6F6F6F6F,0x6F6F6F6F,0x6F6F6F6F,0x6F6F6F6F,0x6F6F6F6F,0x6F016F6F,0x016F6F01,
	0x6F6F016F,0x6F6F6F6F,0x6F6F0101,0x6F6F6F6F,0x6F6F6F6F,0x6F6F6F6F,0x6F6F6F6F,0x53451C01,
	0x6F276267,0x49421D6F,0x5A535150,0x67635D3A,0x6D6A6A69,0x596D6D6D,0x5D594F6A,0x536C6D43,
	0x6D6D4F65,0x6D6D6D6D,0x68566D6D,0x5F6D436D,0x63516D56,0x6D486D6D,0x6D6D6D5B,0x6B6D6D6D,
	0x6D6D6D57,0x6D6D6D6D,0x50636D6D,0x6D6D436D,0x0B236D6D,0x6D6D6D5F,0x6D6D6D59,0x6D6D6D6D,

	0x6C6D6D6D,0x6D6D6D5B,0x6D6D6C6D,0x6D6D6D6D,0x6D6D6D6D,0x4F6D6D6D,0x646D6D6D,0x6D6D6630,
	0x596A6D6D,0x6D6D6450,0x6D6D6D6D,0x61506C6D,0x5E61696A,0x0101215D,0x6F010101,0x2F6F6F6F,
	0x6D6D6046,0x01356D6D,0x0128246F,0x4C146F6F,0x50515148,0x484A4E48,0x6F6F204F,0x6F6F016F,
	0x6F016F6F,0x6F016F01,0x6F6F6F6F,0x6F01016F,0x6F6F6F6F,0x6F6F0101,0x01016F6F,0x6F6F6F6F,
	0x6F010101,0x6F6F6F01,0x6F6F6F6F,0x6F01016F,0x6F6F016F,0x6F6F6F01,0x6F6F6F6F,0x51441F6F,
	0x6F266568,0x4F4E1B6F,0x5C5A4F47,0x66655F3A,0x6C6B6A69,0x5A6D6D6D,0x5D58506B,0x596D6D43,
	0x6D6D4F65,0x6D6D6D6D,0x68596D6D,0x5E6D436D,0x66536D56,0x6D446C6D,0x6D6D6D5B,0x6A6D6D6D,
	0x6D6D6D52,0x6D6D6D6D,0x52646D6D,0x6D6D436D,0x6F236D6D,0x6D6D6D5B,0x6D6D6D5A,0x6D6D6D6D,

	0x6B6D6D6D,0x6D6D6D5B,0x6D6D6D6D,0x6D6D6D6D,0x6D6D6D6D,0x506D6D6D,0x6C6D6D6D,0x6D6D6D41,
	0x356A6D6D,0x6D6D6743,0x6D6D6D6D,0x61506C6D,0x5C616969,0x6F6F2146,0x6F016F6F,0x336F6F6F,
	0x6D6D654E,0x03356D6D,0x6F271D6F,0x46116F6F,0x4E594F50,0x4A505051,0x6F6F2450,0x016F016F,
	0x6F6F6F6F,0x6F6F6F01,0x6F6F6F6F,0x6F6F6F6F,0x6F6F6F6F,0x6F6F6F01,0x6F6F6F6F,0x6F6F6F01,
	0x6F6F6F6F,0x6F6F016F,0x6F6F6F6F,0x6F016F6F,0x6F6F6F6F,0x6F016F6F,0x6F6F6F01,0x513C1F6F,
	0x6F266369,0x443D1A6F,0x5951574B,0x65605D38,0x6D6A6A6A,0x5A6D6D6D,0x5D58526C,0x5A6D6D43,
	0x6D6D4F64,0x6D6D6D6D,0x685A6D6D,0x5E6D436D,0x69566D56,0x6D456C6D,0x6D6D6D5A,0x6A6D6D6D,
	0x6D6D6D50,0x6D6D6D6D,0x50676D6D,0x6D6D436D,0x6F236D6D,0x6D6D6D5F,0x6D6D6D5A,0x6D6D6D6D,

	0x6B6D6D6D,0x6D6D6D5B,0x6D6D6D6D,0x6D6D6D6D,0x6D6D6D6D,0x526D6D6D,0x6D6D6D6D,0x6D6D6D43,
	0x616A6D6D,0x6D6D6857,0x6D6D6D6D,0x61516D6D,0x345C6569,0x6F6F0112,0x6F016F6F,0x2C6F6F6F,
	0x6D6D6A4F,0x02356D6D,0x6F29206F,0x4E126F01,0x4847504F,0x454A5554,0x016F223E,0x01016F01,
	0x016F6F01,0x6F6F6F01,0x6F6F6F01,0x6F6F016F,0x6F016F01,0x6F6F6F6F,0x6F6F6F01,0x6F016F6F,
	0x6F016F6F,0x016F016F,0x6F016F6F,0x6F6F6F6F,0x016F6F01,0x6F6F6F6F,0x6F6F016F,0x4D4C1F6F,
	0x01266166,0x503E2103,0x575B5152,0x615F6037,0x6C6B6A69,0x5A6D6D6D,0x5D58556D,0x5A6D6D43,
	0x6D6D4F65,0x6D6D6D6D,0x685B6D6D,0x5E6D436D,0x6A576D56,0x6D506C6D,0x6D6D6D5A,0x6B6D6D6D,
	0x6D6D6D55,0x6D6D6D6D,0x52696D6D,0x6D6D436D,0x0B236D6D,0x6D6D6D66,0x6D6D6D5A,0x6D6D6D6D,

	0x6C6D6D6D,0x6D6D6D5B,0x6D6D6D6D,0x6D6D6D6D,0x6D6D6D6D,0x546D6D6D,0x6D6D6D6D,0x6D6D6D43,
	0x2B666D6D,0x6D6D6944,0x6D6D6D6D,0x61506D6D,0x0320596A,0x6F016F6F,0x6F6F6F01,0x2A016F6F,
	0x6D6D6A50,0x03356D6D,0x6F29206F,0x48136F6F,0x4F4B4E4F,0x484F4850,0x6F6F2647,0x6F6F6F6F,
	0x6F6F016F,0x6F6F016F,0x6F6F6F6F,0x016F6F6F,0x6F6F016F,0x6F6F6F6F,0x6F6F016F,0x6F016F6F,
	0x016F6F6F,0x6F6F016F,0x016F6F01,0x6F6F016F,0x6F6F6F6F,0x6F6F6F6F,0x016F016F,0x4F441D01,
	0x6F296167,0x50392805,0x5B5A515A,0x65636138,0x6C6C6A69,0x5A6D6D6D,0x5D58586D,0x5A6D6D42,
	0x6D6D4F64,0x6D6D6D6D,0x675D6D6D,0x5E6D436D,0x6A586D56,0x6D576D6D,0x6D6D6D5A,0x6C6D6D6D,
	0x6D6D6D59,0x6D6D6D6D,0x57696D6D,0x6D6D426D,0x14236D6D,0x6D6D6D69,0x6D6D6D5A,0x6D6D6D6D,

	0x686C6C6C,0x6D6D6C59,0x6D6D6D6D,0x6D6D6D6D,0x6D6D6D6D,0x4F6D6D6D,0x6D6D6C6A,0x6D6D6D43,
	0x696A6D6D,0x6D6D6A57,0x6D6D6D6D,0x5C516D6D,0x6F01133C,0x6F6F6F6F,0x016F6F6F,0x2C6F6F6F,
	0x6D6D6D55,0x01416D6D,0x012C256F,0x4F166F01,0x4F4F4648,0x46454B49,0x016F204F,0x6F016F6F,
	0x016F016F,0x6F6F6F6F,0x6F6F6F6F,0x6F6F016F,0x016F6F01,0x6F6F6F01,0x016F6F6F,0x6F6F6F6F,
	0x6F6F6F6F,0x6F6F0101,0x6F6F016F,0x6F6F6F6F,0x6F6F6F01,0x6F6F6F01,0x6F016F6F,0x52491D01,
	0x6F296167,0x4B48270B,0x5C5A554A,0x68616135,0x6C6A6969,0x5A6D6D6D,0x5D585A6E,0x5A6D6D42,
	0x6D6D4F65,0x6D6D6D6D,0x685C6D6D,0x5E6D426D,0x6A596D56,0x6D5A6D6D,0x6D6D6D5A,0x6D6D6D6D,
	0x6D6D6D5A,0x6D6D6D6D,0x596A6D6D,0x6D6D426D,0x12236D6D,0x6D6D6D69,0x6D6D6D5A,0x6D6D6D6D,

	0x444F5053,0x43444542,0x43434342,0x43434343,0x43434343,0x3D444443,0x53504F46,0x5659594F,
	0x474E5052,0x42424241,0x323D4142,0x3A3C403F,0x36363636,0x3A383636,0x43423E3C,0x4E4C4844,
	0x2A314246,0x363F4844,0x34303034,0x423C3A38,0x3538393C,0x2C2E3233,0x352D292A,0x34341F26,
	0x36363635,0x36363636,0x36363636,0x36363636,0x36363636,0x36363636,0x3A373636,0x423F3D3B,
	0x4B484544,0x4B4D4E4D,0x4344453B,0x3B3D3F42,0x36363639,0x36363636,0x36363636,0x3D3C3936,
	0x36394242,0x3E3C3A36,0x4042413E,0x4242423C,0x42424242,0x2E3E4041,0x544F433E,0x51525051,
	0x4D4F4D51,0x4344474A,0x44424343,0x4E4F4448,0x5852544F,0x59575A5A,0x4E505453,0x40424345,
	0x34383C3C,0x593A3D3A,0x575A5A5A,0x5356505A,0x44424A4F,0x5A5A5855,0x5A5A5A58,0x58525759,

	0x6D6D6D6D,0x6D6D6D6D,0x6D6D6D6D,0x6D6D6D6D,0x6D6D6D6D,0x6D6D6D6D,0x6D6D6D6D,0x6D6D6D6D,
	0x6D6D6D6D,0x6D6D6D6D,0x695A616D,0x6C6C6C6B,0x6D6C6C6C,0x6D6D6D6D,0x6C6C6C6D,0x6B6B6C6C,
	0x3A385B6A,0x3A3B3A3A,0x3B3B3B3B,0x3B3B3B3B,0x3A3A3B3B,0x3638393A,0x6B692F35,0x6D6D5A51,
	0x6D6D6D6D,0x6D6D6D6D,0x6D6D6D6D,0x6D6D6D6D,0x6D6D6D6D,0x6D6D6D6D,0x6D6D6D6D,0x6D6D6D6D,
	0x6D6D6D6D,0x6D6D6D6D,0x5856496A,0x615C5A5A,0x6C696764,0x6463696D,0x6D6D6D69,0x6D6D6D6D,
	0x6D6D6D6D,0x6D6D6D6D,0x6D6D6D6D,0x6D6D6D6D,0x6D6D6D6D,0x6A6D6D6D,0x6D685A56,0x5E635C69,
	0x6D6D6D6D,0x6D6D6D6D,0x6D6D6D6D,0x6D6D6D6D,0x6D6D6D6D,0x6D6D6D6D,0x6D6D6D6D,0x6D6D6D6D,
	0x6D6D6D6D,0x5A6A6D6D,0x6D6D615B,0x6D6D6D6D,0x6D6D6D6D,0x6D6D6D6D,0x6D6D6D6D,0x6D6D6D6D,

	0x6D6D6D6D,0x6D6D6D6D,0x6D6D6D6D,0x6D6D6D6D,0x6D6D6D6D,0x6D6D6D6D,0x6D6D6D6D,0x6D6D6D6D,
	0x6D6D6D6D,0x6A6D6D6D,0x413F3B54,0x43434342,0x44444343,0x44444444,0x4A464444,0x53514F4D,
	0x54565856,0x414E4F51,0x4444413E,0x44444444,0x44444444,0x43434344,0x6D6D503F,0x6D6D6D6D,
	0x6D6D6D6D,0x6165696B,0x6A67635E,0x6D6D6D6D,0x6D6D6D6D,0x6D6D6D6D,0x6D6D6D6D,0x6D6D6D6D,
	0x6D6D6D6D,0x6D6D6D6D,0x5355546D,0x6B676159,0x6D6D6D6D,0x6D6D6D6D,0x6D6D6D6D,0x6D6D6D6D,
	0x6D6D6D6D,0x6D6D6D6D,0x6D6D6D6D,0x6D6D6D6D,0x6D6D6D6D,0x6D6D6D6D,0x352C5D6D,0x6D6D6D69,
	0x6D6D6D6D,0x6D6D6D6D,0x6D6D6D6D,0x6D6D6D6D,0x6D6D6D6D,0x6D6D6D6D,0x6D6D6D6D,0x6D6D6D6D,
	0x6D6D6D6D,0x6D6D6D6D,0x584F616D,0x6D6D6D66,0x6D6D6D6D,0x6D6D6D6D,0x6D6D6D6D,0x6D6D6D6D,

	0x6D6D6D6D,0x6D6D6D6D,0x6D6D6D6D,0x6D6D6D6D,0x6D6D6D6D,0x6C6C6C6C,0x6D6D6D6D,0x6D6D6D6D,
	0x6D6D6D6D,0x5A596B6C,0x6D6D696B,0x6D6D6D6D,0x6D6D6D6D,0x6D6D6D6D,0x6D6D6D6D,0x6D6D6D6D,
	0x6D6D6D6D,0x656D6D6D,0x6D6D655F,0x6C6C6C6D,0x6D6D6D6C,0x6D6D6D6D,0x6D6D6A4C,0x6D6D6D6D,
	0x6D6D6D6D,0x6D6D6D6D,0x6D6D6D6D,0x6D6D6D6D,0x6D6D6D6D,0x6D6D6D6D,0x6D6D6D6D,0x6D6D6D6D,
	0x6D6D6D6D,0x6D6D6D6D,0x6C566A6D,0x6D6D6D6C,0x6D6D6D6D,0x6D6D6D6D,0x6D6D6D6D,0x6D6D6D6D,
	0x6D6D6D6D,0x6D6D6D6D,0x6D6D6D6D,0x6D6D6D6D,0x6D6D6D6D,0x6D6D6D6D,0x486B6D6D,0x6D6D692F,
	0x6D6D6D6D,0x6D6D6D6D,0x6D6D6D6D,0x6D6D6D6D,0x6D6D6D6D,0x6D6D6D6D,0x6D6D6D6D,0x6D6D6D6D,
	0x6D6D6D6D,0x6D6D6D6D,0x6C6D6D6D,0x6A4F4558,0x6D6D6D6C,0x6D6D6D6D,0x6D6D6D6D,0x6D6D6D6D,

	0x4F4E4A46,0x59575451,0x5A5A5A5A,0x51545759,0x454A4E4F,0x423F4044,0x43434242,0x43434343,
	0x42424343,0x40382E41,0x43424242,0x43434343,0x43434343,0x43434343,0x43434343,0x48454443,
	0x53504F4C,0x51545755,0x454A4E4F,0x413E4144,0x43434242,0x3E424343,0x4242402E,0x43434342,
	0x44434343,0x4F4E4A46,0x5A575451,0x575A5A5A,0x4F505254,0x4445484C,0x43434343,0x43434343,
	0x43434343,0x43434343,0x3D304242,0x43424241,0x43434343,0x43434343,0x43434343,0x43434343,
	0x43434343,0x43434343,0x43434343,0x43434343,0x43434343,0x43434343,0x40424242,0x43422F38,
	0x43434343,0x43434343,0x43434343,0x43434343,0x43434343,0x43434343,0x43434343,0x43434343,
	0x43434343,0x43434343,0x41424243,0x2F363E40,0x5A575038,0x595A5A5A,0x50525457,0x45484C4F,

	0x43434343,0x43434343,0x43434343,0x43434343,0x43434343,0x43434343,0x43434343,0x43434343,
	0x40424243,0x4242283F,0x43434343,0x43434343,0x43434343,0x43434343,0x43434343,0x43434343,
	0x43434343,0x43434343,0x43434343,0x43434343,0x43434343,0x3D424343,0x43434230,0x43434343,
	0x43434343,0x43434343,0x43434343,0x43434343,0x43434343,0x43434343,0x43434343,0x43434343,
	0x43434343,0x43434343,0x3D304242,0x43434342,0x43434343,0x43434343,0x43434343,0x43434343,
	0x43434343,0x43434343,0x43434343,0x43434343,0x43434343,0x43434343,0x41424242,0x4342323F,
	0x43434343,0x43434343,0x43434343,0x43434343,0x43434343,0x43434343,0x43434343,0x43434343,
	0x43434343,0x43434343,0x43434343,0x39424343,0x42424032,0x43434342,0x43434343,0x43434343,

	0x6D6D6D6D,0x6D6D6D6D,0x6D6D6D6D,0x6D6D6D6D,0x6D6D6D6D,0x6D6D6D6D,0x6D6D6D6D,0x6D6D6D6D,
	0x6D6D6D6D,0x6D6D436D,0x6D6D6D6D,0x6D6D6D6D,0x6D6D6D6D,0x6D6D6D6D,0x6D6D6D6D,0x6D6D6D6D,
	0x6D6D6D6D,0x6D6D6D6D,0x6D6D6D6D,0x6D6D6D6D,0x6D6D6D6D,0x666D6D6D,0x6D6D6D4D,0x6D6D6D6D,
	0x6D6D6D6D,0x6D6D6D6D,0x6D6A6D6D,0x6D6D6D6D,0x6D6D6D6D,0x6D6D6D6D,0x6D6D6D6D,0x6D6D6D6D,
	0x6D6D6D6D,0x6D6D6D6D,0x664D6D6D,0x6D6D6D6D,0x6D6D6D6D,0x6D6D6D6D,0x6D6D6D6D,0x6D6D6D6D,
	0x6D6D6D6D,0x6D6D6D6D,0x6D6D6D6D,0x6D6D6D6D,0x6D6D6D6D,0x6D6D6D6D,0x6D6D6D6D,0x6D6D436D,
	0x6D6D6D6D,0x6D6D6D6D,0x6D6D6D6D,0x6D6D6D6D,0x6D6D6D6D,0x6D6D6D6D,0x6D6D6D6D,0x6D6D6D6D,
	0x6D6D6D6D,0x6D6D6D6D,0x6D6D6D6D,0x6A6D6D6D,0x6D6D6C57,0x556A6D6D,0x6D684340,0x6D6D6D6D,

	0x6D6D6D6D,0x6D6D6D6D,0x6D6D6D6D,0x6D6D6D6D,0x6D6D6D6D,0x6D6D6D6D,0x6D6D6D6D,0x6D6D6D6D,
	0x6D6D6D6D,0x6D6D436D,0x6D6D6D6D,0x6D6D6D6D,0x6D6D6D6D,0x6D6D6D6D,0x6D6D6D6D,0x6D6D6D6D,
	0x6D6D6D6D,0x6D6D6D6D,0x6D6D6D6D,0x6D6D6D6D,0x6D6D6D6D,0x666D6D6D,0x6D6D6D4D,0x6D6D6D6D,
	0x6D6D6D6D,0x6A6D6D6D,0x6D6D6D61,0x6D6D6D6D,0x6D6D6D6D,0x6D6D6D6D,0x6D6D6D6D,0x6D6D6D6D,
	0x6D6D6D6D,0x6D6D6D6D,0x664D6D6D,0x6D6D6D6D,0x6D6D6D6D,0x6D6D6D6D,0x6D6D6D6D,0x6D6D6D6D,
	0x6D6D6D6D,0x6D6D6D6D,0x6D6D6D6D,0x6D6D6D6D,0x6D6D6D6D,0x6D6D6D6D,0x6D6D6D6D,0x6D6D436D,
	0x6D6D6D6D,0x6D6D6D6D,0x6D6D6D6D,0x6D6D6D6D,0x6D6D6D6D,0x6D6D6D6D,0x6D6D6D6D,0x6D6D6D6D,
	0x6D6D6D6D,0x6D6D6D6D,0x6D6D6D6D,0x6A6D6D6D,0x6D6D6D58,0x5349606D,0x6D6D6C61,0x6D6D6D6D,

	0x4C4F4948,0x45504A4B,0x3B3D444A,0x34363D3C,0x433D413E,0x464E4B4B,0x3E42444C,0x3533383D,
	0x342D3236,0x34322035,0x33302F35,0x38363436,0x3C3D3D34,0x4443483D,0x4C4E4845,0x44444449,
	0x4342484B,0x423C3C42,0x40494A44,0x3D3D3D3D,0x2E2C323B,0x2F343334,0x49443D25,0x43455050,
	0x3A3D3C42,0x3334363A,0x36343332,0x3734343B,0x33363435,0x35363436,0x2E2F3334,0x3C3D3631,
	0x433F423C,0x494B4F45,0x2F243644,0x34353630,0x32343333,0x33343835,0x403F3A33,0x443F3C3D,
	0x3D42464B,0x353C3A38,0x39383634,0x4444433B,0x4342444E,0x3235393C,0x38332F32,0x342F2438,
	0x423C3A37,0x4F4C494A,0x4E454451,0x423D3F45,0x51454246,0x44443D49,0x353B3E3C,0x2A2C2F31,
	0x2D33332C,0x33323934,0x3D363A39,0x3D47403D,0x444D4F36,0x4845504E,0x4F4F444F,0x4B4D4D4A,

	0x28313B36,0x2B2E3434,0x342C3238,0x35342C2F,0x34302C2C,0x313D2A2C,0x33302E2C,0x322E2D34,
	0x30312C2E,0x3030272D,0x3A352F36,0x342E2C34,0x2C2B343A,0x32363435,0x34383639,0x36353330,
	0x36343A3B,0x39342F2F,0x32343034,0x35353C36,0x34353534,0x342C2B2D,0x282E3025,0x2D2C362E,
	0x2B272E2F,0x2E342F2C,0x2D2F2D2C,0x3430352C,0x36332D2F,0x2D2C302F,0x2F303435,0x2A262A30,
	0x28292A27,0x342F292A,0x2D222C33,0x30343834,0x3534352D,0x38343932,0x36343335,0x2A353233,
	0x3534302E,0x2A2C1E28,0x323B332C,0x2F2A292A,0x322C3434,0x2C2C3036,0x2A2D332E,0x322E1B30,
	0x3A3A342C,0x313A3A33,0x2C32383B,0x2A363732,0x342F342D,0x2F2C3430,0x3B303632,0x3D342D3C,
	0x35332D36,0x31302F2E,0x2C2D383A,0x2B2D2A32,0x343A2C34,0x343A2E2F,0x372C3430,0x3B3B2A32,

	0x434F504F,0x42454844,0x49444746,0x44424545,0x4F4F3F40,0x474C4146,0x4D444844,0x42444649,
	0x43494443,0x4F3F3444,0x51444C44,0x4C4E524F,0x45434C4A,0x44454E50,0x4E444544,0x5552504E,
	0x474F4F4B,0x594A4442,0x50494947,0x49495656,0x4B424B4C,0x44423B42,0x4442452B,0x43484241,
	0x4A4F444A,0x4E434446,0x4D49534F,0x3F4D4344,0x464B4340,0x42444A4F,0x544E4E42,0x43434C4A,
	0x3F43424F,0x44434743,0x47354747,0x3F494C47,0x44464F40,0x4E4E4944,0x4A415054,0x454C4544,
	0x44424345,0x45402928,0x4C454D4E,0x4B423E44,0x4B434852,0x4444504E,0x46484E44,0x3D48283F,
	0x44524548,0x4A41464F,0x46444555,0x4443474F,0x44445044,0x473F3D42,0x4D404C4F,0x534B3E4F,
	0x4F4E4549,0x4348433E,0x493C4B46,0x2D3F4052,0x4D464042,0x474B4A43,0x4C3D4B4F,0x4C4D4D44,

	0x2A363633,0x2F323735,0x2D2E3534,0x35353A33,0x363A3736,0x36323231,0x35323333,0x36323035,
	0x30343437,0x362D2231,0x37322D2F,0x342E2E34,0x34303438,0x34373B35,0x30363434,0x33343831,
	0x3A353637,0x38352C34,0x34353837,0x30333536,0x34393532,0x30302E2D,0x322E322A,0x31363735,
	0x36333A32,0x34323638,0x363B3B33,0x33342F34,0x3B333234,0x35373634,0x3B343634,0x3032363A,
	0x2F353535,0x39333534,0x2F293337,0x34333435,0x33353434,0x35333031,0x35333633,0x3B363833,
	0x35343736,0x342C1621,0x343A3432,0x33333031,0x34313036,0x35343436,0x33303635,0x2D33132C,
	0x30343330,0x2D323233,0x2F303434,0x2E343934,0x37343432,0x3B353335,0x362F3436,0x38332F33,
	0x383A322E,0x32313034,0x342D3639,0x2A2C2C37,0x33342F2D,0x342F322F,0x38302E3C,0x313B302C,

	0x6B6C6C6C,0x6C6C6C6C,0x6C6C6C6C,0x6C6C6C6C,0x6C6C6C6C,0x6C6C6C6C,0x6B6C6B6B,0x6C6C6C6C,
	0x6C6C6C6C,0x6C6B4F6C,0x6C6C6C6C,0x6C6C6C6C,0x6C6B6C6C,0x6C6C6D6C,0x6C6C6C6C,0x6C6C6C6C,
	0x6C6C6C6C,0x6C6C6C6C,0x6C6C6C6C,0x6C6C6C6C,0x6C6D6C6C,0x6A6C6C6B,0x6C6C6C57,0x6C6C6C6C,
	0x6C6C6C6C,0x6C6C6C6C,0x6C6C6C6C,0x6C6C6C6C,0x6D6C6C6C,0x6C6C6C6C,0x6C6C6C6C,0x6C6C6C6C,
	0x6C6C6C6C,0x6C6C6C6C,0x694F6C6D,0x6C6C6C6C,0x6C6C6C6C,0x6C6C6C6C,0x6C6C6C6C,0x6C6C6C6C,
	0x6C6C6C6C,0x6C663D3B,0x6C6C6C6C,0x6B6C6C6C,0x6C6C6C6C,0x6C6C6C6C,0x6C6C6C6C,0x6B6B2C6C,
	0x6C6C6C6C,0x6B6C6B6B,0x6C6C6C6C,0x6B6C6C6C,0x6C6C6C6C,0x6C6C6C6C,0x6C6C6C6C,0x6C6C6B6C,
	0x6C6C6C6C,0x6C6C6B6C,0x6C6C6C6C,0x536C6C6D,0x6C6C6B67,0x6B6C6C6B,0x6C6C6C6D,0x6C6C6B6C,

	0x6E6E6E6D,0x6D6D6D6E,0x6E6D6D6E,0x6D6D6D6D,0x6E6D6D6D,0x6D6E6D6D,0x6E6D6E6D,0x6D6D6D6D,
	0x6D6D6D6D,0x6D6D436D,0x6D6D6D6D,0x6E6D6E6D,0x6D6D6D6E,0x6D6D6D6E,0x6E6E6D6D,0x6D6D6D6D,
	0x6D6D6D6D,0x6E6D6D6D,0x6D6D6D6E,0x6D6D6D6D,0x6D6E6D6D,0x686D6D6D,0x6D6D6D4F,0x6D6D6D6D,
	0x6D6D6D6D,0x6D6D6D6E,0x6E6D6E6E,0x6D6D6D6D,0x6D6D6D6E,0x6D6D6D6D,0x6D6D6D6E,0x6D6D6E6D,
	0x6D6D6D6D,0x6D6D6D6D,0x674D6D6D,0x6D6D6D6D,0x6D6E6D6D,0x6D6E6D6E,0x6D6E6E6D,0x6D6D6D6D,
	0x6D6D6D6D,0x6D6D603A,0x6D6D6D6D,0x6D6D6D6D,0x6D6E6E6D,0x6E6D6D6D,0x6D6D6D6D,0x6D6D3D6D,
	0x6D6D6D6D,0x6D6E6D6D,0x6D6D6D6D,0x6E6D6D6D,0x6E6D6D6D,0x6D6D6D6E,0x6D6E6D6D,0x6D6D6D6E,
	0x6D6D6E6D,0x6D6E6D6D,0x6D6D6D6D,0x616C6D6D,0x6D6D6D5D,0x6D6D6D6D,0x6D6D6E6E,0x6D6E6E6D,

	0x43434343,0x43434343,0x43434343,0x43434343,0x43434343,0x43434343,0x43434343,0x43434343,
	0x42434343,0x42422C42,0x43434343,0x43434343,0x43434343,0x43434343,0x43434343,0x43434343,
	0x43434343,0x43434343,0x43434343,0x43434343,0x43434343,0x3D424243,0x43424230,0x43434343,
	0x43434343,0x43434343,0x43434343,0x43434343,0x43434343,0x43434343,0x43434343,0x43434343,
	0x43434343,0x43434343,0x3D304242,0x43434242,0x43434343,0x43434343,0x43434343,0x43434343,
	0x42424343,0x42423B28,0x43434343,0x43434343,0x43434343,0x43434343,0x42434343,0x42422C42,
	0x43434343,0x43434343,0x43434343,0x43434343,0x43434343,0x43434343,0x43434343,0x43434343,
	0x43434343,0x43434343,0x42434343,0x40414242,0x43424236,0x43434343,0x43434343,0x43434343,

	0x6D6D6D6D,0x6D6D6D6D,0x6D6D6D6D,0x6D6D6D6D,0x6D6D6D6D,0x6D6D6D6D,0x6D6D6D6D,0x6D6D6D6D,
	0x6D6D6D6D,0x6D6D4F6D,0x6D6D6D6D,0x6D6D6D6D,0x6D6D6D6D,0x6D6D6D6D,0x6D6D6D6D,0x6D6D6D6D,
	0x6D6D6D6D,0x6D6D6D6D,0x6D6D6D6D,0x6D6D6D6D,0x6D6D6D6D,0x686D6D6D,0x6D6D6D4F,0x6D6D6D6D,
	0x6D6D6D6D,0x6D6D6D6D,0x6D6D6D6D,0x6D6D6D6D,0x6D6D6D6D,0x6D6D6D6D,0x6D6D6D6D,0x6D6D6D6D,
	0x6D6D6D6D,0x6D6D6D6D,0x664D6D6D,0x6D6D6D6D,0x6D6D6D6D,0x6D6D6D6D,0x6D6D6D6D,0x6D6D6D6D,
	0x6D6D6D6D,0x6D6D6850,0x6D6D6D6D,0x6D6D6D6D,0x6D6D6D6D,0x6D6D6D6D,0x6D6D6D6D,0x6D6D4F6D,
	0x6D6D6D6D,0x6D6D6D6D,0x6D6D6D6D,0x6D6D6D6D,0x6D6D6D6D,0x6D6D6D6D,0x6D6D6D6D,0x6D6D6D6D,
	0x6D6D6D6D,0x6D6D6D6D,0x6D6D6D6D,0x6D6D6D6D,0x6D6D6D5B,0x6D6D6D6D,0x6D6D6D6D,0x6D6D6D6D,

	0x6A6A6B6B,0x6A6A6A6A,0x6A6A6A6A,0x6A6A6A6A,0x6A6A6A6A,0x6A6A6A6A,0x6A6A6A6A,0x6A6A6A6A,
	0x6A6A6A6A,0x6B6A536A,0x6B6B6C6C,0x6C6C6D6C,0x6B6B6B6C,0x6A6A6A6A,0x6B6B6B6A,0x6D6C6C6C,
	0x6D6C6C6C,0x6B6C6C6C,0x6A6A6B6B,0x6A6A6A6A,0x6B6B6B6A,0x6A6C6C6C,0x6A6A6A53,0x6A6A6A6A,
	0x6A6A6A6A,0x6A6A6A6A,0x6A6A6A6A,0x6A6A6A6A,0x6A6A6A6A,0x6A6A6A6A,0x6A6A6A6A,0x6A6A6A6A,
	0x6A6A6A6A,0x6A6A6A6A,0x624A6A6A,0x6A6A6A6A,0x6A6A6A6A,0x6A6A6A6A,0x6A6A6A6A,0x6A6A6A6A,
	0x6B6B6A6A,0x6C6C6C6A,0x6D6D6D6D,0x6C6D6D6D,0x6B6C6C6C,0x6A6A6A6B,0x6A6A6A6A,0x6D6D556A,
	0x6C6C6C6D,0x6A6A6B6B,0x6A6A6A6A,0x6A6A6A6A,0x6A6A6A6A,0x6C6B6B6B,0x6D6D6C6C,0x6C6C6C6D,
	0x6A6B6B6B,0x6A6A6A6A,0x6A6A6A6A,0x6A6A6A6A,0x6A6A6A59,0x6A6A6A6A,0x6C6C6B6B,0x6D6D6D6C,

	0x1418191D,0x0B0E0E0C,0x090D0E0B,0x0A0A0E0C,0x0E09090B,0x0C0B0B0D,0x0C172C23,0x090B0A0B,
	0x0A070606,0x1C0C090B,0x1F1D2124,0x22242624,0x181C1F21,0x100C1014,0x1F1D1915,0x27252321,
	0x27222226,0x20212225,0x12161B1E,0x0F0E0E0E,0x30201813,0x3C3C343A,0x04142D2E,0x04040404,
	0x04040404,0x04040404,0x04040404,0x04040404,0x04040404,0x04040404,0x04040404,0x26262404,
	0x23232528,0x2C2F2A24,0x292A282C,0x04102F2F,0x04040404,0x04040404,0x04040404,0x0A040404,
	0x1B18140F,0x2321201E,0x26262524,0x24252526,0x2F363223,0x2A30342C,0x09091F28,0x28271D0B,
	0x20212225,0x16191C1E,0x0D0B0E13,0x0B0B0C10,0x170F0C0B,0x221F1D17,0x28272422,0x22242526,
	0x171A1E20,0x0F0E1014,0x0F0D0A0E,0x090B090B,0x05040604,0x30260605,0x3E3B433B,0x4F433E48,

	0x3B433C34,0x3C3A3C36,0x3A35363F,0x4335353D,0x3E3C3844,0x3A3B3534,0x33254536,0x3D3E382C,
	0x38443934,0x463C3C37,0x3C473A41,0x3D3B3835,0x3D3C383D,0x3A3B3638,0x3A383A38,0x3D3A3A36,
	0x383B3B3C,0x433C373B,0x4140453B,0x3B36423B,0x322A303D,0x35343433,0x37343535,0x3A3B3D40,
	0x31343537,0x2D2D2D2E,0x2D2D2D2D,0x2D2D2D2D,0x2D2D2D2D,0x2C2C2D2D,0x2A2A2C2C,0x1F1F2029,
	0x1E1E1F1F,0x1D1D1D1E,0x1F1F1E1E,0x2A251F1F,0x2C2C2B2A,0x3736332E,0x3A3C3B3A,0x504A433C,
	0x40434C50,0x3D434A45,0x373A3B3C,0x34353535,0x32333434,0x1F21282E,0x3636111F,0x4940363C,
	0x343A4436,0x3D433A34,0x3C3C4435,0x36433D38,0x39374238,0x3E3A3D36,0x3E354439,0x3A383A3C,
	0x41403E3C,0x36444431,0x48344240,0x3C3D363C,0x303A3636,0x6A3F011E,0x696A6967,0x6A69696A,

	0x4F504E46,0x44454F44,0x45474745,0x4F3C444B,0x454A4948,0x3D3F4249,0x4527342C,0x4F4A444F,
	0x4F454351,0x4447454C,0x4F46414E,0x50433D48,0x4C4A464F,0x40454244,0x503F4544,0x41514F45,
	0x4D484040,0x4C4F4344,0x484E4956,0x3D444143,0x535B384E,0x6D6D6D6C,0x6D6D6D6D,0x6D6D6D6D,
	0x6D6E6D6E,0x6D6E6941,0x6D6D6D6D,0x6D6D6D6D,0x6D6E6D6E,0x6D64436D,0x6D6D6D6D,0x6D6D6D6D,
	0x6D6D6D6D,0x61446C6C,0x6D6D6D6D,0x6E6D6D6D,0x6D6D6D6D,0x5C5A6D6D,0x6B6C6C6D,0x69686A6A,
	0x6D6C6A6A,0x436C6D6D,0x6D6D6D6A,0x6D6D6D6D,0x6D6D6D6D,0x6D6D6D6D,0x4539424F,0x49404F46,
	0x46484D44,0x4D444345,0x4843464F,0x43414346,0x44444445,0x4948473D,0x42474646,0x4451433D,
	0x3D434F43,0x423F5344,0x44443A48,0x44424243,0x3D464143,0x6D440A25,0x6D6D6D6D,0x6D6D6D6D,

	0x38313D43,0x3C363638,0x36373530,0x3436382F,0x30373530,0x22333A31,0x2025483C,0x2A2C3A39,
	0x332A3332,0x2E2C302E,0x2D322E32,0x33343B36,0x2D38363C,0x2C32362A,0x30323026,0x34342C2D,
	0x3027292E,0x33333334,0x2A32382F,0x2C35342F,0x505A2733,0x6D6D6D6C,0x6D6D6D6D,0x6D6D6D6D,
	0x6D6D6D6D,0x6D6D6B58,0x6D6D6D6D,0x6D6D6D6D,0x6D6D6D6D,0x6D66576D,0x6D6D6D6D,0x6D6D6D6D,
	0x6D6D6D6D,0x635A6D6D,0x6D6D6D6D,0x6D6D6D6D,0x6D6D6D6D,0x5E626D6D,0x6D6D6D6D,0x6D6D6D6D,
	0x6D6D6D6D,0x4F6C6D6D,0x6D6D6D6A,0x6D6D6D6D,0x6D6D6D6D,0x6D6D6D6D,0x35244461,0x332C2827,
	0x362F262A,0x3C2F2A36,0x38363534,0x30362F2C,0x34342A24,0x32363026,0x302F3334,0x2D272F2C,
	0x3A2A2F3A,0x34362C39,0x29343C2E,0x35282F33,0x262A2A3E,0x6D4B1D16,0x6D6D6D6D,0x6D6D6D6D,

	0x5A20212D,0x5A5A5A43,0x5B4E1F44,0x5A5B5B5B,0x1A36525A,0x1F1C1209,0x0C3B6D6C,0x13121516,
	0x1A171A19,0x191D1B1A,0x19191F1A,0x131A1C19,0x141D1F1E,0x1B181610,0x171C1616,0x1D1D171D,
	0x1A1A1818,0x1813161D,0x161A1A18,0x16161615,0x6A5C1311,0x6D6D6D6D,0x6D6D6D6D,0x6D6D6D6D,
	0x6D6D6D6D,0x6D6D6D6D,0x6D6D6D6D,0x6D6D6D6D,0x6D6D6D6D,0x6D6D6D6D,0x6D6D6D6D,0x6D6D6D6D,
	0x6D6D6D6D,0x6D6D6D6D,0x6D6D6D6D,0x6D6D6D6D,0x6D6D6D6D,0x6D6D6D6D,0x6D6D6D6D,0x6D6D6D6D,
	0x6D6D6D6D,0x6D6D6D6D,0x6D6D6D6D,0x6D6D6D6D,0x6D6D6D6D,0x6D6D6D6D,0x17175C6D,0x17181516,
	0x1A161517,0x1D181318,0x1B1C1A1D,0x161A1D14,0x1B1D190F,0x1A1D1E13,0x16131917,0x1E141817,
	0x1E18151B,0x0E130E19,0x0A101010,0x6F01040B,0x6F6F0101,0x6D50266F,0x6D6D6D6D,0x6D6D6D6D,

	0x3424292C,0x2F2C3332,0x32342A26,0x3237332C,0x2328282F,0x23272722,0x124E6D6D,0x1F1F2824,
	0x1F262724,0x25222323,0x2021261F,0x22232421,0x1F252623,0x26282520,0x24241E22,0x211F1E26,
	0x1F1F221F,0x211D2025,0x1F1E2324,0x21252320,0x6D611F1E,0x6D6D6D6D,0x6D6D6D6D,0x6D6D6D6D,
	0x6D6D6D6D,0x6D6D6D6D,0x6D6D6D6D,0x6D6D6D6D,0x6D6D6D6D,0x6D6D6D6D,0x6D6D6D6D,0x6D6D6D6D,
	0x6D6D6D6D,0x6D6D6D6D,0x6D6D6D6D,0x6D6D6D6D,0x6D6D6D6D,0x6D6D6D6D,0x6D6D6D6D,0x6D6D6D6D,
	0x6D6D6D6D,0x6D6D6D6D,0x6D6D6D6D,0x6D6D6D6D,0x6D6D6D6D,0x6D6D6D6D,0x231E5C6D,0x28232022,
	0x26232120,0x231F1B21,0x1D1F2420,0x2225231D,0x2028241E,0x1B24251D,0x21232821,0x27232228,
	0x28221D24,0x24221621,0x24232626,0x241E2228,0x1F1F1624,0x6D572F04,0x6D6D6D6D,0x6D6D6D6D,

	0x505A4E41,0x4144423C,0x4F434944,0x4B49434C,0x414F524F,0x282B434C,0x1F586D6D,0x2E303034,
	0x34302D2C,0x33252432,0x2A252D32,0x21282C2C,0x2A2F2B25,0x2A2B2C32,0x2328292B,0x2A322928,
	0x2C2A2829,0x332E2828,0x332A2E2F,0x2D2A312D,0x6D652930,0x6D6D6D6D,0x6D6D6D6D,0x6D6D6D6D,
	0x6D6D6D6D,0x6D6D6D6D,0x6D6D6D6D,0x6D6D6D6D,0x6D6D6D6D,0x6D6D6D6D,0x6D6D6D6D,0x6D6D6D6D,
	0x6D6D6D6D,0x6D6D6D6D,0x6D6D6D6D,0x6D6D6D6D,0x6D6D6D6D,0x6D6D6D6D,0x6D6D6D6D,0x6D6D6D6D,
	0x6D6D6D6D,0x6D6D6D6D,0x6D6D6D6D,0x6D6D6D6D,0x6D6D6D6D,0x6D6D6D6D,0x331D5C6D,0x2F27303A,
	0x2A2D352E,0x312E2F2F,0x2A242832,0x2D242229,0x2D33282C,0x2A2C2E2C,0x202A2924,0x272A2924,
	0x26222122,0x2A261E26,0x2A2F2422,0x29322A22,0x2F29302E,0x6D533713,0x6D6D6D6D,0x6D6D6D6D,

	0x2F202C2D,0x343C3D36,0x2C2C292A,0x2B332D2A,0x23272524,0x2E2D1D19,0x342B2D2D,0x37373736,
	0x38383838,0x38383838,0x38383838,0x38383838,0x38383838,0x38383838,0x38383838,0x38383838,
	0x3D3B3A38,0x4644423F,0x45434A49,0x4C46484B,0x6D693A4D,0x6D6D6D6D,0x6D6D6D6D,0x6D6D6D6D,
	0x6D6D6D6D,0x6D6D6D6D,0x6D6D6D6D,0x6D6D6D6D,0x6D6D6D6D,0x6D6D6D6D,0x6D6D6D6D,0x6D6D6D6D,
	0x6D6D6D6D,0x6D6D6D6D,0x6D6D6D6D,0x6D6D6D6D,0x6D6D6D6D,0x6D6D6D6D,0x6D6D6D6D,0x6D6D6D6D,
	0x6D6D6D6D,0x6D6D6D6D,0x6D6D6D6D,0x6D6D6D6D,0x6D6D6D6D,0x6D6D6D6D,0x483D5C6D,0x40434446,
	0x383B3C3D,0x38383838,0x38383838,0x38383838,0x38383838,0x38383838,0x38383838,0x38383838,
	0x38383838,0x38383838,0x38383838,0x37373838,0x35363636,0x56452F34,0x4E4F5153,0x4444474A,

	0x3F0A2A1F,0x1F31443D,0x2B282420,0x21272A2A,0x4D341C1A,0x6D6D4266,0x6D6D6D6D,0x6D6D6D6D,
	0x6D6D6D6D,0x6D6D6D6D,0x6D6D6D6D,0x6D6D6D6D,0x6D6D6D6D,0x6D6D6D6D,0x6D6D6D6D,0x6D6D6D6D,
	0x6D6D6D6D,0x6D6D6D6D,0x6D6D6D6D,0x6D6D6D6D,0x6D695B6D,0x6D6D6D6D,0x6D6D6D6D,0x6D6D6D6D,
	0x6D6D6D6D,0x6D6D6D6D,0x6D6D6D6D,0x6D6D6D6D,0x6D6D6D6D,0x6D6D6D6D,0x6D6D6D6D,0x6D6D6D6D,
	0x6D6D6D6D,0x6D6D6D6D,0x6D6D6D6D,0x6D6D6D6D,0x6D6D6D6D,0x6D6D6D6D,0x6D6D6D6D,0x6D6D6D6D,
	0x6D6D6D6D,0x6D6D6D6D,0x6D6D6D6D,0x6D6D6D6D,0x6D6D6D6D,0x6D6D6D6D,0x6D5A5C6D,0x6D6D6D6D,
	0x6D6D6D6D,0x6D6D6D6D,0x6D6D6D6D,0x6D6D6D6D,0x6D6D6D6D,0x6D6D6D6D,0x6D6D6D6D,0x6D6D6D6D,
	0x6D6D6D6D,0x6D6D6D6D,0x6D6D6D6D,0x6D6D6D6D,0x6D6D6D6D,0x6D6D6D6D,0x6D6D6D6D,0x6D6D6D6D,

	0x0711181F,0x2D262713,0x222D3134,0x3A231625,0x6D6D6A54,0x6D6D436D,0x6D6D6D6D,0x6D6D6D6D,
	0x6D6D6D6D,0x6D6D6D6D,0x6D6D6D6D,0x6D6D6D6D,0x6D6D6D6D,0x6D6D6D6D,0x6D6D6D6D,0x6D6D6D6D,
	0x6D6D6D6D,0x6D6D6D6D,0x6D6D6D6D,0x6D6D6D6D,0x6D685B6D,0x6D6D6D6D,0x6D6D6D6D,0x6D6D6D6D,
	0x6D6D6D6D,0x6D6D6D6D,0x6D6D6D6D,0x6D6D6D6D,0x6D6D6D6D,0x6D6D6D6D,0x6D6D6D6D,0x6D6D6D6D,
	0x6D6D6D6D,0x6D6D6D6D,0x6D6D6D6D,0x6D6D6D6D,0x6D6D6D6D,0x6D6D6D6D,0x6D6D6D6D,0x6D6D6D6D,
	0x6D6D6D6D,0x6D6D6D6D,0x6D6D6D6D,0x6D6D6D6D,0x6D6D6D6D,0x6D6D6D6D,0x6D5A5C6D,0x6D6D6D6D,
	0x6D6D6D6D,0x6D6D6D6D,0x6D6D6D6D,0x6D6D6D6D,0x6D6D6D6D,0x6D6D6D6D,0x6D6D6D6D,0x6D6D6D6D,
	0x6D6D6D6D,0x6D6D6D6D,0x6D6D6D6D,0x6D6D6D6D,0x6D6D6D6D,0x6D6D6D6D,0x6D6D6D6D,0x6D6D6D6D,

	0x2133302F,0x282D302F,0x291C1625,0x6D6B5B40,0x6D6D6D6D,0x4F4F3C6D,0x4F4F4F4F,0x4F4F4F4F,
	0x4F4F4F4F,0x4F4F4F4F,0x4F4F4F4F,0x4F4F4F4F,0x4F4F4F4F,0x4F4F4F4F,0x4F4F4F4F,0x4F4F4F4F,
	0x4F4F4F4F,0x4F4F4F4F,0x4F4F4F4F,0x4F4F4F4F,0x6D653E4F,0x6D6D6D6D,0x6D6D6D6D,0x6D6D6D6D,
	0x6D6D6D6D,0x6D6D6D6D,0x6D6D6D6D,0x6D6D6D6D,0x6D6D6D6D,0x6D6D6D6D,0x6D6D6D6D,0x6D6D6D6D,
	0x6D6D6D6D,0x6D6D6D6D,0x6D6D6D6D,0x6D6D6D6D,0x6D6D6D6D,0x6D6D6D6D,0x6D6D6D6D,0x6D6D6D6D,
	0x6D6D6D6D,0x6D6D6D6D,0x6D6D6D6D,0x6D6D6D6D,0x6D6D6D6D,0x6D6D6D6D,0x4F3D5C6D,0x4F4F4F4F,
	0x4F4F4F4F,0x4F4F4F4F,0x4F4F4F4F,0x4F4F4F4F,0x4F4F4F4F,0x4F4F4F4F,0x4F4F4F4F,0x4F4F4F4F,
	0x4F4F4F4F,0x4F4F4F4F,0x4F4F4F4F,0x4F4F4F4F,0x4F4F4F4F,0x4F4F4F4F,0x4F4F4F4F,0x4F4F4F4F,

	0x222C3333,0x181E1E34,0x6D61492E,0x6D6D6D6D,0x6D6D6D6D,0x633E536D,0x65656564,0x65656565,
	0x65656565,0x65656565,0x65656565,0x65656565,0x65656565,0x65656565,0x65656565,0x65656565,
	0x65656565,0x65656565,0x65656565,0x64656565,0x6D635164,0x6D6D6D6D,0x6D6D6D6D,0x6D6D6D6D,
	0x6D6D6D6D,0x6D6D6D6D,0x6D6D6D6D,0x6D6D6D6D,0x6D6D6D6D,0x6D6D6D6D,0x6D6D6D6D,0x6D6D6D6D,
	0x6D6D6D6D,0x6D6D6D6D,0x6D6D6D6D,0x6D6D6D6D,0x6D6D6D6D,0x6D6D6D6D,0x6D6D6D6D,0x6D6D6D6D,
	0x6D6D6D6D,0x6D6D6D6D,0x6D6D6D6D,0x6D6D6D6D,0x6D6D6D6D,0x6D6D6D6D,0x64505C6D,0x65656564,
	0x65656565,0x65656565,0x65656565,0x65656565,0x65656565,0x65656565,0x65656565,0x65656565,
	0x65656565,0x65656565,0x65656565,0x65656565,0x65656565,0x65656565,0x65656565,0x65656565,

	0x0C212520,0x6A553C24,0x6D6D6D6D,0x6D6D6D6D,0x6D6D6D6D,0x6D52536D,0x6D6D6D6D,0x6D6D6D6D,
	0x6D6D6D6D,0x6D6D6D6D,0x6D6D6D6D,0x6D6D6D6D,0x6D6D6D6D,0x6D6D6D6D,0x6D6D6D6D,0x6D6D6D6D,
	0x6D6D6D6D,0x6D6D6D6D,0x6D6D6D6D,0x6D6D6D6D,0x5B615A6D,0x6D6D6D6C,0x6D6D6D6D,0x6D6D6D6D,
	0x6D6D6D6D,0x6D6D6D6D,0x6D6D6D6D,0x6D6D6D6D,0x6D6D6D6D,0x6D6D6D6D,0x6D6D6D6D,0x6D6D6D6D,
	0x6D6D6D6D,0x6D6D6D6D,0x6D6D6D6D,0x6D6D6D6D,0x6D6D6D6D,0x6D6D6D6D,0x6D6D6D6D,0x6D6D6D6D,
	0x6D6D6D6D,0x6D6D6D6D,0x6D6D6D6D,0x6D6D6D6D,0x6D6D6D6D,0x6D6D6D6D,0x6D5A5261,0x6D6D6D6D,
	0x6D6D6D6D,0x6D6D6D6D,0x6D6D6D6D,0x6D6D6D6D,0x6D6D6D6D,0x6D6D6D6D,0x6D6D6D6D,0x6D6D6D6D,
	0x6D6D6D6D,0x6D6D6D6D,0x6D6D6D6D,0x6D6D6D6D,0x6D6D6D6D,0x6D6D6D6D,0x6D6D6D6D,0x6D6D6D6D,

	0x60422916,0x6D6D6D6C,0x6D6D6D6D,0x6D6D6D6D,0x6D6D6D6D,0x6D5B586D,0x6D6D6D6D,0x62686A6D,
	0x61646561,0x5C5B5A5D,0x6D6D6D6C,0x696A6D6D,0x5E616366,0x61605B5B,0x6D6D6A64,0x6B6D6D6D,
	0x67616168,0x615D6166,0x6D626365,0x6D6D6D6D,0x3B5D5A6D,0x6D6D6D6B,0x6D6D6D6D,0x6D6D6D6D,
	0x6D6D6D6D,0x6D6D6D6D,0x6D6D6D6D,0x6D6D6D6D,0x6D6D6D6D,0x6D6D6D6D,0x6D6D6D6D,0x6D6D6D6D,
	0x6D6D6D6D,0x6D6D6D6D,0x6D6D6D6D,0x6D6D6D6D,0x6D6D6D6D,0x6D6D6D6D,0x6D6D6D6D,0x6D6D6D6D,
	0x6D6D6D6D,0x6D6D6D6D,0x6D6D6D6D,0x6D6D6D6D,0x6D6D6D6D,0x6D6D6D6D,0x6D593D4E,0x6D6D6D6D,
	0x5A5B5F6D,0x65625F5B,0x69626166,0x6D6D6D6B,0x5C646D6D,0x5F5A5A5B,0x69686562,0x6D6D6A6A,
	0x6A6D6D6D,0x6566605B,0x5F5C5E61,0x6D6A6663,0x6D6D6D6D,0x6D6D6D6D,0x6D6D6D6D,0x6D6D6D6D,

	0x6D6D6D64,0x6D6D6D6D,0x6D6D6D6D,0x6D6D6D6D,0x6D6D6D6D,0x6D62556D,0x6D6D6D6D,0x343A2D69,
	0x302F2E3A,0x32362A2D,0x6D6D6D6A,0x32346D6D,0x2A303636,0x312C2929,0x6D6D503B,0x486D6D6D,
	0x32363838,0x2C353334,0x6D453930,0x6D6D6D6D,0x6D5D5A6D,0x6D6D6D6D,0x6D6D6D6D,0x6D6D6D6D,
	0x6D6D6D6D,0x6D6D6D6D,0x6D6D6D6D,0x6D6D6D6D,0x6D6D6D6D,0x6D6D6D6D,0x6D6D6D6D,0x6D6D6D6D,
	0x6D6D6D6D,0x6D6D6D6D,0x6D6D6D6D,0x6D6D6D6D,0x6D6D6D6D,0x6D6D6D6D,0x6D6D6D6D,0x6D6D6D6D,
	0x6D6D6D6D,0x6D6D6D6D,0x6D6D6D6D,0x6D6D6D6D,0x6D6D6D6D,0x6D6D6D6D,0x6D5A5C6D,0x6D6D6D6D,
	0x2A2C2E6D,0x2C2B2A2F,0x2F303539,0x6D6D6D49,0x40446D6D,0x3236363A,0x383D3426,0x6D6D3435,
	0x5C6D6D6D,0x2C252219,0x2A342B26,0x69142F2F,0x6D6D6D6D,0x6D6D6D6D,0x6D6D6D6D,0x6D6D6D6D,

	0x6D6D6D6D,0x6D6D6D6D,0x6D6D6D6D,0x6D6D6D6D,0x6D6D6D6D,0x6D69516D,0x6D6D6D6D,0x2A263A68,
	0x28232A31,0x2D1D2B2C,0x6D6D6D66,0x33346D6D,0x2D2C2A30,0x202A3031,0x6D6D532A,0x446D6D6D,
	0x2E33283D,0x2C302A28,0x6D4C3027,0x6D6D6D6D,0x6D5D5A6D,0x6D6D6D6D,0x6D6D6D6D,0x6D6D6D6D,
	0x6D6D6D6D,0x6D6D6D6D,0x6D6D6D6D,0x6D6D6D6D,0x6D6D6D6D,0x6D6D6D6D,0x6D6D6D6D,0x6D6D6D6D,
	0x6D6D6D6D,0x6D6D6D6D,0x6D6D6D6D,0x6D6D6D6D,0x6D6D6D6D,0x6D6D6D6D,0x6D6D6D6D,0x6D6D6D6D,
	0x6D6D6D6D,0x6D6D6D6D,0x6D6D6D6D,0x6D6D6D6D,0x6D6D6D6D,0x6D6D6D6D,0x6D5A5C6D,0x6D6D6D6D,
	0x2F1A376E,0x2826302E,0x3B2C272A,0x6D6D6D45,0x2A436D6D,0x2C2F2A22,0x292A302D,0x6D6D2E3D,
	0x5B6D6D6D,0x6F6F6F1F,0x6F6F6F6F,0x681E2F6F,0x6D6D6D6D,0x6D6D6D6D,0x6D6D6D6D,0x6D6D6D6D,

	0x6D6D6D6D,0x6D6D6D6D,0x6D6D6D6D,0x6D6D6D6D,0x6D6D6D6D,0x6D6D4F6D,0x6D6D6D6D,0x2B2F3467,
	0x2D2C2A2A,0x27272E2C,0x6D6D6D68,0x2F376D6D,0x2A2A2925,0x222E2428,0x6D6D4F2A,0x436D6D6D,
	0x32292038,0x2A25282F,0x6D46292D,0x6D6D6D6D,0x6D5C5A6D,0x6D6D6D6D,0x6D6D6D6D,0x6D6D6D6D,
	0x6D6D6D6D,0x6D6D6D6D,0x6D6D6D6D,0x6D6D6D6D,0x6D6D6D6D,0x6D6D6D6D,0x6D6D6D6D,0x6D6D6D6D,
	0x6D6D6D6D,0x6D6D6D6D,0x6D6D6D6D,0x6D6D6D6D,0x6D6D6D6D,0x6D6D6D6D,0x6D6D6D6D,0x6D6D6D6D,
	0x6D6D6D6D,0x6D6D6D6D,0x6D6D6D6D,0x6D6D6D6D,0x6D6D6D6D,0x6D6D6D6D,0x6D5A5C6D,0x6D6D6D6D,
	0x2923366E,0x25292C28,0x3D282C24,0x6D6D6D43,0x24416D6D,0x272B2F19,0x352E3534,0x6D6D2A3A,
	0x5A6D6D6D,0x016F0125,0x6F016F6F,0x67232501,0x6D6D6D6D,0x6D6D6D6D,0x6D6D6D6D,0x6D6D6D6D,

	0x6D6D6D6D,0x6D6D6D6D,0x6D6D6D6D,0x6D6D6D6D,0x6D6D6D6D,0x6D6D496D,0x6D6D6D6D,0x3D353D67,
	0x2E32383C,0x4127292A,0x6D6D6D65,0x363C6C6D,0x2E322C25,0x2326292C,0x6D6D5743,0x426D6D6D,
	0x120D0B4A,0x1B1F1E16,0x6D462D1B,0x6D6D6D6D,0x6D5C5A6D,0x6D6D6D6D,0x6D6D6D6D,0x6D6D6D6D,
	0x6D6D6D6D,0x6D6D6D6D,0x6D6D6D6D,0x6D6D6D6D,0x6D6D6D6D,0x6D6D6D6D,0x6D6D6D6D,0x6D6D6D6D,
	0x6D6D6D6D,0x6D6D6D6D,0x6D6D6D6D,0x6D6D6D6D,0x6D6D6D6D,0x6D6D6D6D,0x6D6D6D6D,0x6D6D6D6D,
	0x6D6D6D6D,0x6D6D6D6D,0x6D6D6D6D,0x6D6D6D6D,0x6D6D6D6D,0x6D6D6D6D,0x6D5A5C6D,0x6D6D6D6D,
	0x281F3F6D,0x38352F2E,0x4E2C3C3D,0x6D6D6D42,0x37466D6D,0x37373533,0x363A3B36,0x6D6D2C3E,
	0x5A6D6D6D,0x6F6F6F33,0x6F010101,0x69273F01,0x6D6D6D6D,0x6D6D6D6D,0x6D6D6D6D,0x6D6D6D6D,

	0x6D6D6D6D,0x6D6D6D6D,0x6D6D6D6D,0x6D6D6D6D,0x6D6D6D6D,0x6D6D486D,0x6D6D6D6D,0x3A3A4467,
	0x31363839,0x4E202325,0x6D6D6D69,0x403D6C6D,0x3235393A,0x212D3330,0x6D6D544D,0x416D6D6D,
	0x4F4A4459,0x3B3E474D,0x6D503B3A,0x6D6D6D6D,0x6D5C5A6D,0x6D6D6D6D,0x6D6D6D6D,0x6D6D6D6D,
	0x6D6D6D6D,0x6D6D6D6D,0x6D6D6D6D,0x6D6D6D6D,0x6D6D6D6D,0x6D6D6D6D,0x6D6D6D6D,0x6D6D6D6D,
	0x6D6D6D6D,0x6D6D6D6D,0x6D6D6D6D,0x6D6D6D6D,0x6D6D6D6D,0x6D6D6D6D,0x6D6D6D6D,0x6D6D6D6D,
	0x6D6D6D6D,0x6D6D6D6D,0x6D6D6D6D,0x6D6D6D6D,0x6D6D6D6D,0x6D6D6D6D,0x6D5A5C6D,0x6D6D6D6D,
	0x231E4A6D,0x3934352F,0x592D393B,0x6D6D6D44,0x3B4F6D6D,0x363C392C,0x343A3835,0x6D6D2F50,
	0x5B6D6D6D,0x6F6F6F37,0x6F6F016F,0x6A273601,0x6D6D6D6D,0x6D6D6D6D,0x6D6D6D6D,0x6D6D6D6D,

	0x6D6D6D6D,0x6D6D6D6D,0x6D6D6D6D,0x6D6D6D6D,0x6D6D6D6D,0x6D6D4E6D,0x6D6D6D6D,0x4B533A69,
	0x4D4C4B4D,0x5B565451,0x6D6D6D6A,0x5C436D6D,0x4A4B4D4E,0x4D4E4C4A,0x6D6D5A63,0x3E6D6D6D,
	0x494C4E65,0x1F404848,0x6D5A5A32,0x6D6D6D6D,0x6D5C5A6D,0x6D6D6D6D,0x6D6D6D6D,0x6D6D6D6D,
	0x6D6D6D6D,0x6D6D6D6D,0x6D6D6D6D,0x6D6D6D6D,0x6D6D6D6D,0x6D6D6D6D,0x6D6D6D6D,0x6D6D6D6D,
	0x6D6D6D6D,0x6D6D6D6D,0x6D6D6D6D,0x6D6D6D6D,0x6D6D6D6D,0x6D6D6D6D,0x6D6D6D6D,0x6D6D6D6D,
	0x6D6D6D6D,0x6D6D6D6D,0x6D6D6D6D,0x6D6D6D6D,0x6D6D6D6D,0x6D6D6D6D,0x6D5A5C6D,0x6D6D6D6D,
	0x4E4F516D,0x4A47484C,0x5B504A4C,0x6D6D6D45,0x5B506D6D,0x484A4D4A,0x4F4C4B4A,0x6D6D3363,
	0x5C6D6D6D,0x4B4E4F3A,0x4B2E3C4A,0x6A1E5153,0x6D6D6D6D,0x6D6D6D6D,0x6D6D6D6D,0x6D6D6D6D,

	0x6D6D6D6D,0x6D6D6D6D,0x6D6D6D6D,0x6D6D6D6D,0x6D6D6D6D,0x6D6D506D,0x6D6D6D6D,0x3233306A,
	0x35312E30,0x3F3C3A38,0x6D6D6D6B,0x343D6D6D,0x2E2F3132,0x3332302E,0x6D6D5C34,0x4F6D6D6D,
	0x2A2D2E32,0x1E2B2D2C,0x6D572D17,0x6D6D6D6D,0x6D5C5A6D,0x6D6D6D6D,0x6D6D6D6D,0x6D6D6D6D,
	0x6D6D6D6D,0x6D6D6D6D,0x6D6D6D6D,0x6D6D6D6D,0x6D6D6D6D,0x6D6D6D6D,0x6D6D6D6D,0x6D6D6D6D,
	0x6D6D6D6D,0x6D6D6D6D,0x6D6D6D6D,0x6D6D6D6D,0x6D6D6D6D,0x6D6D6D6D,0x6D6D6D6D,0x6D6D6D6D,
	0x6D6D6D6D,0x6D6D6D6D,0x6D6D6D6D,0x6D6D6D6D,0x6D6D6D6D,0x6D6D6D6D,0x6D5A5B6D,0x6D6D6D6D,
	0x3C3C496D,0x3134383B,0x3233312F,0x6D6D6D52,0x3C5A6D6D,0x3C3D3B3B,0x312E3338,0x6D6D3C33,
	0x636D6D6D,0x322C3338,0x251F2B3B,0x6C362D29,0x6D6D6D6D,0x6D6D6D6D,0x6D6D6D6D,0x6D6D6D6D,

	0x6D6D6D6D,0x6D6D6D6D,0x6D6D6D6D,0x6D6D6D6D,0x6D6D6D6D,0x6D6D546D,0x6D6D6D6D,0x6D6D6D6D,
	0x6D6D6D6D,0x6D6D6D6D,0x6D6D6D6D,0x6D6D6D6D,0x6D6D6D6D,0x6D6D6D6D,0x6D6D6D6D,0x6D6D6D6D,
	0x5D6D6D6D,0x5A6D6D6B,0x6D6D4F2E,0x6D6D6D6D,0x6D5C5A6D,0x6D6D6D6D,0x6D6D6D6D,0x6D6D6D6D,
	0x6D6D6D6D,0x6D6D6D6D,0x6D6D6D6D,0x6D6D6D6D,0x6D6D6D6D,0x6D6D6D6D,0x6D6D6D6D,0x6D6D6D6D,
	0x6D6D6D6D,0x6D6D6D6D,0x6D6D6D6D,0x6D6D6D6D,0x6D6D6D6D,0x6D6D6D6D,0x6D6D6D6D,0x6D6D6D6D,
	0x6D6D6D6D,0x6C6D6D6D,0x6D6D6D6D,0x6D6D6D6D,0x6D6D6D6D,0x6D6D6D6D,0x6D5A5B6D,0x6D6D6D6D,
	0x6D6D6D6D,0x6D6D6D6D,0x6D6D6D6D,0x6D6D6D6D,0x6D6D6D6D,0x6D6D6D6D,0x6D6D6D6D,0x6D6D6D6D,
	0x6D6D6D6D,0x5B6A6D6D,0x44416E6D,0x6D6D6D5B,0x6D6D6D6D,0x6D6D6D6D,0x6D6D6D6D,0x6D6D6D6D,

	0x6D6D6D6D,0x6D6D6D6D,0x6D6D6D6D,0x6D6D6D6D,0x6D6D6D6D,0x6D6D566D,0x6D6D6D6D,0x6D6D6D6D,
	0x6D6D6D6D,0x6D6D6D6D,0x6D6D6D6D,0x6D6D6D6D,0x6D6D6D6D,0x6D6D6D6D,0x6D6D6D6D,0x6D6D6D6D,
	0x6A6D6D6D,0x6D6D6D6D,0x6D6D6958,0x6D6D6D6D,0x335B5A6D,0x6D6D6D6B,0x6D6D6D6D,0x6D6D6D6D,
	0x6D6D6D6D,0x6D6D6936,0x6D6D6D6D,0x6D6D6D6D,0x6D6D6D6D,0x6D65386D,0x6D6D6D6D,0x6D6D6D6D,
	0x6D6D6D6D,0x643D6D6D,0x6D6D6D6D,0x6D6D6D6D,0x6D6D6D6D,0x52556D6D,0x6D6D6D6D,0x6D6D6D6D,
	0x6D6D6D6D,0x296C6D6D,0x6D6D6D66,0x6D6D6D6D,0x6D6D6D6D,0x6D6D6D6D,0x6D5A3D48,0x6D6D6D6D,
	0x6D6D6D6D,0x6D6D6D6D,0x6D6D6D6D,0x6D6D6D6D,0x6D6D6D6D,0x6D6D6D6D,0x6D6D6D6D,0x6D6D6D6D,
	0x6D6D6D6D,0x6A6A6D6D,0x53526D6D,0x6D6D6D62,0x6D6D6D6D,0x6D6D6D6D,0x6D6D6D6D,0x6D6D6D6D,

	0x403E3D41,0x403F3D3F,0x3F3E3D3D,0x3D3E3F3F,0x3D3D3F3F,0x3D3D323D,0x3F3D3D3D,0x413F3E3E,
	0x423E3E3E,0x3E423E41,0x3F413F3D,0x40403E3D,0x413E3D3E,0x3F403E3F,0x3F40413E,0x403E3E3F,
	0x3D3D3E40,0x3E404040,0x3F403F36,0x3F3D3D40,0x4042343E,0x52525252,0x53525252,0x52535353,
	0x3C424D50,0x3E3D3A24,0x3D3D3D3D,0x363B3D3D,0x3D38393B,0x3F352335,0x433E3E40,0x4F504F49,
	0x5453524F,0x50445353,0x52525253,0x52525252,0x53525252,0x464A5353,0x53535354,0x4D4F5052,
	0x3D3F444A,0x253C3D3E,0x49423D3A,0x5351514F,0x52525452,0x52525252,0x3D353A44,0x413E403E,
	0x3D3D3F3F,0x3D3E413F,0x3F3D3F3E,0x403F3F40,0x413F3D40,0x41403D3E,0x3D3F413F,0x3D3E4140,
	0x403D3F40,0x3D40413E,0x34343F3D,0x403F3F3D,0x3D413E3D,0x3D3D403D,0x3D403D3F,0x3D3E413D,

	0x3D352E36,0x2E34323A,0x3431332B,0x2F2D383B,0x262C2E2C,0x38331F26,0x3B342C2C,0x35343536,
	0x37353A30,0x2D333235,0x3232302F,0x2E31302D,0x32302C2A,0x353D362F,0x36352F34,0x33302D34,
	0x2A282A2C,0x36353130,0x32343338,0x34303234,0x271D292F,0x2324272A,0x261F2020,0x2C292626,
	0x2A2D2C2D,0x2C30372A,0x2E2B2B2A,0x2A2C2D33,0x3230302B,0x302D2E34,0x27242A30,0x262C2929,
	0x2B2B2C25,0x27282A32,0x24222224,0x2A2A2827,0x2D292326,0x292C262E,0x2D2A2B2A,0x272F2F2F,
	0x362F342F,0x31363634,0x2832322D,0x29262826,0x24262822,0x1D222023,0x2C2C151E,0x3B343535,
	0x2F323031,0x2A2A3331,0x2C2A2D29,0x2C332F2C,0x34342934,0x35343434,0x2F302F2E,0x2A343335,
	0x302A2D2F,0x34313634,0x2A36343C,0x2F343934,0x2F302C33,0x2F32322E,0x322E3036,0x2C34302E,

	0x3A3B3C3A,0x3C3C3D3C,0x3D3D3B3C,0x3B3C3C3C,0x373B3C39,0x3A3A2538,0x3A3C3C3C,0x3C3B3B3B,
	0x3D3C3B3C,0x3C3B3B3D,0x3B3C3A3D,0x3C3B3A3A,0x3D3C3B3C,0x3C3B3C3D,0x383A3C3D,0x3A393A3A,
	0x3C3A3A3A,0x3A3B3C3C,0x3C3D3C3B,0x3C3C3B3B,0x2A1B2E3C,0x22262429,0x27252525,0x28282626,
	0x292A262C,0x2A2A2928,0x292A292A,0x2929292F,0x282C2929,0x2A282929,0x28292A2C,0x292D292A,
	0x27272827,0x29292828,0x27282627,0x2A272925,0x29262624,0x25262627,0x282C2726,0x2A282927,
	0x27282828,0x26252728,0x2A262728,0x27282524,0x29292C27,0x26282828,0x3A311D28,0x3B3A3B3C,
	0x3A3A3C3C,0x3C3A3B3C,0x3D3C3B3A,0x3C3B3A3C,0x3C3B3A3C,0x3B3C3D3A,0x3B3A3D3C,0x3C3A3B3C,
	0x3C3C3B3B,0x3A3D3C3A,0x3C3D3A3D,0x3C3D3B3C,0x3A3C3D3A,0x3D3D3A3C,0x3A3D3C3A,0x3D3B3A3D,

	0x6D6D6D6D,0x6D6D6D6D,0x6D6D6D6D,0x6D6D6D6D,0x6D6D6D6D,0x6D6D436D,0x6D6D6D6D,0x6D6D6D6D,
	0x6D6D6D6D,0x6D6D6D6D,0x6D6D6D6D,0x6D6D6D6D,0x6D6D6D6D,0x6D6D6D6D,0x6D6D6D6D,0x6D6D6D6D,
	0x6D6D6D6D,0x6D6D6D6D,0x6D6D6D6D,0x6D6D6D6D,0x4F445D6D,0x4C554F52,0x4D48434F,0x4F484C4F,
	0x4F57504E,0x51594F51,0x4E4C4F57,0x544F5859,0x4F57524E,0x5A4D4E4D,0x4F4D5554,0x505A4D50,
	0x5B4F5253,0x52554F5A,0x544F514F,0x52545655,0x48505150,0x464D4F53,0x4E524944,0x4F4D4A49,
	0x514F5250,0x4B50504F,0x524C5C5A,0x4B4B4651,0x504F534F,0x544F5754,0x6D69324E,0x6D6D6D6D,
	0x6D6D6D6D,0x6D6D6D6D,0x6D6D6D6D,0x6D6D6D6D,0x6D6D6D6D,0x6D6D6D6D,0x6D6D6D6D,0x6D6D6D6D,
	0x6D6D6D6D,0x6D6D6D6D,0x6D6D6D6D,0x6D6D6D6D,0x6D6D6D6D,0x6D6D6D6D,0x6D6D6D6D,0x6D6D6D6D,

	0x43434343,0x4343433C,0x42434343,0x293A3D42,0x2A282929,0x2E433634,0x2A2A3B2C,0x4343423E,
	0x403F4243,0x4343433C,0x43434343,0x3C3A3D40,0x3C3D3C3D,0x373A393B,0x2C34323A,0x36292929,
	0x43434343,0x2A364343,0x30352A29,0x33333132,0x28292C2E,0x28282C2A,0x28282828,0x28282828,
	0x28282828,0x28282828,0x28282828,0x28282828,0x28282828,0x28282828,0x29282828,0x28282828,
	0x28282828,0x28282828,0x28282828,0x28282828,0x28282828,0x28282828,0x28282828,0x36362B28,
	0x282F363A,0x2D282828,0x32333434,0x28282828,0x28282828,0x382A2827,0x3C3A3442,0x343D4336,
	0x4343393F,0x43434343,0x413D4343,0x3D433C43,0x29293C3A,0x2C342C29,0x29292929,0x422F2929,
	0x4343433C,0x43434343,0x36424343,0x43433643,0x2A2C343F,0x43434342,0x4343433C,0x43434343,

	0x6C6D6D6D,0x626A6C5B,0x343D4E5A,0x2D1E2024,0x63554436,0x22456A6D,0x36606D5E,0x6B614C29,
	0x486C6D6D,0x6D6D6D44,0x6A6C6D6D,0x5A4F6A69,0x5D615D61,0x454A4D55,0x1D3C3D49,0x416F016F,
	0x6D6D6D6D,0x1D194463,0x333D3329,0x3934363B,0x26343636,0x6F6F6F07,0x6F016F01,0x6F016F6F,
	0x016F6F6F,0x016F6F6F,0x6F01016F,0x6F6F016F,0x016F6F6F,0x6F6F6F01,0x6F6F6F6F,0x6F6F6F6F,
	0x6F6F6F6F,0x6F6F016F,0x6F6F016F,0x6F6F016F,0x6F6F6F6F,0x6F016F6F,0x6F01016F,0x3D33106F,
	0x6F204D54,0x286F6F01,0x192A3234,0x6F6F6F6F,0x6F016F01,0x3C2C6F6F,0x574F5059,0x406D6B3C,
	0x6D6C4B45,0x696B6C6D,0x4B4D6265,0x24363450,0x4328211D,0x5C596A5A,0x6F016F26,0x362A6F6F,
	0x6661583A,0x6D6D6C6A,0x3C616D6D,0x6C6D436C,0x1423614C,0x6D6D6D69,0x696B6D5A,0x46505F63,

	0x1F2B3334,0x2525201A,0x5A4D3D34,0x6D6D6961,0x6C6D6D6D,0x493E2450,0x6D6D6D6D,0x23304F62,
	0x303F4032,0x6D6D6C51,0x6A6B6D6D,0x5A4C6768,0x5A59595C,0x4D494557,0x1E323641,0x406F6F6F,
	0x253D5A66,0x42294227,0x3339363D,0x3D3A3D38,0x3C3B3B39,0x6F6F0125,0x6F6F6F6F,0x6F016F01,
	0x6F6F6F6F,0x6F6F6F6F,0x6F010101,0x016F016F,0x6F6F6F6F,0x6F6F016F,0x6F6F6F01,0x6F6F6F6F,
	0x016F016F,0x6F6F6F01,0x01016F6F,0x6F6F6F6F,0x6F016F6F,0x6F6F6F6F,0x6F6F6F6F,0x3E33176F,
	0x6F213D4D,0x6F6F6F6F,0x6F6F6F6F,0x6F6F6F6F,0x2A6F6F6F,0x344B5351,0x1F1D2136,0x1A1E1C16,
	0x1E1D1317,0x24221D1E,0x2C1F2121,0x54543636,0x574F6A4F,0x05182D42,0x5A361D6F,0x2D3D4D5C,
	0x06121F1B,0x241E1D18,0x0A27322C,0x2A34191D,0x0A153427,0x212D3332,0x111B1E1B,0x2A1F0B6F,

	0x63605A53,0x6D6C6957,0x6D67616D,0x6D6D6D6D,0x2953696D,0x576D663C,0x6D6D6D6D,0x6A6D6D6D,
	0x082A4E5D,0x43342213,0x69635B54,0x5C4E6969,0x59575D67,0x424A4C51,0x16303C44,0x126F6F6F,
	0x614A3325,0x3D346D6C,0x3435383A,0x393E3C3C,0x40353C3E,0x6F6F6F24,0x6F6F016F,0x6F6F016F,
	0x6F6F0101,0x6F016F6F,0x6F6F6F6F,0x016F6F6F,0x016F6F6F,0x016F6F01,0x6F6F6F6F,0x6F016F6F,
	0x016F6F6F,0x6F016F6F,0x6F6F6F6F,0x016F6F6F,0x016F6F6F,0x6F016F6F,0x6F6F6F01,0x070B0401,
	0x6F6F6F0A,0x6F016F6F,0x6F6F016F,0x2F251402,0x041E3241,0x2A2D200C,0x5A474344,0x54676741,
	0x5666495F,0x6C66453D,0x58606C6C,0x34443D5C,0x01041823,0x4C2E220B,0x6D6D6A42,0x686D6D6D,
	0x666A6C4A,0x4F525A61,0x33383D45,0x240C0233,0x090E2426,0x4C423C37,0x5D56543E,0x6D6C6963,

	0x6C6D6D6D,0x6D6D6D5B,0x6D615A6D,0x5A6C6D6D,0x5F38233B,0x546D6D6D,0x6D6D6D6D,0x6D6D6D6D,
	0x51686D6D,0x43554A4A,0x17212835,0x23202218,0x23282824,0x11151D1D,0x0B121411,0x3E016F6F,
	0x6D6D6D6C,0x3D356D6D,0x32363C35,0x3A36313F,0x3C403C3C,0x016F6F0A,0x01016F6F,0x6F016F6F,
	0x6F6F6F6F,0x6F016F6F,0x01016F6F,0x6F6F016F,0x016F6F6F,0x016F6F6F,0x6F6F6F01,0x6F01016F,
	0x6F016F6F,0x6F6F6F6F,0x01016F01,0x016F0101,0x01010101,0x6F010101,0x6F6F6F6F,0x016F6F01,
	0x6F6F6F01,0x016F6F6F,0x3D2E1F13,0x5A54522A,0x5B605F5B,0x1A2C3B50,0x0B6F6F0D,0x1C0F0F0A,
	0x2A2A2228,0x26151F29,0x6F0D111F,0x0E0A6F6F,0x5C373A25,0x6D5A6C69,0x6D6D6D57,0x696D6D6D,
	0x6D6D6D4A,0x6D6D6D6D,0x3C626D6D,0x1623314E,0x150A1312,0x6D6D6D68,0x6D6D6D59,0x6D6D6D6D,

	0x6C6D6D6D,0x6D6D6D5B,0x6C5F566D,0x28263D60,0x6D6D694A,0x526D6D6D,0x6D6D6D6D,0x6D6D6D6D,
	0x25696D6D,0x6D6D5D39,0x6A6C6D6D,0x463D5D64,0x4F4A4D4A,0x3F444244,0x0629443F,0x416F6F6F,
	0x6D6D6D6D,0x3D356D6D,0x3231343C,0x3C3C3A3F,0x32473D3D,0x6F6F6F6F,0x016F6F6F,0x6F6F6F6F,
	0x6F6F6F6F,0x6F016F01,0x6F6F6F6F,0x6F6F6F6F,0x6F6F6F6F,0x6F6F016F,0x6F6F6F6F,0x6F6F6F6F,
	0x6F6F6F6F,0x6F016F6F,0x6F01016F,0x6F6F016F,0x016F6F6F,0x6F6F6F6F,0x6F6F6F01,0x25230901,
	0x01122A2C,0x206F6F01,0x54474039,0x5655592F,0x6367615B,0x596B6A64,0x3B3F4B69,0x2939442D,
	0x262A252D,0x2F2C2923,0x1B2B3130,0x5D62443C,0x6D5A6D56,0x6D5A6D6D,0x6D6D6D5A,0x696D6D6D,
	0x6D6D6D4A,0x6A6D6D6D,0x55434456,0x6A6D526D,0x0E206563,0x6D6D6D67,0x6D6D6D5A,0x6D6D6D6D,

	0x6C6D6D6D,0x6D6D6D5B,0x212F3D65,0x6D5E3D22,0x6D6D6D6D,0x506D6D6D,0x6D6D6D6D,0x6D6D6D6D,
	0x5A6A6D6D,0x6D6D5D4F,0x6A6C6C6D,0x59486368,0x5B5C5B5F,0x4D544F56,0x0F23383E,0x41191811,
	0x6D6D6D6D,0x42356D6D,0x25343440,0x2B2C2B28,0x1D453C38,0x6F6F6F6F,0x6F6F6F6F,0x6F016F6F,
	0x6F6F6F6F,0x6F6F6F01,0x6F6F6F6F,0x6F6F6F6F,0x6F6F6F6F,0x6F6F0101,0x01016F6F,0x6F6F6F6F,
	0x016F6F6F,0x6F6F6F6F,0x6F6F6F6F,0x016F016F,0x6F6F6F6F,0x6F6F6F01,0x6F6F6F6F,0x3A301A01,
	0x6F234F51,0x156F6F6F,0x4F424838,0x5A5A5A31,0x5D615D5C,0x58696561,0x5D585A6D,0x5A6D6D42,
	0x6D6D4F64,0x6D6D6D6D,0x63606D6D,0x3C4B3C5B,0x654C5034,0x6D5A6D6B,0x6D6D6D54,0x696D6D6D,
	0x666B6D4A,0x49444F5D,0x51616D61,0x6D6D506D,0x0A236D6D,0x6D6D6D63,0x6D6D6D5A,0x6D6D6D6D,

	0x646C6D6D,0x2634423C,0x613C1F1F,0x6D6D6D6C,0x6D6D6D6D,0x4F6D6D6D,0x6D6D6D6D,0x6D6D6D6D,
	0x22696D6D,0x6D6D5D3C,0x6A6A6C6D,0x564C666A,0x53525A61,0x3F3F4151,0x341B2F3D,0x423F5050,
	0x6D6D6D6D,0x36356D6D,0x3A333444,0x364F524F,0x1239432A,0x6F6F6F6F,0x6F6F6F6F,0x6F01016F,
	0x6F6F6F6F,0x6F6F0101,0x6F6F6F01,0x6F6F016F,0x6F6F016F,0x6F6F6F6F,0x016F6F01,0x01016F01,
	0x6F6F6F01,0x6F6F6F6F,0x6F6F016F,0x016F6F6F,0x6F01016F,0x6F6F6F6F,0x6F6F6F01,0x3F38166F,
	0x6F254556,0x126F6F6F,0x4D4C4338,0x5F565330,0x615C5B5B,0x5A6A6568,0x5D58576D,0x5A6D6D43,
	0x6D6D4F64,0x6D6D6D6D,0x67616D6D,0x5E6D596D,0x5043634F,0x402A404C,0x3D3D422C,0x3D434241,
	0x4E443F25,0x6D6D695A,0x50676D6D,0x6D6D4F6D,0x11236D6D,0x6D6D6D66,0x6D6D6D5A,0x6D6D6D6D,

	0x261C2735,0x61543C25,0x6D5F556A,0x6D6D6D6D,0x6D6D6D6D,0x4E6D6D6D,0x6D6D6D6D,0x6D6D6D6D,
	0x516D6D6D,0x6D6D5D4D,0x6A6B6C6D,0x544C6966,0x515A5F61,0x3A404F53,0x421E343C,0x4340504C,
	0x6D6D6D6D,0x3A356D6D,0x51342833,0x2B5A524D,0x012D3C33,0x6F6F6F6F,0x6F6F6F6F,0x6F6F6F01,
	0x016F6F6F,0x6F6F6F6F,0x6F6F016F,0x6F6F6F6F,0x6F6F0101,0x6F6F016F,0x6F6F0101,0x6F6F6F6F,
	0x6F6F6F6F,0x6F6F0101,0x6F6F6F6F,0x016F6F6F,0x016F6F6F,0x6F6F0101,0x6F016F6F,0x3D3C176F,
	0x6F234F4F,0x136F6F6F,0x544C3C2F,0x5C5A5034,0x5D615F5B,0x586A6765,0x5D58546D,0x5A6D6D43,
	0x6D6D4F64,0x6D6D6D6D,0x68616D6D,0x5E6D5A6D,0x6D5A6D56,0x6D596C6D,0x6B6C6D55,0x676D6D6C,
	0x6D6D6D4A,0x6D6D6D6D,0x56646D6D,0x6D6D4F6D,0x13226D6D,0x6D6D6D67,0x6D6D6D5A,0x6D6D6D6D,

	0x6B6A6158,0x6D6D6D54,0x6C5F556D,0x6D6D6D6A,0x6D6D6D6D,0x4A6D6D6D,0x6D6D6D6D,0x6D6D6D6D,
	0x2A696D6D,0x6D6D5D43,0x6A6B6C6C,0x5C4F6867,0x5A5A6061,0x3D424F48,0x4F472635,0x42425A4F,
	0x6D6D6D6D,0x37356D6D,0x56422438,0x114F5A58,0x6F244130,0x6F6F6F6F,0x6F01016F,0x6F6F6F6F,
	0x6F016F6F,0x6F6F6F6F,0x6F6F0101,0x6F6F6F6F,0x6F6F6F6F,0x016F6F01,0x6F6F016F,0x6F6F6F6F,
	0x6F6F6F01,0x016F6F01,0x6F6F6F6F,0x6F6F6F6F,0x6F6F0101,0x6F6F016F,0x6F01016F,0x3D2E1A6F,
	0x0120584F,0x0B6F6F6F,0x4348472B,0x56575531,0x62646256,0x596A6962,0x5D59516D,0x5B6D6D43,
	0x6D6D4F64,0x6D6D6D6D,0x68616D6D,0x5E6D5A6D,0x6D5A6D56,0x6D5A6D6D,0x6D6D6D52,0x686D6D6D,
	0x6D6D6D4A,0x6D6D6D6D,0x50616D6D,0x6D6D4C6D,0x0A236D6D,0x6D6D6D62,0x6D6D6D5A,0x6D6D6D6D,

	0x6C6D6D6D,0x6D6D6D57,0x4F5C546D,0x6D6D6D68,0x6D6D6D6D,0x476D6D6D,0x6D6D6D6D,0x6D6D6D6D,
	0x4F6D6D6D,0x6D6D5D4A,0x696A6C6D,0x5C4D666A,0x5D595B5F,0x3C3D4450,0x51572C38,0x4344575A,
	0x6D6D6D6D,0x38356D6D,0x59515432,0x263C5C5B,0x6F133D28,0x6F6F6F6F,0x6F016F6F,0x6F6F6F6F,
	0x016F016F,0x6F6F016F,0x016F0101,0x6F6F6F6F,0x6F016F6F,0x6F01016F,0x6F6F016F,0x6F016F01,
	0x6F6F016F,0x6F6F6F6F,0x6F6F6F01,0x016F0101,0x6F6F6F6F,0x6F6F6F6F,0x016F016F,0x3C311D01,
	0x6F214B58,0x036F6F6F,0x443E3D33,0x5B574F32,0x615F615A,0x59676761,0x5D59506D,0x5A6D6D43,
	0x6D6D4F65,0x6D6D6D6D,0x68616D6D,0x5E6D5A6D,0x6D5A6D56,0x6D5A6D6D,0x6D6D6C4F,0x686D6D6D,
	0x6D6D6D4A,0x6D6D6D6D,0x52656D6D,0x6D6D496D,0x0F236D6D,0x6D6D6D62,0x6D6D6D5B,0x6D6D6D6D,

	0x6C6D6D6D,0x6D6D6D59,0x6134526D,0x6D6D6D6D,0x6D6D6D6D,0x446D6D6D,0x6D6D6D6D,0x6D6D6D6D,
	0x3B696D6D,0x6D6D5D4F,0x676A6C6D,0x584D6769,0x5A555D60,0x41404449,0x5358472A,0x434B5D5A,
	0x6D6D6D6D,0x3D356D6D,0x5A5C5B30,0x31315D5C,0x6F033A28,0x6F6F6F01,0x6F6F6F01,0x6F6F016F,
	0x6F6F6F6F,0x6F6F6F6F,0x6F6F6F6F,0x6F6F6F6F,0x6F6F6F6F,0x6F6F6F6F,0x6F016F6F,0x016F6F6F,
	0x6F01016F,0x6F6F6F6F,0x6F6F6F6F,0x6F016F6F,0x6F6F6F6F,0x6F6F6F01,0x6F6F6F6F,0x483B186F,
	0x6F25474E,0x016F6F6F,0x53423C2C,0x59564C36,0x655E5D53,0x5A696A64,0x5D594F6D,0x5B6D6D43,
	0x6D6D4F65,0x6D6D6D6D,0x68616D6D,0x5E6D5A6D,0x6D5A6D56,0x6D5A6D6D,0x6D6D6C51,0x666D6D6D,
	0x6D6D6D4A,0x6D6D6D6D,0x56676D6D,0x6D6D466D,0x13226C6D,0x6D6D6C66,0x6D6D6D5B,0x6D6D6D6D,

	0x6B6D6D6D,0x6D6D6D56,0x6D69476B,0x6D6D6D6D,0x6D6D6D6D,0x436D6D6D,0x6D6D6D6D,0x6D6D6D6D,
	0x3C6A6D6D,0x6D6D5D3D,0x6A6A6B6D,0x594A6466,0x5A5B5D5D,0x2D3E454E,0x5B5D5A34,0x42565E5E,
	0x6D6D6D6D,0x34356D6D,0x65615B43,0x332C5362,0x6F6F202C,0x6F6F6F6F,0x6F6F6F6F,0x6F6F016F,
	0x6F6F6F6F,0x6F6F6F01,0x6F6F016F,0x6F01016F,0x016F6F6F,0x6F6F6F01,0x6F016F6F,0x6F6F016F,
	0x6F6F6F6F,0x6F6F6F6F,0x016F6F6F,0x6F016F6F,0x6F6F6F6F,0x6F010101,0x6F6F6F6F,0x443B136F,
	0x6F244F4F,0x6F6F0101,0x4F50462A,0x5B595033,0x615E5D5A,0x5869695F,0x5D584B6E,0x5B6D6D43,
	0x6D6D4F65,0x6D6D6D6D,0x68616D6D,0x5F6D5B6D,0x6D5A6D56,0x6D5A6D6D,0x6D6D6D53,0x646D6D6D,
	0x6D6D6D4A,0x6D6D6D6D,0x53636D6D,0x6D6D446D,0x0D236D6D,0x6D6D6D61,0x6D6D6D5B,0x6D6D6D6D,

	0x6A6D6D6D,0x6D6D6D5A,0x6D6D6A6A,0x6D6D6D6D,0x6D6D6D6D,0x436D6D6D,0x6D6D6D6D,0x6D6D6D6D,
	0x436A6D6D,0x6D6D5D51,0x6B6A6A6C,0x5B4F6969,0x5759545D,0x2F3A4F54,0x60615758,0x42575B61,
	0x6D6D6D6D,0x30356D6D,0x6662615E,0x29344261,0x6F6F192E,0x01016F6F,0x6F6F016F,0x016F0101,
	0x6F6F6F6F,0x6F6F6F01,0x016F6F6F,0x016F6F6F,0x6F6F6F01,0x016F6F01,0x01016F6F,0x6F016F01,
	0x6F6F6F01,0x016F6F6F,0x6F6F6F6F,0x6F016F6F,0x6F6F6F01,0x6F016F6F,0x6F6F6F01,0x3D361B6F,
	0x0123595E,0x016F6F6F,0x49463D2C,0x4F5A5234,0x61615A58,0x58696963,0x5D59486D,0x5B6D6D43,
	0x6D6D4F65,0x6D6D6D6D,0x68616D6D,0x5E6D5B6D,0x6D5A6D56,0x6D5A6D6D,0x6D6D6D55,0x506D6D6D,
	0x6D6D6D4F,0x6D6D6D6D,0x51686D6D,0x6D6D436D,0x10246D6D,0x6D6D6D65,0x6D6D6D5B,0x6D6D6D6D,

	0x6A6D6D6D,0x6D6D6D5A,0x6D6D6D6D,0x6D6D6D6D,0x6D6D6D6D,0x436D6D6D,0x6D6D6D6D,0x6D6D6D6D,
	0x296B6D6D,0x6D6D5D3D,0x696A6C6D,0x5C4D6666,0x5F5A5A61,0x3D33435D,0x5B5B5A63,0x43556061,
	0x6D6D6D6D,0x37356D6D,0x62636361,0x1F382263,0x6F6F0422,0x6F6F016F,0x016F6F6F,0x6F6F6F6F,
	0x6F6F6F6F,0x016F6F01,0x6F6F6F01,0x016F016F,0x6F6F6F01,0x6F6F6F6F,0x6F016F01,0x6F016F6F,
	0x01016F6F,0x016F016F,0x6F016F01,0x6F6F016F,0x6F6F6F01,0x6F6F016F,0x016F016F,0x3B321D01,
	0x6F254C5E,0x6F016F6F,0x4F46442C,0x5A554E34,0x65615E5A,0x5A696863,0x5D59456D,0x5B6D6D43,
	0x6D6D4F65,0x6D6D6D6D,0x68616D6D,0x5F6D5B6D,0x6E5A6D56,0x6D5B6D6D,0x6D6D6C51,0x376D6D6D,
	0x6A603D20,0x6D6D6D6D,0x56616D6D,0x6D6D436D,0x11236D6D,0x6D6D6D65,0x6D6D6D5B,0x6D6D6D6D,

	0x696D6D6D,0x6D6D6D57,0x6D6D6D6D,0x6D6D6D6D,0x6D6D6D6D,0x436D6D6D,0x6D6D6D6D,0x6D6D6D6D,
	0x516A6D6D,0x6D6D5D50,0x686A6B6C,0x564A6866,0x4E5A5A5E,0x5A344A55,0x5B615F5C,0x445B6161,
	0x6D6D6D6D,0x56356D6D,0x61616262,0x0F2A214F,0x6F016F18,0x6F016F6F,0x016F6F6F,0x6F6F6F6F,
	0x6F6F016F,0x6F6F016F,0x6F6F0101,0x016F6F6F,0x6F6F6F01,0x6F6F6F6F,0x016F6F6F,0x6F016F6F,
	0x016F6F6F,0x6F6F016F,0x016F6F6F,0x6F6F6F6F,0x6F6F6F6F,0x6F6F6F6F,0x6F016F6F,0x3B361701,
	0x6F295153,0x016F6F6F,0x4D3F4029,0x5658472E,0x66635E5A,0x5A696762,0x5D59446D,0x5B6D6D43,
	0x6D6D4F65,0x6D6D6D6D,0x68616D6D,0x5F6D5B6D,0x6D5A6D56,0x6D5B6D6D,0x6D6D6B4D,0x4F6D6D6D,
	0x23161F14,0x36352E29,0x50272C35,0x6D6D436D,0x6F236D6D,0x6D6D6D59,0x6D6D6D5B,0x6D6D6D6D,

	0x666D6D6D,0x6D6D6D53,0x6D6D6D6D,0x6D6D6D6D,0x6D6D6D6D,0x436D6D6D,0x6D6D6D6D,0x6D6D6D6D,
	0x236A6D6D,0x6D6D5E3A,0x686A6C6C,0x51466665,0x57595B5A,0x5D503C4F,0x61615F60,0x465A615C,
	0x6D6D6D6D,0x5B346D6D,0x67666662,0x0A233441,0x6F6F0101,0x6F6F6F6F,0x6F016F01,0x01016F6F,
	0x016F6F6F,0x016F6F6F,0x6F6F6F6F,0x6F6F016F,0x016F6F01,0x6F6F6F01,0x6F6F6F6F,0x6F6F6F01,
	0x6F6F6F6F,0x6F6F016F,0x6F6F016F,0x6F6F016F,0x6F6F6F6F,0x6F6F6F6F,0x6F010101,0x3F3A176F,
	0x6F234F50,0x6F6F6F01,0x434E3A20,0x585C5738,0x61625A59,0x55686961,0x5D59436D,0x5B6D6D43,
	0x6D6D4F65,0x6D6D6D6D,0x68616D6D,0x5F6D5B6D,0x6D5A6D56,0x6D5B6D6D,0x6D6D6D4E,0x696D6D6D,
	0x21332518,0x3C2A1A23,0x4F28282F,0x6D6D436D,0x6F226C6D,0x6D6D6D59,0x6D6D6D5B,0x6D6D6D6D,

	0x6A6D6D6D,0x6D6D6D50,0x6D6D6D6D,0x6D6D6D6D,0x6D6D6D6D,0x436D6D6D,0x6D6D6D6D,0x6D6D6D6D,
	0x576A6D6D,0x6D6D5D4D,0x6A696B6C,0x5A4F6368,0x505A5A60,0x615F3242,0x66636160,0x4F5C6162,
	0x6C6C6C6C,0x5A386C6B,0x68696962,0x6F19333C,0x6F6F6F6F,0x6F6F016F,0x6F6F6F6F,0x6F016F01,
	0x6F6F6F6F,0x6F6F6F01,0x6F010101,0x6F6F016F,0x6F6F6F6F,0x6F6F016F,0x6F6F6F01,0x6F6F6F6F,
	0x016F016F,0x6F6F6F01,0x01016F6F,0x6F6F6F6F,0x01016F6F,0x016F6F6F,0x6F6F6F6F,0x35381C6F,
	0x6F215045,0x6F6F6F6F,0x4A3D381B,0x4D574E33,0x5D615C5C,0x57696965,0x5D59436D,0x5B6D6D43,
	0x6D6D4F65,0x6D6D6D6D,0x68616D6D,0x5F6D5B6D,0x6D5A6D56,0x6D5B6D6D,0x6D6D6D4C,0x6A6D6D6D,
	0x626A6A52,0x444E5A5A,0x46163D48,0x6D6D436D,0x03216C6D,0x6D6D6C5F,0x6D6D6D5B,0x6D6D6D6D,

	0x6A6D6D6D,0x6D6D6D4D,0x6D6D6D6D,0x6D6D6D6D,0x6D6D6D6D,0x436D6D6D,0x6D6D6D6D,0x6D6D6D6D,
	0x23666D6D,0x6D6D5D42,0x646A6B6B,0x54446767,0x49595C5C,0x65655D3C,0x68686966,0x4C616864,
	0x69686666,0x61356A6A,0x596B6B69,0x6F0B353A,0x6F6F6F01,0x6F6F6F6F,0x6F6F6F6F,0x6F01016F,
	0x6F6F0101,0x6F016F6F,0x6F6F6F6F,0x6F6F6F6F,0x016F6F6F,0x016F6F01,0x6F6F6F6F,0x6F6F6F6F,
	0x016F6F6F,0x6F6F6F6F,0x6F6F6F6F,0x016F6F6F,0x01016F6F,0x6F6F6F6F,0x6F6F6F6F,0x42361E6F,
	0x6F214550,0x6F016F6F,0x47433221,0x5A504D2E,0x615B5C5C,0x58696462,0x5D59436D,0x5B6D6D43,
	0x6D6D4F65,0x6D6D6D6D,0x68616D6D,0x5F6D5B6D,0x6D5A6D56,0x6D5B6D6D,0x6D6D6D49,0x6A6D6D6D,
	0x6D6D6D58,0x6D6D6D6D,0x4451696D,0x6D6D436D,0x0C226C6D,0x6D6D6D61,0x6D6D6D5B,0x6D6D6D6D,

	0x6A6D6D6D,0x6D6D6D48,0x6D6D6D6D,0x6D6D6D6D,0x6D6D6D6D,0x436D6D6D,0x6D6D6D6D,0x6D6D6D6D,
	0x4F6B6D6D,0x6C6D5D4A,0x676A6A6B,0x58466965,0x4F5A585D,0x67656145,0x69676A67,0x5B6A6A69,
	0x504E4F52,0x6B4E5152,0x4A6C6C6B,0x6F142F41,0x6F6F6F01,0x016F6F6F,0x6F016F01,0x6F016F6F,
	0x6F016F6F,0x6F016F6F,0x01016F6F,0x6F6F016F,0x016F6F6F,0x6F6F6F6F,0x016F6F6F,0x6F01016F,
	0x6F016F6F,0x6F6F6F01,0x016F0101,0x01016F01,0x016F0101,0x6F010101,0x6F016F6F,0x3C361601,
	0x6F234F50,0x6F6F016F,0x404B321A,0x545A4D31,0x60615C56,0x586A6661,0x5D59436D,0x5B6D6D43,
	0x6D6D4F65,0x6D6D6D6D,0x68616D6D,0x5F6D5A6D,0x6C5A6D56,0x6D5B6D6D,0x6D6D6C44,0x6B6D6D6D,
	0x6D6D6D56,0x6D6D6D6D,0x4D656D6D,0x6D6D436D,0x0E236D6D,0x6D6D6C61,0x6D6D6D5B,0x6D6D6D6D,

	0x6B6D6D6D,0x6D6D6D4D,0x6D6D6D6D,0x6D6D6D6D,0x6D6D6D6D,0x436D6D6D,0x6D6D6D6D,0x6D6D6D6D,
	0x30666D6D,0x6D6D5D45,0x686A6A6C,0x544B6366,0x325B5A60,0x5F5D5B56,0x615F5F5F,0x61616161,
	0x61606161,0x61616161,0x255D6060,0x6F103045,0x6F6F6F01,0x6F6F6F6F,0x016F6F6F,0x6F6F6F6F,
	0x6F6F6F6F,0x6F016F01,0x6F6F6F6F,0x6F016F6F,0x6F6F6F6F,0x6F6F016F,0x6F6F6F01,0x6F6F6F6F,
	0x6F6F6F6F,0x6F016F6F,0x6F01016F,0x6F6F016F,0x016F6F6F,0x6F6F6F6F,0x6F6F6F01,0x3A351301,
	0x011D4743,0x6F6F0101,0x43463C0E,0x4F4D5031,0x5E5E5B5A,0x58696161,0x5D59436D,0x5B6D6D43,
	0x6D6D4F65,0x6D6D6D6D,0x68616D6D,0x5F6D5A6D,0x6C5A6D56,0x6D5B6D6D,0x6D6D6C44,0x6A6D6D6D,
	0x6D6D6D53,0x6D6D6D6D,0x50616D6D,0x6D6D436D,0x0B236D6D,0x6D6D6C63,0x6D6D6D5B,0x6D6D6D6D,

	0x6B6D6D6D,0x6D6D6D50,0x6D6D6D6D,0x6D6D6D6D,0x6D6D6D6D,0x436D6D6D,0x6D6D6D6D,0x6D6D6D6D,
	0x426D6D6D,0x6C6D5D3D,0x66696A6C,0x55446165,0x3C525A62,0x5151504F,0x52525252,0x52525252,
	0x52525252,0x52525252,0x32485151,0x6F143E2F,0x6F016F6F,0x6F6F6F6F,0x6F6F6F6F,0x6F016F6F,
	0x6F6F6F6F,0x6F6F6F6F,0x6F6F6F6F,0x6F6F016F,0x6F6F6F6F,0x6F6F0101,0x01016F6F,0x6F6F6F6F,
	0x016F6F6F,0x6F6F6F6F,0x6F6F6F6F,0x6F6F016F,0x6F6F6F6F,0x6F6F6F01,0x6F6F6F01,0x3B371E6F,
	0x6F224F4B,0x6F016F6F,0x4D3D3B0F,0x504F4A2F,0x645F5C5C,0x5A696269,0x5D59436D,0x5B6D6D43,
	0x6D6D4F65,0x6D6D6D6D,0x68616D6D,0x5F6D5A6D,0x6B5A6D56,0x6D5B6D6D,0x6D6D6C48,0x6A6D6D6D,
	0x6D6D6D50,0x6D6D6D6D,0x56616D6D,0x6D6D436D,0x11236D6D,0x6D6D6C62,0x6D6D6D5B,0x6D6D6D6D,

	0x6B6D6D6D,0x6D6D6D54,0x6D6D6D6D,0x6D6D6D6D,0x6D6D6D6D,0x436D6D6D,0x6D6D6D6D,0x6D6D6D6D,
	0x39696D6D,0x6C6D5D4B,0x626A6B6B,0x504A6162,0x43585A5E,0x6D6C6B6A,0x55515C6D,0x6D6D6D5C,
	0x6D6D6D6D,0x6D6D6D6D,0x36626D6D,0x6F224126,0x6F6F6F01,0x6F6F6F6F,0x6F6F6F6F,0x6F01016F,
	0x016F6F6F,0x6F6F0101,0x6F6F6F01,0x6F6F6F6F,0x6F6F016F,0x6F6F6F6F,0x016F6F01,0x01016F01,
	0x6F6F6F01,0x6F6F6F6F,0x6F6F016F,0x016F6F01,0x6F01016F,0x6F016F6F,0x6F6F6F6F,0x3D381B01,
	0x6F204648,0x016F6F6F,0x4344330B,0x5A5A462F,0x615C5859,0x576A6561,0x5D59436C,0x5B6D6D43,
	0x6D6D4F65,0x6D6D6D6D,0x68616D6D,0x5F6D5A6D,0x6A596D56,0x6D5B6D6D,0x6D6D6D4D,0x6A6D6D6D,
	0x6D6D6D50,0x6D6D6D6D,0x50666D6D,0x6D6E436D,0x10236D6D,0x6D6D6D61,0x6D6D6D5B,0x6D6D6D6D,

	0x6C6D6D6D,0x6D6D6D57,0x6D6D6D6D,0x6D6D6D6D,0x6D6D6D6D,0x436D6D6D,0x6D6D6D6D,0x6D6D6D6D,
	0x396D6D6D,0x6C6D5E3C,0x66696A6B,0x594D6367,0x465B585D,0x6D6C6B6A,0x302C3C50,0x6D6D563D,
	0x6D6D6D6D,0x6D6D6D6D,0x3A626D6D,0x6F2A3B25,0x6F6F6F6F,0x6F6F6F6F,0x6F6F6F6F,0x6F6F6F01,
	0x016F6F6F,0x6F6F6F6F,0x6F6F6F6F,0x6F6F6F6F,0x6F6F0101,0x6F6F016F,0x6F6F0101,0x6F6F6F6F,
	0x6F6F6F6F,0x6F6F6F6F,0x6F016F6F,0x016F6F6F,0x01016F6F,0x6F6F0101,0x6F016F6F,0x33351C6F,
	0x6F1A4841,0x016F6F6F,0x464B2A04,0x584A4A2E,0x60645C5A,0x57696662,0x5D59436B,0x5B6D6D43,
	0x6D6D4F65,0x6D6D6D6D,0x68616D6D,0x5F6D596D,0x6A586D56,0x6D5B6D6D,0x6D6D6D4F,0x6A6D6D6D,
	0x6D6D6D4F,0x6D6D6D6D,0x4E606D6D,0x6D6D436D,0x0D236C6D,0x6D6D6C62,0x6D6D6D5B,0x6D6D6D6D,

	0x6C6D6D6D,0x6D6D6D59,0x6D6D6D6D,0x6D6D6D6D,0x6D6D6D6D,0x436D6D6D,0x6D6D6D6D,0x6D6D6D6D,
	0x44696D6D,0x6C6D5D4F,0x65696A6B,0x58486268,0x42495262,0x6A6C6A6A,0x30233421,0x6D6C3A29,
	0x6D6D6D6D,0x6D6D6D6D,0x38626D6D,0x6F204321,0x6F6F6F01,0x6F6F6F6F,0x6F6F016F,0x6F6F016F,
	0x6F016F6F,0x6F016F6F,0x6F6F6F01,0x6F6F6F6F,0x6F6F016F,0x016F6F01,0x6F01016F,0x6F6F6F6F,
	0x6F6F6F6F,0x016F6F01,0x016F6F6F,0x6F6F6F6F,0x6F6F0101,0x6F6F0101,0x6F6F6F6F,0x3330146F,
	0x011E4346,0x016F6F01,0x413C2E01,0x5753532D,0x5B5A5F5A,0x5967615D,0x5D59436C,0x5B6D6E43,
	0x6D6D4F65,0x6D6D6D6D,0x68616D6D,0x5F6D576D,0x69576D56,0x6D5B6D6D,0x6D6D6C4F,0x696D6D6D,
	0x6D6D6D4D,0x6D6D6D6D,0x535D6D6D,0x6D6D436D,0x10236D6D,0x6D6D6C62,0x6D6D6D5B,0x6D6D6D6D,

	0x6C6D6D6D,0x6D6D6D56,0x6D6D6D6D,0x6D6D6D6D,0x6D6D6D6D,0x436D6D6D,0x6D6D6D6D,0x6D6D6D6D,
	0x286A6D6D,0x6B6D5D3A,0x61686A6A,0x51446264,0x3E515B5D,0x646B6B69,0x38343F25,0x6D6A2439,
	0x6D6D6D6D,0x6D6D6D6D,0x2E636D6D,0x01204023,0x6F6F0101,0x6F6F6F6F,0x01016F6F,0x6F6F6F6F,
	0x6F6F6F6F,0x6F6F016F,0x016F0101,0x6F6F6F6F,0x6F01016F,0x6F01016F,0x6F6F016F,0x6F016F01,
	0x6F6F6F6F,0x6F6F6F6F,0x6F6F6F01,0x016F0101,0x6F6F6F6F,0x6F6F6F6F,0x016F016F,0x3C351101,
	0x6F25454F,0x6F6F6F6F,0x4F3A2A6F,0x5A564433,0x645C5C58,0x56675F5F,0x5D59436B,0x5B6D6D43,
	0x6D6D4F65,0x6D6D6D6D,0x68606D6D,0x5F6D546D,0x68556D56,0x6D5B6D6D,0x6D6D6D52,0x696D6D6D,
	0x6D6D6D4D,0x6D6D6D6D,0x57676D6D,0x6D6D436D,0x14226C6D,0x6D6D6C63,0x6D6D6D5B,0x6D6D6D6D,

	0x6B6D6D6D,0x6D6D6D54,0x6D6D6D6D,0x6D6D6D6D,0x6D6D6D6D,0x436D6D6D,0x6D6D6D6D,0x6D6D6D6D,
	0x4F6B6D6D,0x6C6D5D54,0x66696A6A,0x55476164,0x424D565B,0x6A6B6B69,0x11222626,0x6D6C2A30,
	0x6D6D6D6D,0x6D6D6D6D,0x2C636D6D,0x6F293528,0x6F016F6F,0x6F6F0101,0x016F6F01,0x6F6F6F6F,
	0x6F6F6F6F,0x6F6F6F6F,0x6F6F6F6F,0x6F6F6F6F,0x6F6F6F6F,0x6F6F6F6F,0x6F016F6F,0x016F6F6F,
	0x6F01016F,0x6F6F6F6F,0x6F6F0101,0x6F6F6F6F,0x6F6F6F6F,0x6F6F6F6F,0x6F6F6F6F,0x38170601,
	0x6F204244,0x6F6F6F6F,0x43461F6F,0x5148462E,0x5E5A5A54,0x5365615D,0x5D59436B,0x5B6D6D43,
	0x6D6D4F65,0x6D6D6D6D,0x68606D6D,0x5F6D526D,0x67546D56,0x6D5B6D6D,0x6D6D6D54,0x686D6D6D,
	0x6D6D6D4B,0x6D6D6D6D,0x54636D6D,0x6D6D436D,0x0E216C6D,0x6D6D6B61,0x6D6D6D5B,0x6D6D6D6D,

	0x6B6D6D6D,0x6D6D6D50,0x6D6D6D6D,0x6D6D6D6D,0x6D6D6D6D,0x436D6D6D,0x6D6D6D6D,0x6D6D6D6D,
	0x216A6D6D,0x6A6C5D3D,0x64666A6B,0x5A496163,0x4750545C,0x6C6B6B68,0x1B222854,0x6D6D5518,
	0x6D6D6D6D,0x6D6D6D6D,0x42636D6D,0x6F234329,0x6F6F6F6F,0x6F6F6F6F,0x6F6F6F6F,0x6F6F016F,
	0x6F6F6F6F,0x6F016F01,0x6F6F6F6F,0x6F01016F,0x016F6F6F,0x016F0101,0x6F016F6F,0x6F6F016F,
	0x6F6F6F6F,0x6F6F6F01,0x6F6F6F6F,0x6F016F6F,0x6F6F016F,0x6F6F6F01,0x6F6F6F6F,0x2E331A6F,
	0x6F1D464A,0x6F6F0101,0x3E42256F,0x504F572F,0x5D5B5D5A,0x55616660,0x5D59436B,0x5B6D6D43,
	0x6D6D4F65,0x6D6D6D6D,0x685F6D6D,0x5F6D4F6D,0x65526D56,0x6D5B6D6D,0x6D6D6C51,0x676D6D6D,
	0x6D6D6D4B,0x6D6D6D6D,0x4F626D6D,0x6D6D436D,0x0D236D6D,0x6D6D6C5F,0x6D6D6D5B,0x6D6D6D6D,

	0x6B6D6D6D,0x6D6D6D4D,0x6D6D6D6D,0x6D6D6D6D,0x6D6D6D6D,0x436D6D6D,0x6D6D6D6D,0x6D6D6D6D,
	0x536B6D6D,0x6B6D5D4A,0x62686A6A,0x54426869,0x47485759,0x6C6A6968,0x413E5C6D,0x6D6D6D5D,
	0x6D6D6D6D,0x6D6D6D6D,0x3D636D6D,0x6F193C3D,0x6F6F6F6F,0x01016F6F,0x6F6F016F,0x016F6F6F,
	0x6F6F6F6F,0x6F6F6F01,0x016F6F6F,0x6F6F6F6F,0x6F6F6F6F,0x016F6F01,0x01016F6F,0x6F6F6F01,
	0x6F6F6F6F,0x0101016F,0x6F6F6F6F,0x6F016F6F,0x6F6F6F01,0x6F016F6F,0x6F6F6F01,0x3C331A6F,
	0x6F224048,0x6F6F6F6F,0x4438286F,0x594D4C2A,0x5D5B575A,0x5A64615F,0x5D59436C,0x5B6D6D43,
	0x6D6D4F65,0x6D6D6D6D,0x685E6D6D,0x5F6D4E6D,0x64516D56,0x6D5B6D6D,0x6D6D6D4E,0x696D6D6D,
	0x6D6D6D4A,0x6D6D6D6D,0x52616D6D,0x6D6D436D,0x12236D6D,0x6D6D6B63,0x6D6D6D5B,0x6D6D6D6D,

	0x6A6D6D6D,0x6D6D6D49,0x6D6D6D6D,0x6D6D6D6D,0x6D6D6D6D,0x436D6D6D,0x6D6D6D6D,0x6D6D6D6D,
	0x25696D6D,0x6C6C5D3E,0x6169696B,0x52466562,0x44515D55,0x6C6B6A69,0x6D6D6D6D,0x6D6D6D6D,
	0x6D6D6D6D,0x6D6D6D6D,0x46626D6D,0x6F203B3F,0x6F6F6F6F,0x6F6F016F,0x016F6F6F,0x6F016F6F,
	0x016F6F6F,0x016F6F01,0x6F6F6F01,0x6F6F016F,0x6F6F6F6F,0x6F6F6F6F,0x6F016F01,0x6F016F6F,
	0x6F01016F,0x016F016F,0x6F016F01,0x6F6F6F6F,0x6F6F6F01,0x6F6F6F6F,0x016F016F,0x433A146F,
	0x0127443D,0x6F016F6F,0x47421D6F,0x52515434,0x5D5E5C5A,0x5563615D,0x5D59436A,0x5B6D6D43,
	0x6D6D4F65,0x6D6D6D6D,0x685D6D6D,0x5F6D4A6D,0x63506D57,0x6D5B6D6D,0x6D6D6C4F,0x666D6D6D,
	0x6D6D6D4A,0x6D6D6D6D,0x57616D6D,0x6D6D436D,0x0D236D6D,0x6D6D6C64,0x6D6D6D5B,0x6D6D6D6D,

	0x6A6D6D6D,0x6D6D6D4D,0x6D6D6D6D,0x6D6D6D6D,0x6D6D6D6D,0x436D6D6D,0x6D6D6D6D,0x6D6D6D6D,
	0x486C6D6D,0x6B6C5D46,0x6667696A,0x55486561,0x424C5758,0x6C6B6A68,0x6D6D6D6D,0x6D6D6D6D,
	0x6D6D6D6D,0x6D6D6D6D,0x46636D6D,0x6F1F393F,0x6F016F6F,0x6F016F6F,0x016F6F6F,0x6F6F6F6F,
	0x6F6F016F,0x6F6F016F,0x6F6F6F6F,0x016F6F6F,0x6F6F6F01,0x6F6F6F6F,0x6F6F6F6F,0x6F016F6F,
	0x016F6F6F,0x6F6F016F,0x016F6F01,0x6F6F6F6F,0x6F6F6F6F,0x6F6F6F6F,0x016F6F6F,0x3B371901,
	0x6F205253,0x016F6F6F,0x3D41136F,0x514E4A34,0x5C5A5256,0x5661665F,0x5D59436A,0x5B6D6D43,
	0x6D6D4F65,0x6D6D6D6D,0x685C6D6D,0x5F6D476D,0x63516D56,0x6D5B6D6D,0x6D6D6D55,0x676D6D6D,
	0x6D6D6D4A,0x6D6D6D6D,0x54606D6D,0x6D6D436D,0x0E246D6D,0x6D6D6C61,0x6D6D6D5B,0x6D6D6D6D,

	0x6A6D6D6D,0x6D6D6D50,0x6D6D6D6D,0x6D6D6D6D,0x6D6D6D6D,0x436D6D6D,0x6D6D6D6D,0x6D6D6D6D,
	0x2C636D6D,0x6A6C5D49,0x61676A6A,0x4F45615C,0x4C545B5B,0x6C6A6969,0x6D6D6D6D,0x6D6D6D6D,
	0x6D6D6D6D,0x6D6D6D6D,0x3B636D6D,0x6F18363C,0x6F6F016F,0x6F016F6F,0x01010101,0x6F016F6F,
	0x016F6F6F,0x016F6F6F,0x6F6F6F01,0x6F6F016F,0x016F6F01,0x6F6F6F01,0x6F6F6F6F,0x6F6F6F6F,
	0x6F6F6F6F,0x6F6F0101,0x6F6F016F,0x6F6F016F,0x6F6F6F6F,0x6F6F6F01,0x6F01016F,0x33361F01,
	0x6F224A4C,0x016F6F01,0x43371D6F,0x4F4B4D2D,0x5B5B555A,0x57615B5D,0x5D59436A,0x5B6D6D43,
	0x6D6D4F65,0x6D6D6D6D,0x685B6D6D,0x5F6D446D,0x64526D56,0x6D5B6D6D,0x6D6D6D5A,0x696D6D6D,
	0x6D6D6D4B,0x6D6D6D6D,0x52696C6D,0x6D6D436D,0x11236C6D,0x6D6D6C61,0x6D6D6D5B,0x6D6D6D6D,

	0x676D6D6D,0x6D6D6D52,0x6D6D6D6D,0x6D6D6D6D,0x6D6D6D6D,0x436D6D6D,0x6D6D6D6D,0x6D6D6D6D,
	0x426C6D6D,0x6B6C5D43,0x62636969,0x4C42645D,0x4454555A,0x6A6A6767,0x6D6D6D6C,0x6D6D6D6D,
	0x6D6D6D6D,0x6D6D6D6D,0x40636D6D,0x6F103845,0x6F6F6F6F,0x6F6F016F,0x6F6F6F6F,0x6F016F01,
	0x016F6F6F,0x6F6F6F01,0x6F01016F,0x6F6F016F,0x6F6F016F,0x6F6F6F6F,0x6F6F6F6F,0x6F6F6F6F,
	0x016F016F,0x6F6F6F01,0x01016F6F,0x6F6F6F6F,0x01016F6F,0x01016F6F,0x6F016F6F,0x37391A6F,
	0x6F26414A,0x6F6F6F01,0x4334156F,0x5054442F,0x5E605254,0x5567615B,0x5D59436A,0x5B6D6E43,
	0x6D6D4F65,0x6D6D6D6D,0x685A6D6D,0x5F6D436D,0x66536D56,0x6D5B6D6D,0x6D6D6D54,0x686D6D6D,
	0x6D6D6D4A,0x6D6D6D6D,0x525C6D6D,0x6D6D436D,0x0D236D6D,0x6D6D6D61,0x6D6D6D5B,0x6D6D6D6D,

	0x696D6D6D,0x6D6D6D56,0x6D6D6D6D,0x6D6D6D6D,0x6D6D6D6D,0x436D6D6D,0x6D6D6D6D,0x6D6D6D6D,
	0x36696D6D,0x6B6A5D4F,0x6367696A,0x4B425D61,0x49545057,0x6B6B6767,0x6D6D6C6A,0x6D6D6D6D,
	0x6D6D6D6D,0x6D6D6D6D,0x43636D6D,0x6F143545,0x6F6F6F6F,0x6F6F6F6F,0x6F6F6F6F,0x6F01016F,
	0x6F6F016F,0x6F016F6F,0x6F6F6F6F,0x016F6F6F,0x6F6F6F6F,0x016F0101,0x6F6F6F6F,0x6F6F6F6F,
	0x016F6F6F,0x016F6F6F,0x6F6F6F6F,0x016F6F6F,0x016F6F6F,0x6F6F6F6F,0x6F6F6F6F,0x3537136F,
	0x6F234F44,0x6F016F6F,0x34360A01,0x4E515A36,0x5A5A564F,0x5661615B,0x5D59436B,0x5B6D6D43,
	0x6D6D4F65,0x6D6D6D6D,0x68596D6D,0x5F6D436D,0x68556D56,0x6D5B6D6D,0x6D6D6D50,0x696D6D6D,
	0x6D6D6D4A,0x6D6D6D6D,0x53616D6D,0x6D6D436D,0x0F236D6D,0x6D6D6C61,0x6D6D6D5B,0x6D6D6D6D,

	0x6A6D6D6D,0x6D6D6D5A,0x6D6D6D6D,0x6D6D6D6D,0x6D6D6D6D,0x436D6D6D,0x6D6D6D6D,0x6D6D6D6D,
	0x326C6D6D,0x6A6C5D3C,0x64656969,0x523E6163,0x4A484F58,0x69686466,0x6D6C6A6A,0x6D6D6D6D,
	0x6D6D6D6D,0x6D6D6D6D,0x3E636D6D,0x6F103044,0x6F6F6F01,0x016F6F6F,0x6F6F6F01,0x6F01016F,
	0x6F6F6F6F,0x6F016F01,0x016F6F6F,0x6F6F016F,0x016F6F6F,0x6F6F6F6F,0x016F6F6F,0x6F01016F,
	0x6F016F6F,0x6F6F0101,0x016F016F,0x01016F01,0x016F016F,0x01010101,0x6F016F6F,0x33321D01,
	0x6F1E4546,0x6F6F6F6F,0x3C360A6F,0x504A5433,0x5D5F5659,0x555E5E61,0x5D59436B,0x5B6D6D43,
	0x6D6D4F65,0x6D6D6D6D,0x68556D6D,0x5F6D436D,0x69566D56,0x6D5B6D6D,0x6D6D6D58,0x686D6D6D,
	0x6D6D6D4A,0x6D6D6D6D,0x58666D6D,0x6D6D436D,0x0D236D6D,0x6D6D6B63,0x6D6D6D5B,0x6D6D6D6D,

	0x6A6D6D6D,0x6D6D6D57,0x6D6D6D6D,0x6D6D6D6D,0x6D6D6D6D,0x436D6D6D,0x6D6D6D6D,0x6D6D6D6D,
	0x45696D6D,0x6A6B5D54,0x60696969,0x51485D5C,0x44424F57,0x56566064,0x6D615458,0x6D6D6D6C,
	0x6D6D6D6D,0x6D6D6D6D,0x40636D6D,0x6F093A43,0x6F6F6F01,0x6F6F6F6F,0x016F6F6F,0x016F6F6F,
	0x6F6F6F6F,0x6F016F6F,0x6F016F6F,0x6F016F6F,0x016F6F6F,0x016F6F6F,0x6F6F6F01,0x6F6F016F,
	0x6F6F6F6F,0x6F016F6F,0x6F016F01,0x016F016F,0x016F6F6F,0x6F016F6F,0x6F6F6F01,0x3C3C1E01,
	0x0123464F,0x6F01016F,0x402C016F,0x54523F2C,0x5C5D5955,0x51695E5D,0x5D59436A,0x5B6D6D43,
	0x6D6D4F65,0x6D6D6D6D,0x68516D6D,0x5F6D436D,0x6A576D56,0x6D5B6D6D,0x6D6D6D5A,0x666D6D6D,
	0x6D6D6D4A,0x6D6D6D6D,0x575F6D6D,0x6D6D436D,0x0C236D6D,0x6D6D6D60,0x6D6D6D5B,0x6D6D6D6D,

	0x6A6D6D6D,0x6D6D6D51,0x6D6D6D6D,0x6D6D6D6D,0x6D6D6D6D,0x436D6D6D,0x6D6D6D6D,0x6D6D6D6D,
	0x266B6D6D,0x6A6A5D3D,0x5F66676A,0x50475B5E,0x5F465B5C,0x58594460,0x6C503F5A,0x6D6D6D6D,
	0x6D6D6D6D,0x6D6D6D6D,0x40636D6D,0x6F07343D,0x6F016F6F,0x6F6F6F6F,0x6F6F6F6F,0x6F6F6F6F,
	0x6F6F6F01,0x6F6F6F6F,0x6F6F6F6F,0x6F6F016F,0x6F6F6F6F,0x6F6F0101,0x01016F6F,0x6F6F6F6F,
	0x6F6F6F01,0x6F6F6F6F,0x6F6F016F,0x6F6F6F6F,0x6F6F6F6F,0x6F6F6F01,0x6F6F6F01,0x3B35146F,
	0x6F21444D,0x6F016F6F,0x43346F6F,0x55504F2C,0x5C5C5C54,0x51625D5B,0x5D59436A,0x5B6D6D43,
	0x6D6D4F65,0x6D6D6D6D,0x684F6D6D,0x5F6D436D,0x6A596D56,0x6D5B6D6D,0x6D6D6D5A,0x676D6D6D,
	0x6D6D6D4A,0x6D6D6D6D,0x57626D6D,0x6D6E436D,0x10246D6D,0x6D6D6B61,0x6D6D6D5B,0x6D6D6D6D,

	0x6A6D6D6D,0x6D6D6D58,0x6D6D6D6D,0x6D6D6D6D,0x6D6D6D6D,0x436D6D6D,0x6D6D6D6D,0x6D6D6D6D,
	0x4D6A6D6D,0x696A5D4B,0x6160666A,0x483D5B64,0x633A5056,0x3B342C5B,0x6D50243C,0x6D6D6D6D,
	0x6D6D6D6D,0x6D6D6D6D,0x42636D6D,0x6F042843,0x6F6F6F01,0x6F6F6F6F,0x6F6F6F6F,0x6F01016F,
	0x016F6F6F,0x6F6F6F01,0x6F6F6F01,0x6F6F6F6F,0x6F6F016F,0x6F6F6F6F,0x016F6F6F,0x6F6F6F6F,
	0x6F6F6F01,0x6F6F6F6F,0x6F6F6F6F,0x016F6F01,0x01016F6F,0x6F016F6F,0x6F6F016F,0x36371701,
	0x6F244944,0x016F6F6F,0x44286F01,0x4F48472F,0x5C4E5254,0x56675C5D,0x5D59436A,0x5B6D6D43,
	0x6D6D4F65,0x6D6D6D6D,0x684E6D6D,0x5F6D436D,0x6A5A6D56,0x6D5B6D6D,0x6D6D6D5A,0x676D6D6D,
	0x6D6D6D4A,0x6D6D6D6D,0x5A616D6D,0x6D6D436D,0x0B246D6D,0x6D6D6B62,0x6D6D6D5B,0x6D6D6D6D,

	0x6A6D6D6D,0x6D6D6D56,0x6D6D6D6D,0x6D6D6D6D,0x6D6D6D6D,0x436D6D6D,0x6D6D6D6D,0x6D6D6D6D,
	0x22696D6D,0x6A6C5D3C,0x5E676469,0x493F5E61,0x69493D5A,0x146F2A65,0x6C50141D,0x6D6D6D6D,
	0x6D6D6D6D,0x6D6D6D6D,0x44636D6D,0x6F012B3E,0x6F6F6F6F,0x6F6F6F6F,0x6F6F6F6F,0x6F016F01,
	0x016F6F6F,0x6F6F6F6F,0x6F6F6F6F,0x6F6F6F6F,0x6F6F0101,0x6F6F016F,0x6F6F0101,0x6F6F6F6F,
	0x6F6F6F6F,0x6F6F6F6F,0x6F01016F,0x0101016F,0x6F01016F,0x6F6F0101,0x6F6F6F6F,0x3C391B6F,
	0x6F244E52,0x016F6F6F,0x3E206F6F,0x544E3D2C,0x5D554F54,0x50615D5A,0x5D594369,0x5B6D6D43,
	0x6D6D4F65,0x6D6D6D6D,0x684C6D6D,0x5E6D436D,0x6B5A6D56,0x6D5B6D6D,0x6D6D6D5A,0x686D6D6D,
	0x6D6D6D4A,0x6D6D6D6D,0x58616D6D,0x6D6E436D,0x0E246D6D,0x6D6D6C62,0x6D6D6D5B,0x6D6D6D6D,

	0x6B6D6D6D,0x6D6D6D53,0x6D6D6D6D,0x6D6D6D6D,0x6D6D6D6D,0x436D6D6D,0x6D6D6D6D,0x6D6D6D6D,
	0x4C6C6D6D,0x69695D45,0x63646468,0x564C5F60,0x6A613950,0x6F6F3167,0x6D55036F,0x6D6D6D6D,
	0x6D6D6D6D,0x6D6D6D6D,0x3D636D6D,0x6F01303B,0x6F6F6F01,0x6F6F6F6F,0x6F6F016F,0x6F6F016F,
	0x01016F6F,0x6F6F6F6F,0x6F6F6F01,0x6F6F6F6F,0x6F6F016F,0x016F6F01,0x6F6F016F,0x6F6F6F6F,
	0x6F6F6F6F,0x6F6F6F01,0x016F6F6F,0x6F6F6F6F,0x6F6F6F01,0x6F6F0101,0x6F6F6F6F,0x1834176F,
	0x010D2520,0x6F6F6F01,0x3C196F01,0x4F4E4F2D,0x5B585A53,0x5161645D,0x5D59436A,0x5B6D6E43,
	0x6D6D4F65,0x6D6D6D6D,0x684C6D6D,0x5F6D436D,0x6C5A6D56,0x6D5B6D6D,0x6D6D6D5A,0x696D6D6D,
	0x6D6D6D4A,0x6D6D6D6D,0x5A686D6D,0x6D6D436D,0x16236D6D,0x6D6D6C67,0x6D6D6D5B,0x6D6D6D6D,

	0x6B6D6D6D,0x6D6D6D50,0x6D6D6D6D,0x6D6D6D6D,0x6D6D6D6D,0x436D6D6D,0x6D6D6D6D,0x6D6D6D6D,
	0x196A6D6D,0x6A6A5C42,0x61616A6A,0x503E6261,0x6C653D3D,0x6F6F316A,0x6D53036F,0x6D6D6D6C,
	0x6D6D6D6D,0x6D6D6D6D,0x4F636D6D,0x016F2542,0x6F6F0101,0x6F6F6F6F,0x016F6F6F,0x6F6F6F6F,
	0x6F6F6F6F,0x6F6F6F6F,0x6F6F0101,0x016F6F6F,0x6F01016F,0x6F6F016F,0x6F6F6F6F,0x01016F01,
	0x6F6F6F01,0x6F016F6F,0x6F6F6F6F,0x6F6F0101,0x6F6F6F6F,0x6F6F6F6F,0x0101016F,0x2D341001,
	0x6F0E3934,0x6F016F6F,0x3C1E016F,0x5442462A,0x5D585B52,0x575F5C5B,0x5D59436A,0x5A6D6D43,
	0x6D6D4F65,0x6D6D6D6D,0x684C6D6D,0x5F6D436D,0x6C5A6D56,0x6D5B6D6D,0x6D6D6D5B,0x696D6D6D,
	0x6D6D6D4A,0x6D6D6D6D,0x5A686D6D,0x6D6D436D,0x11246D6D,0x6D6D6D68,0x6D6D6D5B,0x6D6D6D6D,
};

//}}BLOCK(manga_bg_01)
