
//{{BLOCK(manga_bg_07)

//======================================================================
//
//	manga_bg_07, 256x256@8, 
//	Transparent color : 00,00,FF
//	+ bitmap not compressed
//	Total size: 65536 = 65536
//
//	Time-stamp: 2026-07-27, 01:42:26
//	Exported by Cearn's GBA Image Transmogrifier, v1.22.1-8-ga34ae840
//	( http://www.coranac.com/projects/#grit )
//
//======================================================================

const unsigned int manga_bg_07Bitmap[16384] __attribute__((aligned(4))) __attribute__((visibility("hidden")))=
{
	0x54565656,0xB950B237,0x50B9B9B9,0x50505050,0x4F4F4F4F,0x4C4F4F4F,0xB84C4C4C,0x9091903B,
	0x861A1F19,0x3132329C,0xA297A5A5,0xA22EA3A4,0xACA8262C,0xA8A9A9AB,0x079732A6,0x45453D7D,
	0x96464646,0x9A9B9C29,0x96979826,0x20932091,0x1E909120,0x101A8F1D,0x13878A13,0x84108585,
	0x6F6F7C84,0x016F016F,0x6F6F016F,0x6F6F6F6F,0x01016F01,0x6F6F6F6F,0x6F6F6F6F,0x6F6F6F6F,
	0x6F6F6F6F,0x6F6F0101,0x6F6F6F01,0x6F6F016F,0x6F016F6F,0x6F6F6F6F,0x1A1A0601,0x01016F7F,
	0x6F016F01,0x6F016F01,0x6F6F6F6F,0x6F016F6F,0x6F6F6F6F,0x6F6F6F6F,0x6F6F6F6F,0x016F0101,
	0x6F6F6F6F,0x6F016F6F,0x6F016F01,0x6F01016F,0x6F6F6F01,0x016F6F6F,0x6F6F6F6F,0x6F6F6F6F,
	0x6F6F6F6F,0x6F6F6F6F,0x6F6F0101,0x6F6F6F6F,0x6F6F016F,0x6F6F016F,0x6F6F016F,0x016F6F6F,

	0x54565656,0xB6364C37,0x50B9B9B9,0x50505050,0x4F4F4F4F,0x4C4C4F4F,0xB84C4C4C,0x918EB448,
	0x8B881A8F,0x31312387,0xA49630A5,0x2D2EA3A3,0xA594A12C,0xA8A9AAAB,0x953132A6,0x4545B27D,
	0x98464646,0x9A9B9C29,0x97982699,0x21932020,0x901F9192,0x1A1A8F1D,0x87888785,0x84121313,
	0x6F6F7E83,0x6F016F6F,0x6F016F6F,0x6F6F6F6F,0x6F6F016F,0x6F6F6F6F,0x016F6F01,0x6F6F6F01,
	0x6F6F6F6F,0x6F6F6F6F,0x6F6F6F6F,0x6F6F6F6F,0x6F016F6F,0x6F6F6F6F,0x1A8C736F,0x6F6F6F7D,
	0x6F6F6F6F,0x6F6F0101,0x6F6F6F6F,0x6F6F6F6F,0x6F016F6F,0x6F6F6F01,0x6F016F6F,0x016F016F,
	0x6F6F6F01,0x016F6F01,0x6F6F6F6F,0x6F6F6F6F,0x6F6F6F6F,0x016F6F6F,0x6F01016F,0x016F6F6F,
	0x6F016F6F,0x6F6F6F6F,0x01016F6F,0x016F0101,0x016F6F6F,0x016F016F,0x6F016F01,0x6F6F6F6F,

	0x54545656,0xB2B94F37,0x50B95038,0x50505050,0x4F4F4F4F,0x4C4C4F4F,0xB84C4C4C,0x97B54848,
	0x198D898A,0x3090888C,0xA4962FA5,0x2DA22EA3,0x949FA12C,0xA8A9AA2E,0xA53132A6,0x46453695,
	0x26474646,0x9A9C299D,0x97982699,0x92932020,0x1E1E9120,0x1A1A8F1D,0x8687841A,0x10128687,
	0x6F6F7E83,0x6F6F6F6F,0x6F016F01,0x016F6F6F,0x6F6F6F6F,0x6F6F016F,0x016F6F6F,0x6F01016F,
	0x6F6F6F01,0x016F016F,0x016F6F6F,0x6F6F6F6F,0x6F6F6F6F,0x016F6F6F,0x198E726F,0x6F6F6F84,
	0x6F6F6F6F,0x6F6F6F6F,0x016F6F6F,0x6F016F6F,0x6F6F6F6F,0x6F6F6F6F,0x6F6F6F6F,0x6F6F6F6F,
	0x6F016F6F,0x016F016F,0x6F6F016F,0x0101016F,0x6F6F6F01,0x016F016F,0x01016F6F,0x6F016F6F,
	0x6F6F6F6F,0x6F016F6F,0x6F6F6F6F,0x6F01016F,0x01016F6F,0x6F6F6F01,0x6F01016F,0x6F6F6F6F,

	0x54545656,0xB9B94F37,0x504CA948,0x50505050,0x4F4F4F4F,0x4C4C4F4F,0xB84C4C4C,0x46484848,
	0x8D8C1AA2,0x8D838512,0xA4299FA2,0x2DA22EA3,0x9FA0A12C,0xA8A99F23,0xA53232A6,0x46389A2F,
	0x9A474646,0x9A9C299D,0x97982699,0x21949192,0x1E912020,0x8C8E8F1E,0x86838B8C,0x84121387,
	0x016F7E10,0x6F016F6F,0x016F6F6F,0x6F016F6F,0x6F010101,0x6F6F6F6F,0x6F016F6F,0x6F6F016F,
	0x016F6F6F,0x6F6F6F6F,0x6F6F6F6F,0x6F6F6F01,0x016F016F,0x6F6F016F,0x8E1A726F,0x6F6F6F83,
	0x016F6F6F,0x016F6F6F,0x6F6F6F6F,0x016F6F6F,0x6F016F6F,0x6F016F6F,0x6F6F6F6F,0x6F6F6F6F,
	0x6F6F016F,0x6F6F0101,0x6F01016F,0x6F6F6F6F,0x6F016F6F,0x6F6F6F6F,0x6F6F6F6F,0x6F6F6F6F,
	0x6F6F6F6F,0x6F6F6F6F,0x6F016F6F,0x016F6F6F,0x6F6F6F6F,0x6F6F016F,0x6F6F6F6F,0x016F6F6F,

	0x54545656,0xB9B95037,0x40AD50B9,0x4F505050,0x4F4F4F4F,0x4C4C4F4F,0xB84C4C4C,0x47484848,
	0x8B863646,0x0113858B,0xA4A39185,0x2DA22EA3,0x9FA0A12C,0xA829959F,0xA53232A7,0x3699A430,
	0x9C474746,0x9A9C299D,0x9798269A,0x93949121,0x1E919120,0x8D8E8E1D,0x848A8A8D,0x10128512,
	0x6F018084,0x016F6F6F,0x6F016F6F,0x6F6F6F6F,0x6F016F01,0x6F6F6F6F,0x016F016F,0x6F01016F,
	0x6F6F6F6F,0x6F6F6F6F,0x6F6F6F6F,0x6F016F6F,0x016F016F,0x6F6F6F6F,0x8F8D716F,0x016F6F85,
	0x6F6F6F6F,0x6F6F6F6F,0x6F6F6F6F,0x6F6F6F6F,0x6F016F01,0x01016F6F,0x6F016F6F,0x6F6F6F6F,
	0x6F6F6F6F,0x6F6F6F6F,0x6F6F6F6F,0x6F6F6F6F,0x6F6F6F01,0x6F6F6F6F,0x6F6F016F,0x6F6F6F6F,
	0x6F6F016F,0x01016F6F,0x6F6F6F6F,0x01016F6F,0x6F6F6F01,0x6F6F6F6F,0x6F6F6F6F,0x6F6F6F6F,

	0x54545456,0xB9B95037,0x3F50B9B9,0x50504F36,0x4F4F4F4F,0x4C4C4F4F,0xB84C4C4C,0x47484848,
	0x1AB04546,0x6F7E848D,0xA426076F,0x2DA2A2A3,0x9F9FA12C,0x99962A9E,0x3132A6A6,0x26A3A430,
	0x2A474736,0x9B9C299D,0x9798269A,0x93949121,0x1F909121,0x8D1B8F90,0x8788898D,0x85121283,
	0x6F017F10,0x6F016F01,0x6F6F6F6F,0x6F6F6F6F,0x016F6F01,0x6F6F0101,0x016F6F6F,0x6F6F6F6F,
	0x016F016F,0x6F6F016F,0x6F016F6F,0x6F01016F,0x6F6F6F6F,0x6F6F6F6F,0x1A1A706F,0x016F6F13,
	0x6F6F6F6F,0x6F6F6F6F,0x016F6F6F,0x6F6F016F,0x016F6F6F,0x6F6F6F01,0x6F016F6F,0x6F6F6F6F,
	0x6F016F6F,0x01016F6F,0x6F6F6F01,0x6F6F6F6F,0x016F0101,0x6F6F6F6F,0x6F6F6F6F,0x6F016F6F,
	0x6F016F6F,0x6F6F6F6F,0x6F6F6F6F,0x6F016F6F,0x016F6F01,0x6F016F6F,0x6F6F016F,0x016F0101,

	0x54545456,0xB9B95037,0x5050B9B9,0x4F4C384C,0x4F4F4F4F,0x4C4C4F4F,0xB8B84C4C,0x47474848,
	0x40B74546,0x01101293,0x23776F6F,0x2C2DA22E,0x9F9FA0A1,0x979D2A9E,0x31323295,0xA2A3A430,
	0x2C47AB99,0x9B9C292A,0x9898269A,0x93231F93,0x90912021,0x8D1B8F1E,0x87898D19,0x85128513,
	0x016F8085,0x6F01016F,0x6F6F6F6F,0x6F6F6F6F,0x016F016F,0x6F6F6F6F,0x6F6F6F6F,0x6F6F6F6F,
	0x6F6F6F6F,0x6F6F6F6F,0x6F6F6F6F,0x6F6F016F,0x6F016F6F,0x6F6F6F6F,0x1D8B016F,0x6F6F6F85,
	0x6F016F6F,0x6F6F6F6F,0x6F6F6F6F,0x016F016F,0x6F6F6F6F,0x6F010101,0x6F016F6F,0x6F6F6F6F,
	0x6F6F016F,0x6F6F6F01,0x6F6F6F6F,0x0101016F,0x6F016F01,0x6F6F016F,0x016F016F,0x6F6F6F6F,
	0x6F016F6F,0x016F6F6F,0x6F6F6F6F,0x016F6F01,0x016F0101,0x6F6F016F,0x6F6F6F6F,0x016F6F6F,

	0x54545456,0xB9B95037,0x5050B9B9,0x4FB65050,0x4F4F4F4F,0x4C4C4F4F,0xB8B84C4C,0x47474848,
	0xB6B74546,0x018026B5,0x70016F6F,0x2C2D2D1F,0x9F9FA0A1,0x299D2A9E,0x31319498,0x2EA32F30,
	0x2DA89A2D,0x9B9C292A,0x9826999A,0x93231F93,0x90202021,0x8F1D8F90,0x888B8D19,0x85851288,
	0x6F018384,0x016F6F6F,0x6F6F6F01,0x6F6F6F6F,0x01016F6F,0x6F6F0101,0x6F6F6F6F,0x6F6F6F01,
	0x016F016F,0x016F6F01,0x6F6F0101,0x016F016F,0x6F6F6F6F,0x6F6F6F6F,0x8F1A6F6F,0x6F6F6F88,
	0x6F016F6F,0x6F6F6F6F,0x6F6F6F6F,0x6F010101,0x6F6F6F6F,0x6F016F6F,0x6F6F6F6F,0x6F6F6F6F,
	0x6F6F6F6F,0x016F6F6F,0x6F6F0101,0x6F6F6F6F,0x6F016F6F,0x6F6F6F6F,0x6F6F6F6F,0x6F6F6F6F,
	0x6F6F6F01,0x6F016F6F,0x6F6F6F6F,0x6F6F6F6F,0x016F6F6F,0x6F6F6F6F,0x6F6F6F01,0x6F6F6F6F,

	0x54545456,0xB9B95037,0x505050B9,0x4F505050,0x4F4F4F4F,0x4C4C4F4F,0xB8B84C4C,0x47484848,
	0xB6B74546,0x7E2FB5B6,0x6F010101,0x2C9F1A01,0x9F9FA0A1,0x299D2A9E,0x2F20269C,0x2EA32FA5,
	0x929A2C2D,0x9C9C292A,0x9826999A,0x94231F94,0x90912093,0x1A8F8F90,0x888A8D1A,0x10851387,
	0x6F6F7F85,0x6F6F016F,0x6F6F6F6F,0x6F6F016F,0x6F6F6F01,0x016F016F,0x6F6F0101,0x6F6F016F,
	0x016F6F6F,0x01016F01,0x6F01016F,0x016F6F6F,0x6F6F016F,0x6F6F6F6F,0x1E8C6F01,0x6F6F6F87,
	0x6F6F016F,0x01016F6F,0x6F6F6F01,0x6F016F01,0x6F016F6F,0x6F016F6F,0x6F6F6F01,0x6F6F016F,
	0x6F6F6F6F,0x6F6F6F6F,0x6F6F6F6F,0x6F6F6F6F,0x6F016F6F,0x6F6F6F6F,0x6F6F6F6F,0x6F6F6F6F,
	0x6F6F6F6F,0x016F6F6F,0x6F6F6F6F,0x01016F01,0x016F0101,0x6F6F6F6F,0x6F6F6F6F,0x016F6F6F,

	0x54545454,0xB9B95036,0x5050B9B9,0x4F505050,0x4F4F4F4F,0x4C4C4C4F,0xB8B84C4C,0x47474848,
	0xB6B74546,0x36B5B6B6,0x6F6F6F12,0x9C13016F,0x9F9FA0A1,0x29299D2A,0x20269C9C,0x2EA42FA2,
	0x99A02C2D,0x9C292991,0x9826999A,0x94959194,0x1F1F2093,0x1B8F1D1F,0x878C1A1A,0x84138686,
	0x6F6F7E10,0x6F6F6F6F,0x01016F6F,0x6F6F6F6F,0x016F6F6F,0x6F6F0101,0x6F016F6F,0x6F6F6F6F,
	0x6F01016F,0x6F6F6F6F,0x6F6F6F01,0x016F6F01,0x6F6F6F01,0x0101016F,0x91896F6F,0x6F6F6F88,
	0x6F016F01,0x6F6F6F6F,0x6F010101,0x016F6F6F,0x6F6F6F01,0x6F6F6F01,0x6F6F6F6F,0x6F6F6F6F,
	0x6F6F6F6F,0x6F6F6F6F,0x6F6F6F6F,0x6F016F6F,0x6F016F6F,0x6F016F6F,0x6F6F6F6F,0x6F6F6F01,
	0x6F6F6F6F,0x6F6F016F,0x6F6F6F6F,0x6F016F6F,0x6F01016F,0x6F6F6F6F,0x6F6F016F,0x6F6F6F6F,

	0x54545456,0xB9B95036,0x505050B9,0x4F505050,0x4F4F4F4F,0x4C4C4F4F,0x48B84C4C,0x47474848,
	0xB6B74546,0xB5B5B6B6,0x6F6F1AAF,0x7F6F6F6F,0x9E9F9F26,0x29299D2A,0x999B9C9C,0x2EA49F1F,
	0x9FA02C2D,0x9C9C2026,0x98269A9B,0x23951F94,0x91202093,0x1B8E1E90,0x898D1919,0x85868787,
	0x6F6F7F82,0x01016F6F,0x6F6F6F6F,0x6F6F6F6F,0x6F6F6F6F,0x01016F01,0x6F6F6F01,0x6F6F6F01,
	0x6F01016F,0x6F6F6F6F,0x6F6F016F,0x6F6F016F,0x6F6F6F6F,0x6F01016F,0x1D8D6F6F,0x6F6F6F8A,
	0x6F6F6F6F,0x6F6F6F01,0x6F01016F,0x6F016F6F,0x6F6F6F6F,0x6F6F6F6F,0x6F6F6F6F,0x6F6F6F6F,
	0x01016F6F,0x6F016F6F,0x016F6F6F,0x6F010101,0x6F6F0101,0x6F6F0101,0x6F6F016F,0x6F016F6F,
	0x6F6F6F6F,0x6F016F6F,0x01016F6F,0x6F6F0101,0x016F6F6F,0x6F6F016F,0x6F6F6F6F,0x6F016F01,

	0x54545454,0xB9B95036,0x505050B9,0x4F505050,0x4F4F4F4F,0x4C4C4C4F,0x48B84C4C,0x46474848,
	0xB6B74546,0xB5B5B5B6,0x0193B342,0x6F6F6F6F,0x9E9F9379,0x29299D2A,0x9A9B9C9C,0x2E291E26,
	0x9FA02CA2,0x9A1D9A9E,0x98269A9B,0x23951F23,0x91202193,0x8F8F1E90,0x8C8C191A,0x1313878A,
	0x6F6F7E10,0x6F6F6F6F,0x6F6F0101,0x016F6F6F,0x6F6F6F01,0x6F6F6F6F,0x6F016F6F,0x6F6F6F6F,
	0x6F6F6F6F,0x6F6F6F01,0x016F6F01,0x016F6F6F,0x6F6F6F6F,0x6F6F6F6F,0x90896F6F,0x6F01018B,
	0x6F016F6F,0x016F6F6F,0x6F016F6F,0x6F016F01,0x6F6F6F6F,0x6F6F6F6F,0x6F6F6F6F,0x6F6F6F6F,
	0x6F6F6F01,0x6F6F6F01,0x6F6F6F6F,0x6F6F6F6F,0x6F6F6F6F,0x6F6F6F6F,0x6F6F016F,0x6F6F6F6F,
	0x6F6F6F6F,0x6F6F6F6F,0x6F6F6F6F,0x6F6F6F6F,0x6F016F6F,0x016F6F6F,0x6F6F6F01,0x6F016F01,

	0x54545454,0xB9B95038,0x505050B9,0x4F4F5050,0x4F4F4F4F,0x4C4C4C4F,0x48B84C4C,0x46474848,
	0xB6B74546,0xB5B5B6B6,0x9D404242,0x6F6F6F06,0x2A90716F,0x29299D2A,0x9A9A9B9C,0x26902699,
	0x9FA12CA2,0x1D9A2A9E,0x98269A99,0x23951F23,0x20209394,0x8F8F901F,0x8A8C191A,0x1387878A,
	0x6F6F7F86,0x6F6F6F6F,0x016F6F6F,0x6F6F6F01,0x6F6F6F01,0x6F6F6F01,0x016F016F,0x6F6F6F6F,
	0x6F6F016F,0x6F6F6F01,0x6F6F6F6F,0x6F6F016F,0x6F6F6F6F,0x6F6F6F01,0x91886F01,0x6F6F701A,
	0x6F6F6F6F,0x6F6F6F6F,0x016F6F6F,0x0101016F,0x6F6F6F01,0x6F6F6F6F,0x6F6F6F6F,0x6F6F6F6F,
	0x6F6F016F,0x6F6F6F6F,0x6F6F6F01,0x6F016F6F,0x016F6F6F,0x6F6F6F01,0x6F6F6F01,0x6F6F016F,
	0x6F6F6F6F,0x6F6F6F01,0x6F6F6F6F,0x6F016F6F,0x6F016F6F,0x6F016F6F,0x6F6F6F6F,0x016F6F6F,

	0x54545454,0xB9B950AD,0x505050B9,0x4F4F5050,0x4F4F4F4F,0x4C4C4C4F,0x48B84C4C,0x46474848,
	0xB6B74546,0xB5B5B6B6,0x40414242,0x6F6F8132,0x1B016F6F,0x9C299D29,0x9A9A9B9C,0x90982699,
	0x9FA12C97,0x9A292A9E,0x2699268F,0x23951F95,0x20202194,0x8E8F1E90,0x8A191A1A,0x8688898A,
	0x6F6F8312,0x6F6F016F,0x6F6F016F,0x6F6F016F,0x6F6F6F6F,0x6F016F6F,0x6F01016F,0x6F6F6F6F,
	0x6F6F6F01,0x6F6F6F01,0x6F01016F,0x6F016F6F,0x6F6F6F01,0x6F6F6F6F,0x90886F01,0x6F6F708F,
	0x01016F6F,0x01016F6F,0x6F6F6F01,0x016F016F,0x016F016F,0x6F6F016F,0x016F6F6F,0x6F6F6F01,
	0x6F6F6F6F,0x016F6F01,0x6F6F6F6F,0x6F6F016F,0x016F016F,0x6F6F0101,0x016F6F6F,0x6F6F016F,
	0x016F6F6F,0x6F6F6F6F,0x01016F6F,0x016F016F,0x6F6F6F01,0x6F6F6F6F,0x6F01016F,0x6F6F6F6F,

	0x54545454,0xB9B9503A,0x505050B9,0x4F4F5050,0x4F4F4F4F,0x4C4C4C4F,0x48B84C4C,0x46474848,
	0xB6B74545,0xB5B5B6B6,0x40414242,0x0188363F,0x016F6F6F,0x9C299A87,0x9A9A9B9C,0x98982699,
	0x9FA19320,0x29292A9F,0x26971D99,0x23951F95,0x20209394,0x8F1D1E1F,0x888C191A,0x87878887,
	0x6F6F8313,0x6F016F6F,0x016F016F,0x6F016F01,0x6F6F6F6F,0x6F6F6F6F,0x6F6F6F6F,0x6F6F6F6F,
	0x0101016F,0x6F6F6F6F,0x6F6F6F6F,0x6F6F0101,0x6F016F01,0x6F6F6F6F,0x20136F6F,0x016F741A,
	0x6F6F6F6F,0x6F6F0101,0x6F6F6F6F,0x016F6F6F,0x6F6F6F6F,0x6F6F016F,0x6F016F6F,0x6F016F01,
	0x6F6F0101,0x6F6F6F6F,0x6F6F6F6F,0x6F6F6F6F,0x6F6F6F6F,0x6F010101,0x016F6F6F,0x6F6F0101,
	0x6F01016F,0x6F6F6F6F,0x6F6F6F6F,0x6F016F6F,0x6F01016F,0x6F6F6F6F,0x016F016F,0x6F6F6F6F,

	0x54545454,0xB9B950AE,0x50505050,0x4F4F5050,0x4F4F4F4F,0x4C4C4C4F,0x48B8B84C,0x46474848,
	0xB6B74545,0xB5B5B5B6,0x40414242,0x913BB43F,0x6F016F01,0x9C97836F,0x9A9A9B9C,0x98982626,
	0x9F922097,0x29292A9F,0x958F999C,0x95961F97,0x20209394,0x1D8F901F,0x8A8D1A8F,0x13878789,
	0x6F6F8512,0x6F6F6F6F,0x01016F6F,0x6F6F6F01,0x6F016F6F,0x0101016F,0x6F6F0101,0x6F6F6F6F,
	0x6F6F016F,0x6F6F6F6F,0x6F6F6F6F,0x016F6F6F,0x6F6F016F,0x6F016F6F,0x91866F6F,0x016F748F,
	0x6F6F6F6F,0x6F01016F,0x016F6F01,0x0101016F,0x016F6F6F,0x016F6F6F,0x6F6F6F6F,0x6F6F6F6F,
	0x6F016F6F,0x6F6F6F6F,0x6F016F6F,0x6F6F6F01,0x6F01016F,0x6F6F016F,0x6F6F6F6F,0x6F6F6F6F,
	0x6F6F6F01,0x6F6F6F6F,0x6F6F016F,0x016F6F6F,0x016F6F6F,0x6F6F6F6F,0x6F6F6F6F,0x6F6F016F,

	0x54545454,0xB9B950AF,0x50505050,0x4F4F5050,0x4F4F4F4F,0x4C4C4C4F,0x48B8B84C,0x46474848,
	0xB6B7B745,0xB5B5B6B6,0x40414242,0xB1B3B43F,0x016F7098,0x217B6F6F,0x999A9A9C,0x98982626,
	0x91219697,0x299D2A9E,0x8F269A9C,0x95969123,0x20929423,0x8F1E1F20,0x8A1A1B8F,0x1386898D,
	0x016F8513,0x6F6F6F6F,0x6F016F6F,0x6F6F6F6F,0x6F6F6F6F,0x6F6F016F,0x6F6F6F6F,0x6F016F6F,
	0x0101016F,0x016F016F,0x6F6F6F6F,0x6F6F6F6F,0x016F6F6F,0x6F6F6F6F,0x20136F6F,0x6F6F758F,
	0x6F6F6F6F,0x6F6F6F6F,0x6F6F6F6F,0x6F6F6F6F,0x6F016F6F,0x6F6F6F6F,0x6F6F6F01,0x6F6F6F6F,
	0x6F6F6F6F,0x6F6F6F6F,0x6F6F6F6F,0x016F6F01,0x016F016F,0x016F6F6F,0x016F016F,0x6F016F6F,
	0x6F6F6F6F,0x6F6F016F,0x6F6F6F01,0x6F6F6F6F,0x6F6F6F6F,0x01010101,0x6F6F6F6F,0x01010101,

	0xB9545454,0x50B9503C,0x50505050,0x4F4F4F50,0x4F4F4F4F,0x4C4C4C4F,0x48B8B84C,0x46474848,
	0xB6B74545,0xB5B5B5B6,0x40414242,0x3DB3B43F,0x01789EB2,0x726F6F6F,0x999A9A90,0x98982626,
	0x93959697,0x299D291E,0x269A9B9C,0x95968F1B,0x20219423,0x8F901E91,0x191B1A8F,0x1388898D,
	0x6F018512,0x6F6F6F6F,0x016F6F6F,0x6F6F6F6F,0x016F6F6F,0x6F6F6F6F,0x016F6F6F,0x016F6F01,
	0x6F6F6F6F,0x6F6F6F6F,0x016F6F6F,0x6F6F6F01,0x016F6F01,0x6F6F016F,0x92106F6F,0x6F6F7D1D,
	0x6F6F6F6F,0x6F6F016F,0x6F6F6F01,0x01016F6F,0x6F6F6F01,0x6F6F6F6F,0x01016F6F,0x6F6F6F01,
	0x6F6F016F,0x6F6F6F01,0x6F6F016F,0x6F01016F,0x6F6F016F,0x6F6F0101,0x6F6F6F6F,0x6F6F6F6F,
	0x6F6F6F6F,0x6F6F016F,0x6F6F6F6F,0x6F6F6F6F,0x6F6F6F6F,0x6F016F6F,0x6F6F6F01,0x6F016F6F,

	0xB9545454,0x50B950B2,0x50505050,0x4F4F4F50,0x4F4F4F4F,0x4C4C4C4F,0x48B8B84C,0x46474748,
	0xB6B7B745,0xB5B5B5B6,0x40414242,0x3DB3B43F,0x82A5B1B2,0x6F6F6F6F,0x99261901,0x97982626,
	0x23959697,0x299C1D93,0x269A9B9C,0x95208297,0x20929423,0x1D901E20,0x8C8C1B8F,0x13878A8A,
	0x6F018312,0x6F6F6F6F,0x0101016F,0x6F016F6F,0x6F6F6F6F,0x6F6F6F6F,0x6F6F6F6F,0x016F6F6F,
	0x6F6F016F,0x016F6F6F,0x6F6F6F6F,0x6F6F6F01,0x016F6F6F,0x6F6F6F6F,0x20856F6F,0x6F6F7D90,
	0x6F6F6F6F,0x6F6F6F6F,0x6F01016F,0x6F6F6F6F,0x6F6F6F6F,0x6F6F0101,0x6F016F6F,0x01016F6F,
	0x6F6F6F6F,0x6F6F016F,0x6F016F6F,0x016F6F01,0x6F6F6F6F,0x6F01016F,0x6F6F6F6F,0x6F6F6F6F,
	0x6F016F6F,0x6F6F6F6F,0x6F6F6F01,0x016F6F01,0x6F6F6F01,0x016F6F6F,0x6F016F6F,0x6F6F016F,

	0xB9545454,0x50B950B3,0x50505050,0x4F4F4F50,0x4F4F4F4F,0x4C4C4C4F,0x4848B84C,0x46474748,
	0xB6B7B745,0xB5B5B5B6,0x40414242,0x3DB3B43F,0xAA3CB1B2,0x6F6F0188,0x97860101,0x97989826,
	0x23959697,0x268E9394,0x269A9B9C,0x918E8D98,0x20939423,0x8F909020,0x8A8D8E8F,0x86888C8A,
	0x6F011312,0x6F016F6F,0x6F6F016F,0x016F6F6F,0x6F6F0101,0x6F6F6F6F,0x6F6F6F6F,0x6F6F0101,
	0x6F6F6F6F,0x6F6F016F,0x016F6F01,0x6F016F6F,0x6F6F0101,0x016F6F01,0x20106F6F,0x6F017E90,
	0x6F6F6F6F,0x6F016F6F,0x6F6F6F6F,0x6F6F6F6F,0x6F6F6F6F,0x6F6F6F6F,0x6F6F0101,0x6F6F6F6F,
	0x6F6F016F,0x6F01016F,0x6F6F6F6F,0x016F0101,0x6F6F6F01,0x016F6F6F,0x6F6F016F,0x6F6F6F6F,
	0x6F6F6F6F,0x6F016F6F,0x6F6F6F6F,0x016F0101,0x6F6F016F,0x6F016F01,0x6F6F0101,0x6F6F6F01,

	0xB9B95454,0x50B9503F,0x50505050,0x4F4F4F50,0x4F4F4F4F,0x4C4C4C4C,0x4848B84C,0x46474748,
	0xB6B74545,0xB5B5B5B6,0x40414242,0x3DB3B43F,0xB03CB1B2,0x6F012038,0x83016F6F,0x97989823,
	0x23959596,0x1A219494,0x999A9B97,0x8F961A98,0x20219490,0x1E901F20,0x191A8F8F,0x86888A89,
	0x6F011313,0x0101016F,0x6F6F016F,0x6F6F6F6F,0x6F6F6F01,0x6F6F6F6F,0x6F6F016F,0x016F016F,
	0x6F01016F,0x6F6F6F6F,0x016F6F6F,0x6F6F6F6F,0x6F6F6F6F,0x6F6F6F6F,0x20846F6F,0x6F01801F,
	0x6F6F6F6F,0x6F6F6F6F,0x6F016F6F,0x6F6F6F6F,0x6F6F6F6F,0x6F6F6F6F,0x6F010101,0x6F6F6F01,
	0x6F01016F,0x6F6F6F6F,0x6F6F6F01,0x016F6F6F,0x6F016F01,0x6F6F6F6F,0x6F016F6F,0x6F016F6F,
	0x6F016F6F,0x016F6F6F,0x6F6F6F6F,0x6F016F6F,0x6F6F016F,0x6F016F6F,0x6F6F6F01,0x71706F6F,

	0xB9B95454,0x50505040,0x50505050,0x4F4F4F50,0x4F4F4F4F,0x4C4C4C4C,0x4848B84C,0x46474748,
	0xB6B7B745,0x42B5B5B6,0x40414242,0x3DB3B43F,0xB03CB1B2,0x7291A6AF,0x6F016F6F,0x9798207D,
	0x23239596,0x92219394,0x999A231A,0x95978F26,0x21931D8F,0x1D901F20,0x19198F1D,0x87878B8D,
	0x6F708686,0x6F6F016F,0x016F016F,0x6F6F6F6F,0x016F6F6F,0x016F6F6F,0x016F6F6F,0x6F6F016F,
	0x6F016F6F,0x6F6F6F6F,0x6F6F0101,0x016F6F6F,0x6F6F6F6F,0x01016F01,0x20836F6F,0x6F017F20,
	0x6F6F6F6F,0x6F6F6F6F,0x6F016F6F,0x6F016F6F,0x016F6F6F,0x016F016F,0x6F6F6F6F,0x6F6F6F6F,
	0x6F016F6F,0x6F6F016F,0x6F6F6F01,0x6F6F6F6F,0x6F6F016F,0x6F01016F,0x6F6F6F6F,0x6F6F6F6F,
	0x0101016F,0x6F6F6F6F,0x6F6F6F01,0x6F016F6F,0x6F6F0101,0x016F6F6F,0x10827301,0x1E1D8D8B,

	0xB9B95454,0x50B9B941,0x50505050,0x4F4F4F50,0x4F4F4F4F,0x4C4C4C4C,0x4848B84C,0x46474748,
	0xB6B7B745,0x42B5B5B6,0x40414242,0x3DB3B43F,0xB03CB1B2,0xA0A9A7AF,0x01016F7E,0x971D736F,
	0x23239596,0x20219394,0x99208D92,0x96978F98,0x218F8F95,0x1E909120,0x191B8F1D,0x12878B8D,
	0x6F701213,0x6F016F6F,0x6F6F6F6F,0x6F6F6F6F,0x016F6F6F,0x6F6F6F6F,0x6F6F6F01,0x6F6F6F01,
	0x6F6F016F,0x016F6F6F,0x6F6F6F6F,0x016F6F6F,0x6F016F01,0x016F016F,0x207E016F,0x6F018320,
	0x016F6F6F,0x6F6F6F6F,0x6F6F6F01,0x6F6F6F6F,0x6F6F6F6F,0x6F6F6F6F,0x6F6F6F6F,0x6F6F6F6F,
	0x6F6F016F,0x6F6F6F6F,0x6F6F6F6F,0x6F6F6F6F,0x6F6F016F,0x6F6F6F6F,0x6F6F6F6F,0x6F6F6F6F,
	0x6F6F6F6F,0x016F6F01,0x01016F6F,0x016F6F6F,0x7501016F,0x1A88127F,0x2091208F,0x1D1F9091,

	0xB9B9B954,0x50505042,0x50505050,0x4F4F4F4F,0x4F4F4F4F,0x4C4C4C4C,0x4848B84C,0x46464748,
	0xB6B6B745,0x42B5B5B6,0x40414142,0x3DB3B43F,0xB03CB1B2,0x3932A9AF,0x6F6F1331,0x8D016F6F,
	0x94239595,0x20212193,0x901A9120,0x96971A98,0x1A8F2395,0x1E909120,0x1A198F8F,0x86898C8B,
	0x6F701313,0x6F6F016F,0x6F6F6F6F,0x6F016F6F,0x6F6F6F6F,0x6F6F6F6F,0x6F6F6F01,0x6F6F6F6F,
	0x6F6F6F6F,0x016F016F,0x6F6F6F6F,0x6F6F6F6F,0x016F6F6F,0x016F0101,0x207D6F6F,0x016F1020,
	0x6F6F6F6F,0x6F6F016F,0x6F6F6F6F,0x6F6F6F6F,0x6F6F016F,0x016F6F6F,0x6F6F016F,0x6F6F6F6F,
	0x6F6F016F,0x6F6F6F6F,0x6F6F6F6F,0x6F6F016F,0x6F6F016F,0x6F6F6F6F,0x6F6F6F6F,0x6F6F6F6F,
	0x016F6F6F,0x6F6F6F6F,0x6F016F6F,0x83807371,0x901E8D8A,0x90209120,0x8F1E1E20,0x8F8F1D8F,

	0xB9B9B954,0x50505042,0x50505050,0x4F4F4F4F,0x4F4F4F4F,0x4C4C4C4C,0x4848B8B8,0x46464748,
	0xB6B6B745,0x42B5B5B6,0x40414242,0x3DB3B43F,0xB03CB1B2,0x39A5A9AF,0x6F8FAAAD,0x01016F6F,
	0x94239413,0x20219393,0x1A911F91,0x9697191B,0x8F942395,0x90909119,0x1A1B8F1D,0x87888A8D,
	0x6F721287,0x016F6F6F,0x6F6F0101,0x6F6F6F6F,0x016F6F6F,0x6F6F0101,0x6F6F016F,0x6F016F6F,
	0x6F016F6F,0x016F6F01,0x6F6F6F6F,0x016F6F6F,0x6F6F6F6F,0x6F6F6F01,0x207D6F6F,0x6F6F1092,
	0x6F6F6F01,0x016F6F6F,0x6F016F01,0x016F6F01,0x6F6F6F6F,0x6F6F0101,0x6F6F6F6F,0x6F6F016F,
	0x6F6F6F6F,0x6F6F016F,0x6F6F6F6F,0x6F6F6F6F,0x6F6F6F01,0x01010101,0x6F6F6F01,0x6F6F0101,
	0x6F6F016F,0x79706F6F,0x1A891380,0x9291911D,0x9190201F,0x1E8F911D,0x8A8F1B8F,0x848A8819,

	0xB9B9B954,0x50505042,0x50505050,0x4F4F4F4F,0x4C4F4F4F,0x4C4C4C4C,0x4848B8B8,0x46464748,
	0xB6B6B745,0x42B5B5B6,0x40414242,0x3DB3B43F,0xB03CB1B2,0x3930AAAF,0x943638AD,0x016F0170,
	0x9392836F,0x91929393,0x1F1F9120,0x9697861A,0x21942395,0x1E908C1D,0x8D1A8F1D,0x888A8D19,
	0x6F721388,0x6F6F6F6F,0x6F6F0101,0x6F01016F,0x6F6F6F6F,0x6F6F6F6F,0x016F6F6F,0x016F6F6F,
	0x6F6F6F6F,0x6F6F6F6F,0x6F6F6F6F,0x016F6F01,0x6F016F01,0x016F6F6F,0x20796F01,0x6F6F1321,
	0x6F6F6F6F,0x016F6F6F,0x6F016F6F,0x6F6F6F6F,0x6F6F6F01,0x6F6F6F01,0x6F6F6F6F,0x6F6F6F6F,
	0x6F6F6F01,0x6F6F6F6F,0x016F6F6F,0x6F6F6F6F,0x6F6F6F6F,0x6F6F6F01,0x6F6F6F6F,0x6F6F016F,
	0x83827501,0x1F901A8C,0x91202020,0x8F1F1E20,0x1B1E1A1D,0x881A191D,0x84841386,0x72767E7D,

	0xB9B9B954,0x50505042,0x4F505050,0x4F4F4F4F,0x4C4F4F4F,0x4C4C4C4C,0x4848B8B8,0x45464748,
	0xB6B6B745,0x42B5B5B6,0x40404142,0x3DB3B43F,0xB03CB1B2,0x39A4AB3B,0x363738AD,0x6F6F7D9C,
	0x907E6F01,0x20922193,0x90912020,0x958D888F,0x21942395,0x908C1D20,0x8D8F1D1E,0x878B8D8D,
	0x6F741287,0x6F6F016F,0x6F016F01,0x6F6F6F6F,0x6F6F016F,0x6F016F6F,0x6F01016F,0x016F6F6F,
	0x016F6F6F,0x6F6F6F01,0x6F6F6F6F,0x016F6F6F,0x01016F6F,0x6F010101,0x9207016F,0x6F018621,
	0x6F6F6F6F,0x016F6F6F,0x6F6F6F6F,0x6F6F0101,0x6F6F6F6F,0x6F016F6F,0x6F6F6F6F,0x01016F6F,
	0x6F016F6F,0x6F6F6F01,0x6F6F6F6F,0x6F016F6F,0x6F6F6F6F,0x6F6F6F01,0x7601016F,0x1B8A137E,
	0x9291918F,0x90902020,0x901A908F,0x1A8D1D8E,0x87138A8A,0x7D7E8483,0x01717307,0x6F6F6F01,

	0xB9B9B9B9,0x50505042,0x4F505050,0x4F4F4F4F,0x4C4F4F4F,0x4C4C4C4C,0x4848B8B8,0x46464748,
	0xB6B6B745,0x42B5B5B6,0x40404242,0x3DB3B43F,0xB03CB1B2,0x39A3ABAF,0x363738AD,0x6F85A236,
	0x786F6F01,0x2021218F,0x90919191,0x888F8F8C,0x93942394,0x898F2092,0x198F8F8F,0x87898A8D,
	0x01748688,0x6F6F0101,0x6F016F6F,0x6F6F6F6F,0x6F6F6F6F,0x016F6F6F,0x0101016F,0x6F6F6F6F,
	0x01016F6F,0x6F016F6F,0x6F6F6F6F,0x6F6F6F01,0x6F6F6F6F,0x6F016F6F,0x20766F6F,0x016F8693,
	0x6F6F6F6F,0x016F016F,0x6F6F6F6F,0x6F6F016F,0x6F6F6F6F,0x6F016F6F,0x016F6F01,0x01016F6F,
	0x01016F6F,0x6F016F01,0x6F6F6F6F,0x6F016F6F,0x6F6F6F6F,0x137D0601,0x1E1E1A87,0x91202020,
	0x1D911D20,0x8E1E8E1D,0x868D8A8F,0x83108588,0x017C0682,0x6F010171,0x6F6F6F6F,0x6F6F0101,

	0xB9B9B9B9,0x50505041,0x4F505050,0x4F4F4F4F,0x4C4F4F4F,0x4C4C4C4C,0x484848B8,0x45464747,
	0xB6B6B745,0x42B5B5B6,0x40414142,0x3DB3B43F,0xB03CB1B2,0x39A2ABAF,0x363738AD,0x8A31AC36,
	0x6F6F6F6F,0x20928D71,0x1E1F9091,0x8F8F8E86,0x93949387,0x1D912092,0x1A1A8F88,0x87898B1A,
	0x6F078688,0x6F6F016F,0x6F6F016F,0x016F016F,0x6F6F6F6F,0x6F6F016F,0x6F016F6F,0x6F6F6F6F,
	0x6F6F6F6F,0x6F6F6F01,0x6F01016F,0x6F016F6F,0x6F6F016F,0x6F6F6F6F,0x91716F01,0x6F6F8A93,
	0x016F016F,0x01016F6F,0x6F6F6F01,0x016F0101,0x016F016F,0x6F6F6F6F,0x016F6F6F,0x6F6F6F01,
	0x6F6F6F6F,0x016F6F01,0x6F6F6F6F,0x76016F6F,0x1A8A8581,0x9220201E,0x1E902020,0x908F1E90,
	0x191A1D8F,0x86138A8C,0x7D7D8381,0x01017107,0x6F6F6F01,0x6F6F6F6F,0x6F01016F,0x6F6F6F6F,

	0xB9B9B9B9,0x50505040,0x4F505050,0x4F4F4F4F,0x4C4C4F4F,0xB84C4C4C,0x484848B8,0x45464747,
	0xB6B6B745,0x42B5B5B5,0x40404142,0x3DB3B43F,0xB03CB1B2,0x39A2ABAF,0x363738AD,0xA6ABAC36,
	0x6F6F6F1D,0x2013016F,0x90911F1F,0x8F8F8F88,0x9420868F,0x91202021,0x191A128F,0x888A1A19,
	0x6F078787,0x6F6F6F6F,0x016F016F,0x6F6F0101,0x6F6F6F6F,0x6F6F6F6F,0x6F6F6F6F,0x6F6F6F6F,
	0x01016F6F,0x6F6F6F6F,0x6F6F6F6F,0x6F016F01,0x6F016F01,0x6F6F6F6F,0x20016F6F,0x6F6F8B23,
	0x6F6F6F6F,0x6F6F6F01,0x6F6F6F6F,0x6F6F6F6F,0x6F6F6F01,0x6F6F016F,0x6F016F6F,0x6F6F0101,
	0x6F6F6F01,0x016F6F6F,0x837F7601,0x201D198C,0x91209220,0x908F2090,0x1D8F1E8F,0x8A8D1919,
	0x7F851287,0x7079777F,0x6F6F6F70,0x6F016F6F,0x6F6F016F,0x6F6F6F6F,0x6F6F016F,0x6F6F6F6F,

	0xB9B9B9B3,0x5050503F,0x4F505050,0x4F4F4F4F,0x4C4C4F4F,0x4C4C4C4C,0x484848B8,0x45464747,
	0xB6B6B7B7,0x42B5B5B6,0x40414142,0x3DB3B43F,0xB03CB1B2,0x392DABAF,0x363738AD,0xAAABAC36,
	0x6F7093A8,0x836F6F6F,0x1B1F911D,0x8F1D8F8D,0x1F131A1B,0x1F202092,0x19128F90,0x8C198D19,
	0x6F7A8888,0x6F6F6F6F,0x01016F6F,0x6F6F6F01,0x6F016F6F,0x01016F6F,0x6F6F016F,0x6F6F6F6F,
	0x6F6F016F,0x6F6F6F6F,0x6F6F6F6F,0x016F6F01,0x6F6F016F,0x6F016F6F,0x1F010101,0x6F6F8D23,
	0x6F6F6F6F,0x6F01016F,0x016F0101,0x0101016F,0x016F6F6F,0x016F6F6F,0x6F6F6F01,0x6F6F6F6F,
	0x7301016F,0x1B89857F,0x2120911D,0x90912020,0x8F1E901D,0x8D1A1B90,0x858A8619,0x7A7E8010,
	0x01017278,0x6F6F6F6F,0x6F6F6F6F,0x016F6F6F,0x016F6F6F,0x6F6F6F6F,0x6F6F6F6F,0x6F6F016F,

	0xB9453A4F,0x505050B4,0x4F505050,0x4F4F4F4F,0x4C4C4F4F,0xB84C4C4C,0x484848B8,0x45464747,
	0xB6B6B6B7,0x42B5B5B5,0x3F404142,0x3DB3B33F,0xB03CB1B2,0x392DABAF,0x363738AD,0xAAABAC36,
	0x7D26A8A9,0x016F6F6F,0x8C908F7E,0x8F1D1D8F,0x871A1A1B,0x1F91201D,0x121B8F1E,0x8A8D8D19,
	0x6F7C8889,0x6F6F6F6F,0x6F016F6F,0x6F6F6F6F,0x6F6F6F6F,0x6F6F016F,0x6F6F6F6F,0x6F6F6F01,
	0x6F01016F,0x0101016F,0x6F6F6F6F,0x6F6F6F6F,0x6F6F6F6F,0x6F6F6F6F,0x906F6F6F,0x6F6F1A23,
	0x6F6F6F6F,0x6F6F6F6F,0x016F6F6F,0x6F6F6F6F,0x6F6F6F6F,0x6F6F6F6F,0x016F6F01,0x837E7101,
	0x201D1988,0x20202091,0x1E1F9091,0x8F1E8F1D,0x8A8D198F,0x83101386,0x73717D7B,0x6F010101,
	0x6F6F6F6F,0x6F6F0101,0x6F6F6F01,0x016F6F6F,0x6F016F6F,0x01010101,0x6F6F6F6F,0x016F0101,

	0xB047469C,0x505050AE,0x4F4F5050,0x4F4F4F4F,0x4C4C4F4F,0xB84C4C4C,0x484848B8,0x45464647,
	0xB6B6B7B7,0x42B5B5B5,0x3F404142,0x3DB3B4B4,0xB03CB1B2,0x392DABAF,0x363738AD,0xAAABAC36,
	0xA0A7A8A9,0x6F016F12,0x8819786F,0x1A8F8F1E,0x1A8D1A1A,0x1F918E87,0x1B8F1E1F,0x8A8A8D13,
	0x017A8788,0x6F6F6F6F,0x016F6F6F,0x6F6F6F6F,0x6F6F6F6F,0x6F6F016F,0x016F6F6F,0x016F6F01,
	0x016F6F6F,0x6F6F6F6F,0x016F6F6F,0x107F0771,0x70767E82,0x6F6F016F,0x90016F6F,0x6F6F8E95,
	0x6F6F6F6F,0x6F6F016F,0x6F6F6F6F,0x016F6F01,0x6F016F6F,0x72016F6F,0x8B88837D,0x921F911D,
	0x1F912020,0x1D1F1D90,0x198E1A8F,0x13878A19,0x757E7F83,0x01017176,0x6F6F6F6F,0x6F6F6F01,
	0x6F6F6F6F,0x6F6F6F6F,0x6F6F6F6F,0x6F6F6F6F,0x6F6F6F6F,0x6F016F6F,0x6F6F6F01,0x6F016F6F,

	0x4F328801,0x5050B4AF,0x4F4F5050,0x4F4F4F4F,0x4C4C4F4F,0xB84C4C4C,0x484848B8,0x45464647,
	0xB6B6B7B7,0x42B5B5B5,0x3F404142,0x3DB3B33F,0xB03CB1B2,0x392DACAF,0x363738AD,0xAAABAC36,
	0x32A7A8A9,0x016F19A4,0x12016F6F,0x8E8F8F1E,0x8D191A1B,0x9019878D,0x1B8E1D90,0x8A89121A,
	0x6F7A8888,0x6F6F6F6F,0x016F016F,0x6F016F6F,0x6F6F6F01,0x6F6F6F6F,0x6F6F6F6F,0x016F6F6F,
	0x6F6F016F,0x09016F6F,0x7E898B85,0x96979593,0x8F209495,0x6F6F7685,0x8F6F6F01,0x6F6F8F95,
	0x6F6F6F6F,0x6F6F6F6F,0x6F016F6F,0x01016F6F,0x857E7301,0x918F1988,0x20202091,0x1E901F1E,
	0x8E1E8F1D,0x888D1A1B,0x82831213,0x0177767E,0x6F6F0101,0x6F01016F,0x6F6F6F6F,0x6F6F6F6F,
	0x6F6F6F6F,0x6F6F6F6F,0x6F6F6F01,0x016F6F6F,0x6F6F6F01,0x016F6F6F,0x6F016F01,0x6F6F016F,

	0x1D717A31,0xB539B8AE,0x4F4F5050,0x4F4F4F4F,0x4C4C4F4F,0xB84C4C4C,0x484848B8,0x45464647,
	0xB6B6B6B7,0x42B5B5B5,0x3F404142,0x3DB3B3B4,0xB0B0B1B2,0x392DABAF,0x363738AD,0xAAABAC36,
	0x32A7A8A9,0x70913032,0x016F6F6F,0x1B8F8F85,0x8C8D1A1A,0x89888A8A,0x8F1D1D90,0x8A858D1A,
	0x6F098888,0x6F6F6F6F,0x016F016F,0x01016F6F,0x6F6F0101,0x6F6F6F6F,0x6F6F6F6F,0x6F01016F,
	0x6F6F6F01,0x95928D7D,0x85919797,0x95969797,0x1E919394,0x0174138F,0x8E6F6F6F,0x6F019095,
	0x6F6F6F6F,0x6F016F6F,0x736F6F6F,0x8D86127E,0x20911E1D,0x91909120,0x8F1E1E90,0x198F8F1D,
	0x8512888A,0x7B7E8084,0x6F010174,0x6F6F0101,0x6F6F6F01,0x016F6F6F,0x6F6F016F,0x6F6F6F6F,
	0x6F6F6F6F,0x01016F6F,0x6F6F6F6F,0x016F6F01,0x6F6F6F6F,0x6F016F01,0x6F6F6F01,0x6F6F6F01,

	0x70984856,0x4042977D,0x4F4F4C39,0x4F4F4F4F,0x4C4C4C4F,0xB84C4C4C,0x484848B8,0x45454647,
	0xB6B6B6B7,0x4242B5B5,0x3F404142,0x3DB3B33F,0xB03CB1B2,0x3A2CAB3B,0x363738AD,0xAAABAC36,
	0xA6A7A8A9,0x96303132,0x6F016F7A,0x8F8F8401,0x8D191B8E,0x8788898B,0x8F8F8F86,0x138D8D1A,
	0x6F7E8888,0x0101016F,0x6F6F0101,0x6F6F6F6F,0x6F6F6F01,0x6F6F6F6F,0x016F016F,0x016F016F,
	0x8D716F6F,0x95959623,0x811E9423,0x91902021,0x8D198F1E,0x717D1088,0x8F016F6F,0x6F701D95,
	0x016F6F6F,0x837E7201,0x918F8D89,0x90209191,0x901E1F91,0x8F1D1D1E,0x87198D1B,0x81818686,
	0x0175747D,0x6F6F6F01,0x6F6F6F6F,0x016F0101,0x6F016F6F,0x6F6F6F6F,0x016F016F,0x6F016F01,
	0x6F016F6F,0x016F6F6F,0x016F6F6F,0x6F01016F,0x6F6F016F,0x6F016F6F,0x6F6F6F01,0x6F6F6F6F,

	0x42BA4C36,0x2D85018F,0x4F3BB247,0x4F4F4F4F,0x4C4C4C4F,0xB8B84C4C,0x47484848,0x45464647,
	0xB6B6B6B7,0x42B5B5B5,0x3F404142,0x3DB3B3B4,0xB03CB1B1,0x392CAB3B,0x363738AD,0xAAABAC36,
	0xA6A7A8A9,0x2F303132,0x0101839C,0x197F0101,0x198D191A,0x8888898D,0x8F8E8586,0x898C191A,
	0x017F8885,0x6F6F016F,0x6F6F016F,0x6F6F6F6F,0x016F016F,0x016F6F6F,0x016F6F6F,0x6F6F6F6F,
	0x958F726F,0x20219395,0x721A8F90,0x84868687,0x7F7F8384,0x01757D7E,0x1B6F6F6F,0x70739196,
	0x8D85837D,0x2020908F,0x1E919020,0x1E8F8F1D,0x8B8E8F8F,0x1013868A,0x77798283,0x6F010173,
	0x6F016F6F,0x6F6F016F,0x6F6F6F01,0x6F6F6F6F,0x6F6F6F6F,0x6F016F6F,0x6F6F6F6F,0x6F016F6F,
	0x0101016F,0x6F6F6F6F,0x6F6F6F6F,0x6F016F6F,0x6F6F0101,0x016F6F6F,0x016F6F6F,0x6F6F6F01,

	0x4FB0237F,0x01833754,0x3648361A,0x4F4F3690,0x4C4C4C4F,0xB84C4C4C,0x47484848,0x45454647,
	0xB6B6B6B7,0x4242B5B5,0x3F404142,0x3D3DB3B4,0xAF3C3CB2,0x392CAC3B,0x363738AD,0xAAABAC36,
	0xA6A7A8A9,0x2F303132,0x6F879EA4,0x796F6F6F,0x8D8C1988,0x8688888A,0x1A811386,0x8A191B8E,
	0x6F071289,0x6F6F6F6F,0x01016F6F,0x6F6F6F6F,0x016F6F6F,0x016F6F6F,0x6F6F6F01,0x6F6F0101,
	0x95958F70,0x108A1D92,0x70798285,0x01010172,0x01016F01,0x01010101,0x1A7E7F76,0x89759196,
	0x901F1D1D,0x8F8F901E,0x8F1D1B8F,0x86881A1A,0x7E838313,0x0170747D,0x6F016F01,0x6F6F6F6F,
	0x6F01016F,0x6F6F6F6F,0x6F6F6F6F,0x6F6F6F6F,0x6F6F016F,0x6F6F016F,0x6F6F6F6F,0x6F6F6F6F,
	0x6F6F6F6F,0x016F0101,0x01016F01,0x016F6F6F,0x6F6F016F,0x6F6F6F01,0x6F6F6F01,0x016F016F,

	0x29120101,0x2C50B940,0x3D210774,0x48949545,0x4C4C4C4F,0xB8B84C4C,0x47484848,0x45454647,
	0xB6B6B6B7,0x4242B5B5,0x3F404142,0x3D3DB3B4,0xAF3CB1B1,0x39A1ACAF,0x363738AD,0xAAABAC36,
	0xA6A7A9A9,0x2F303132,0x8FA12EA4,0x01016F01,0x8D8B1272,0x8789898B,0x83131387,0x8B8D8E8C,
	0x6F7D888A,0x6F6F016F,0x6F6F6F6F,0x6F016F01,0x6F6F6F6F,0x6F6F6F6F,0x6F6F6F01,0x6F6F6F6F,
	0x2195238B,0x0178828E,0x6F6F6F6F,0x6F6F6F6F,0x016F6F6F,0x6F6F0101,0x19128473,0x88782096,
	0x8F1A8F8F,0x8A191A8E,0x84108788,0x75097B83,0x6F010170,0x6F6F6F6F,0x6F6F016F,0x6F6F6F6F,
	0x6F6F0101,0x6F6F6F6F,0x6F6F6F6F,0x6F6F016F,0x6F01016F,0x6F6F6F6F,0x6F6F6F6F,0x6F6F6F6F,
	0x016F6F6F,0x016F6F6F,0x6F016F6F,0x6F6F6F01,0x6F6F016F,0x6F6F6F01,0x6F6F6F01,0x6F6F016F,

	0x716F6F6F,0x54B6A38A,0x80019448,0x2F303A29,0x4C4C4C48,0xB8B84C4C,0x47484848,0x45454647,
	0xB6B6B6B7,0x4242B5B5,0x3F404142,0xB23DB3B4,0xAF3C3CB1,0x39A0363B,0x363738AD,0xAAABAC36,
	0xA6A7A9A9,0x2FA53132,0xA1A22EA4,0x6F6F7191,0x8C83016F,0x8788888D,0x12138613,0x19198C82,
	0x6F7F888C,0x016F6F6F,0x6F6F0101,0x6F6F6F6F,0x016F6F6F,0x016F0101,0x6F6F016F,0x726F6F6F,
	0x1E949692,0x016F0183,0x6F6F6F6F,0x016F6F6F,0x6F6F6F6F,0x6F6F6F01,0x8B868572,0x137D2197,
	0x13888A88,0x7E7E8486,0x0172727A,0x016F6F01,0x6F6F6F6F,0x6F6F0101,0x6F6F6F6F,0x6F6F6F6F,
	0x6F6F6F6F,0x6F6F016F,0x6F6F6F6F,0x6F6F6F6F,0x6F6F0101,0x01010101,0x6F6F6F01,0x6F6F0101,
	0x6F6F016F,0x6F6F6F6F,0x6F6F6F6F,0x016F016F,0x6F016F6F,0x6F6F6F6F,0x6F016F6F,0x6F6F6F6F,

	0x6F6F6F6F,0xA91D766F,0x8C405648,0x383C7F70,0x4C4CB636,0x48B84C4C,0x47474848,0xB7454646,
	0xB6B6B6B7,0x4242B5B5,0x3F404142,0xB23DB3B4,0xAFB03CB1,0x39A036AF,0x363738AD,0xAAAB3636,
	0xA6A7A8A9,0x2FA53132,0x2CA22EA4,0x6F7D23A1,0x7F016F6F,0x88888C8A,0x13138888,0x8A877E85,
	0x6F80888D,0x016F6F6F,0x6F010101,0x6F6F016F,0x6F6F6F6F,0x6F6F6F6F,0x016F6F6F,0x86016F6F,
	0x87219723,0x6F6F6F72,0x6F6F6F6F,0x016F6F01,0x6F016F01,0x6F6F6F6F,0x88837E06,0x097D9397,
	0x7679787E,0x01010170,0x01016F6F,0x6F6F6F6F,0x6F6F6F6F,0x6F6F0101,0x6F6F6F6F,0x6F6F6F6F,
	0x6F6F6F01,0x6F6F6F6F,0x016F6F6F,0x6F6F6F6F,0x6F6F6F6F,0x6F6F6F01,0x6F6F6F6F,0x6F6F016F,
	0x6F6F6F6F,0x6F016F6F,0x0101016F,0x6F010101,0x6F6F6F01,0x6F6F6F01,0x6F6F6F6F,0x016F6F6F,

	0x6F6F6F6F,0x7E6F6F6F,0x544F3A94,0x3A418336,0x453C46AC,0x48B84C4C,0x47474848,0xB7454646,
	0xB5B6B6B7,0x4242B5B5,0x3F404041,0xB23DB3B4,0xAFB03CB1,0x399F363B,0x363738AD,0xAAABAC36,
	0xA6A7A8A9,0x2FA53132,0x2DA22EA4,0x84269FA1,0x01016F6F,0x8788887B,0x12868888,0x87821285,
	0x6F828A8B,0x6F6F6F6F,0x6F016F01,0x6F6F6F6F,0x6F016F6F,0x6F016F6F,0x6F01016F,0x1B016F6F,
	0x83209795,0x016F6F6F,0x6F6F6F6F,0x016F6F6F,0x01016F6F,0x6F010101,0x8973726F,0x017E2197,
	0x6F6F6F6F,0x016F6F6F,0x6F6F6F01,0x6F6F6F6F,0x6F6F6F01,0x6F016F6F,0x6F6F6F6F,0x016F6F6F,
	0x6F016F6F,0x6F6F6F01,0x6F6F6F6F,0x6F016F6F,0x6F6F6F6F,0x6F6F6F01,0x6F6F6F6F,0x6F6F6F6F,
	0x6F6F6F6F,0x6F6F6F6F,0x6F6F6F6F,0x6F01016F,0x6F6F0101,0x016F6F01,0x6F6F6F6F,0x6F6F6F6F,

	0x6F016F6F,0x6F6F0101,0x3D9A8301,0x3B45B650,0xB142987D,0x48B84839,0x47474848,0xB7454546,
	0xB5B6B6B6,0x4242B5B5,0x3F404141,0xB23DB3B4,0xAFB03CB1,0x399E363B,0x363738AD,0xAAABAC36,
	0xA6A7A9A9,0x2FA53132,0x2CA22EA4,0x9C9F9FA1,0x01016F88,0x87867801,0x13131313,0x81108585,
	0x6F848813,0x6F6F016F,0x6F016F01,0x6F6F6F6F,0x6F6F6F6F,0x6F6F6F01,0x0101016F,0x1D6F6F6F,
	0x82209796,0x6F016F01,0x6F6F6F6F,0x6F6F6F01,0x6F6F6F6F,0x6F016F01,0x876F6F6F,0x01829497,
	0x6F6F016F,0x016F016F,0x6F6F6F6F,0x6F6F0101,0x6F016F6F,0x6F016F6F,0x6F016F01,0x01016F6F,
	0x01016F6F,0x6F6F6F01,0x6F6F6F6F,0x6F016F6F,0x6F6F6F6F,0x6F01016F,0x016F6F01,0x6F6F6F01,
	0x6F6F6F6F,0x01016F01,0x01016F01,0x01016F6F,0x016F016F,0x6F6F6F6F,0x6F6F6F6F,0x6F6F0101,

	0x6F6F6F6F,0x6F6F016F,0x88716F6F,0x3BB6A9A1,0x2D120188,0x48B0ADB5,0x47474848,0xB7454646,
	0xB5B6B6B6,0x4242B5B5,0x3F404041,0xB23DB3B4,0xAFB03CB1,0x399D373B,0x363738AD,0xAAABAC36,
	0xA6A7A8A9,0x2FA53132,0x2DA2A3A4,0x2A9FA0A1,0x6F011B29,0x10726F6F,0x13131313,0x85108513,
	0x6F831283,0x6F6F016F,0x6F6F016F,0x016F6F6F,0x6F6F6F6F,0x016F6F6F,0x6F016F6F,0x8F6F6F6F,
	0x83929796,0x6F6F6F01,0x6F01016F,0x6F016F6F,0x6F6F016F,0x6F016F6F,0x136F6F01,0x6F822397,
	0x016F0101,0x016F6F6F,0x6F6F6F6F,0x6F6F016F,0x6F6F016F,0x6F6F6F6F,0x016F6F6F,0x6F6F6F6F,
	0x6F6F016F,0x016F6F6F,0x6F6F6F6F,0x6F6F016F,0x016F6F01,0x6F6F6F6F,0x016F6F01,0x6F6F6F6F,
	0x016F6F6F,0x6F6F6F6F,0x01016F6F,0x6F6F6F6F,0x6F6F6F01,0x6F6F6F6F,0x6F016F6F,0x6F6F6F6F,

	0x016F6F6F,0x6F6F6F6F,0x6F6F6F01,0x39B71374,0x708839B7,0xAC41AC1A,0x474748B4,0xB7454546,
	0xB5B6B6B6,0x4242B5B5,0x3F404041,0xB23DB3B4,0xAFB03CB1,0x3929383B,0x363738AD,0xAAABAC36,
	0xA6A7A8A9,0x30A53132,0x2DA2A3A4,0x9E9FA0A1,0x7491299D,0x016F6F6F,0x12128680,0x10108585,
	0x6F7E8384,0x016F6F6F,0x016F016F,0x6F6F0101,0x6F6F6F6F,0x6F016F01,0x6F6F6F6F,0x8F6F6F6F,
	0x82219796,0x6F6F6F01,0x6F6F6F6F,0x6F6F6F01,0x6F016F01,0x6F6F6F6F,0x13016F6F,0x6F822397,
	0x016F6F6F,0x6F6F6F6F,0x6F6F6F6F,0x6F6F6F6F,0x6F6F6F6F,0x6F6F016F,0x6F016F6F,0x6F6F0101,
	0x6F6F6F01,0x016F6F6F,0x6F6F016F,0x6F6F6F6F,0x016F6F6F,0x6F01016F,0x0101016F,0x6F6F016F,
	0x6F6F6F6F,0x6F6F6F01,0x6F6F6F6F,0x6F016F6F,0x6F016F01,0x6F6F6F6F,0x6F6F016F,0x6F6F6F6F,

	0x6F6F6F6F,0x6F6F6F6F,0x6F6F6F01,0x2E94016F,0xA24FB8A9,0xB1210778,0x46B7A93C,0xB7454546,
	0xB5B6B6B6,0x4242B5B5,0x3F404041,0xB23DB3B4,0xAFB03CB1,0x3929AD3B,0x363738AD,0xAAABAC36,
	0xA6A7A9A9,0x30A53132,0x2DA2A3A4,0x9E9FA0A1,0x949C299D,0x6F016F7D,0x13137E01,0x84858510,
	0x6F798383,0x6F6F6F6F,0x6F6F6F6F,0x6F6F6F01,0x6F016F6F,0x6F016F6F,0x0101016F,0x8E6F6F01,
	0x83219895,0x6F6F6F6F,0x6F6F6F6F,0x016F6F01,0x6F6F016F,0x6F016F6F,0x846F016F,0x6F859596,
	0x6F6F6F6F,0x0101016F,0x016F0101,0x016F016F,0x016F6F6F,0x6F6F6F6F,0x016F6F6F,0x6F6F6F6F,
	0x6F6F6F6F,0x6F016F6F,0x6F6F6F6F,0x6F016F01,0x6F016F6F,0x6F010101,0x6F6F6F6F,0x6F6F6F6F,
	0x6F6F6F6F,0x6F6F6F6F,0x6F6F6F6F,0x6F6F6F6F,0x6F6F6F6F,0x6F6F6F6F,0x6F6F6F6F,0x6F6F6F6F,

	0x6F01016F,0x016F6F01,0x6F016F01,0x01016F6F,0x4FB09783,0x83719446,0x39AA3F29,0xB7B74545,
	0xB5B6B6B6,0x4242B5B5,0x3F404041,0xB23DB3B4,0xAFB03CB1,0x399C393B,0x363738AD,0xAAABAC36,
	0xA6A7A9A9,0x30A53132,0x2DA2A3A4,0x9E9FA0A1,0x9B9C299D,0x6F6F1096,0x8576016F,0x10838485,
	0x6F718284,0x6F6F6F6F,0x6F016F6F,0x6F6F6F6F,0x6F6F6F6F,0x8478016F,0x93208F8A,0x86871E21,
	0x85939895,0x0101016F,0x6F6F016F,0x6F6F6F6F,0x016F6F6F,0x6F016F6F,0x816F6F6F,0x6F129596,
	0x6F6F6F6F,0x6F6F6F6F,0x016F6F6F,0x6F6F6F6F,0x6F6F6F6F,0x6F6F6F6F,0x6F6F6F01,0x6F6F6F6F,
	0x6F6F016F,0x016F6F6F,0x6F6F6F6F,0x6F6F6F6F,0x6F6F016F,0x016F6F6F,0x6F6F6F6F,0x6F016F6F,
	0x6F6F6F6F,0x6F6F0101,0x016F6F6F,0x016F6F6F,0x6F016F6F,0x0101016F,0x6F6F6F6F,0x016F0101,

	0x6F6F6F01,0x6F016F6F,0x6F6F6F6F,0x016F6F6F,0x2A87016F,0x8DAF4F3F,0x40328901,0xB7B7B2A8,
	0xB5B5B6B6,0x4242B5B5,0xB43F4041,0xB23DB3B4,0xAFB03CB1,0xA89B3A3B,0x36373830,0xAAABAC36,
	0xA6A7A9A9,0x30A53132,0x2DA2A3A4,0x9E9FA02C,0x9B9C299D,0x0110989A,0x766F6F6F,0x84831085,
	0x016F8210,0x6F6F6F6F,0x6F6F6F6F,0x01016F6F,0x8F8A8409,0x9B262320,0x9B9B9C9B,0x239C9C9C,
	0x12949519,0x6F6F016F,0x6F6F6F6F,0x6F6F6F01,0x016F6F01,0x6F6F016F,0x836F6F6F,0x6F139596,
	0x6F6F6F6F,0x6F6F016F,0x6F6F6F6F,0x01016F01,0x6F016F01,0x6F6F6F6F,0x01016F6F,0x6F6F6F6F,
	0x6F01016F,0x6F6F6F6F,0x6F6F016F,0x016F0101,0x6F6F016F,0x6F6F016F,0x6F6F016F,0x6F6F6F01,
	0x6F6F6F6F,0x6F6F016F,0x6F6F6F6F,0x6F6F6F6F,0x6F6F6F6F,0x6F016F6F,0x6F6F6F6F,0x6F016F01,

	0x6F6F7D30,0x6F016F6F,0x6F6F6F6F,0x6F6F6F01,0x716F6F01,0x4CB53019,0x907484A5,0x42A5AD39,
	0xB5B5B6B6,0x424242B5,0xB43F4041,0xB23DB3B4,0xAFB03CB1,0xA39A3A3B,0x36AC961F,0xAAABAC36,
	0xA6A7A9A9,0x30A53132,0x2DA2A3A4,0x9E9FA02C,0x9B9C299D,0x8E20269A,0x6F6F6F71,0x83848373,
	0x6F017E84,0x6F6F6F6F,0x84790101,0x95201D8B,0x9B9A9A26,0x999A9A9A,0x97989826,0x299C9998,
	0x13928F26,0x6F6F6F6F,0x6F6F6F6F,0x6F6F6F01,0x6F6F6F6F,0x6F6F6F6F,0x7F6F6F01,0x6F889696,
	0x6F6F6F6F,0x6F6F6F6F,0x6F016F01,0x01016F6F,0x6F6F6F6F,0x6F6F6F6F,0x6F016F6F,0x016F6F6F,
	0x6F6F6F6F,0x6F6F6F6F,0x6F6F6F6F,0x016F6F01,0x6F01016F,0x6F01016F,0x6F6F6F6F,0x6F6F6F6F,
	0x6F6F6F6F,0x6F6F6F6F,0x6F6F6F6F,0x016F6F6F,0x6F6F6F6F,0x6F6F6F01,0x6F6F6F01,0x6F01016F,

	0x7299B9BA,0x6F6F0101,0x6F01016F,0x6F016F6F,0x6F016F6F,0xAA907A6F,0x749C4847,0x363C977E,
	0xB5B5B5A9,0x424242B5,0xB43F4041,0xB23DB3B4,0xAFB03CB1,0xA39AAE3B,0x301A828F,0xAAABAC36,
	0xA6A7A9A9,0x30A53232,0x2DA2A3A4,0x9E9FA02C,0x9B9C299D,0x9891999A,0x016F7A91,0x8380016F,
	0x016F7A83,0x1A737001,0x9A989520,0x999A9A9A,0x97982626,0x21939595,0x1B8E9020,0x9C26941F,
	0x138A979C,0x016F6F6F,0x016F6F01,0x6F016F6F,0x016F0101,0x016F6F6F,0x7D016F6F,0x6F8B9795,
	0x6F6F6F6F,0x6F016F6F,0x6F6F6F6F,0x6F6F6F6F,0x6F6F6F6F,0x016F016F,0x6F6F6F6F,0x6F6F6F6F,
	0x6F6F016F,0x6F01016F,0x6F6F6F6F,0x6F6F6F6F,0x6F6F6F01,0x01016F6F,0x6F6F6F6F,0x6F6F6F6F,
	0x6F6F6F6F,0x01016F6F,0x6F6F6F6F,0x016F6F01,0x6F6F016F,0x6F010101,0x6F6F6F01,0x6F6F6F01,

	0x4FBAB6AE,0x016F7326,0x016F016F,0x6F6F6F6F,0x016F6F6F,0x80010101,0xB34C3995,0x2D85018F,
	0xB53A2F3C,0x424242B5,0xB43F4041,0xB23D3DB4,0xAFB03CB1,0xA09AAE3B,0x89726F1B,0xAAABAB98,
	0xA6A7A9A9,0x30A53132,0x2D2EA3A4,0x9E9FA02C,0x9B9C299D,0x9890999A,0x01812197,0x7E016F6F,
	0x07747480,0x2378077A,0x98262699,0x94959797,0x8F1D1F92,0x12878A8D,0x7B787D82,0x99218B7D,
	0x7F1E9A9C,0x6F6F016F,0x6F6F6F6F,0x016F6F6F,0x6F6F6F6F,0x6F6F6F01,0x7D016F6F,0x6F8B9895,
	0x6F6F6F6F,0x6F6F6F6F,0x6F6F6F6F,0x6F6F016F,0x6F6F6F6F,0x6F6F6F6F,0x6F6F0101,0x6F6F6F6F,
	0x6F01016F,0x6F6F016F,0x6F6F6F6F,0x016F0101,0x6F6F6F6F,0x6F6F6F6F,0x016F6F6F,0x6F6F6F01,
	0x6F016F6F,0x6F6F6F6F,0x016F6F6F,0x6F01016F,0x6F6F016F,0x6F016F6F,0x6F6F6F01,0x01016F6F,

	0xAFA42683,0x6F1F484F,0x016F0101,0x6F6F6F01,0x6F6F016F,0x6F6F6F6F,0xB29C8501,0x718536B8,
	0x3136A91B,0x4142423F,0xB43F4041,0xB23D3DB3,0xAFB03CB1,0x9F9AAE3B,0x01016F19,0xAA2E887B,
	0xA6A7A9A9,0x30A53132,0x2D2EA3A4,0x9E9FA02C,0x9C9C299D,0x9890999A,0x13949697,0x016F0101,
	0x797A7876,0x20067607,0x1D209394,0x1A89198E,0x1A1F9290,0x01017A12,0x6F6F6F6F,0x978D726F,
	0x7D239C9C,0x6F6F6F6F,0x6F6F6F6F,0x016F6F6F,0x6F6F6F6F,0x016F6F01,0x076F6F6F,0x6F199823,
	0x6F6F6F6F,0x6F6F6F6F,0x6F016F01,0x01016F6F,0x01016F6F,0x016F016F,0x6F6F6F6F,0x6F6F6F6F,
	0x6F016F6F,0x6F6F016F,0x6F6F6F01,0x6F6F6F6F,0x6F010101,0x6F6F6F6F,0x6F010101,0x6F016F6F,
	0x6F01016F,0x6F6F6F6F,0x6F6F6F6F,0x6F016F6F,0x6F6F0101,0x016F6F6F,0x016F6F6F,0x6F6F6F01,

	0x1E726F6F,0x404C382A,0x6F6F0121,0x6F01906F,0x6F6F016F,0x6F01016F,0x8A726F01,0x2947412D,
	0x3993797D,0x4140A9A5,0xB43F4041,0xB23DB3B3,0xAFB03CB1,0x2E9AAE3B,0x0101018A,0x9A876F01,
	0xA6A7A9A8,0x30A53232,0x2D2EA32F,0x9E9FA02C,0x9C9C292A,0x981E999A,0x23959697,0x6F6F018C,
	0x75777701,0x88737674,0x95201E1A,0xA52FA129,0x31323231,0x8723A1A5,0x016F6F6F,0x947D0101,
	0x83979C9B,0x016F6F6F,0x6F6F6F01,0x016F6F6F,0x6F6F6F01,0x01016F6F,0x72016F6F,0x6F1A9894,
	0x016F6F6F,0x6F6F6F6F,0x01016F01,0x6F6F6F6F,0x016F6F6F,0x6F6F6F6F,0x6F016F6F,0x6F016F6F,
	0x6F01016F,0x6F6F6F6F,0x6F6F6F01,0x6F6F6F6F,0x6F6F6F6F,0x6F6F016F,0x6F6F6F6F,0x6F6F6F6F,
	0x6F6F6F01,0x6F6F016F,0x01016F01,0x016F6F6F,0x6F6F016F,0x6F6F6F01,0x6F6F6F01,0x016F016F,

	0x01767370,0xA99C856F,0x01903B40,0x8C749C6F,0x6F6F016F,0x6F6F6F6F,0x6F6F016F,0xB6A61D77,
	0x83019341,0x36A6B09C,0xB43F4040,0xB2B23DB3,0xAFB03CB1,0x2D9AAE3B,0x6F6F6F13,0x82016F6F,
	0xA6A7321A,0x30A53132,0x2D2EA32F,0x9E9FA02C,0x9C9C292A,0x981D999A,0x23959797,0x6F721B94,
	0x7F717201,0xA1299691,0x31A530A4,0x32323232,0xA6323232,0xA332A6A6,0x6F6F7D23,0x21726F6F,
	0x13979C9C,0x01016F6F,0x6F6F6F6F,0x6F016F6F,0x6F6F6F6F,0x6F6F0101,0x716F6F6F,0x6F1B2694,
	0x6F6F6F6F,0x016F016F,0x6F6F6F6F,0x6F6F6F6F,0x6F6F6F6F,0x6F6F6F6F,0x6F6F016F,0x6F6F6F6F,
	0x6F6F0101,0x6F6F6F6F,0x6F6F6F6F,0x6F6F016F,0x0101016F,0x6F6F6F6F,0x6F6F6F6F,0x6F6F6F6F,
	0x016F6F6F,0x016F6F6F,0x6F016F6F,0x6F6F6F01,0x6F6F016F,0x6F6F6F01,0x6F6F6F6F,0x6F6F016F,

	0x9E269085,0x7F8A2026,0x363F3092,0x29869D8F,0x6F6F6F6F,0x6F6F6F6F,0x6F6F6F01,0x937D016F,
	0x1B394636,0xA9308A70,0xB43FB09F,0xB23D3DB3,0xAFB0B0B1,0xA19AAE3B,0x6F6F6F84,0x12700101,
	0xA6A7A31E,0x30A53132,0x2D2EA32F,0x9E9FA02C,0x9C29292A,0x981D9A9A,0x23959797,0x7C1D9394,
	0x2306736F,0x3131A530,0x31313131,0x302F3031,0x31302F2F,0xA6A7A632,0x017F9BA5,0x20016F6F,
	0x13989C9C,0x016F6F6F,0x6F6F6F6F,0x016F6F6F,0x016F6F6F,0x01016F01,0x706F6F6F,0x6F1D2693,
	0x6F6F6F6F,0x6F6F6F6F,0x6F016F01,0x6F6F6F6F,0x6F6F016F,0x6F6F6F6F,0x6F6F6F6F,0x6F6F6F6F,
	0x6F6F6F6F,0x6F6F6F6F,0x6F6F6F6F,0x6F6F6F6F,0x6F6F016F,0x016F0101,0x6F6F016F,0x6F6F016F,
	0x6F6F6F6F,0x6F6F6F6F,0x6F6F6F6F,0x016F016F,0x6F016F6F,0x6F01016F,0x6F6F6F6F,0x6F6F016F,

	0x38A4207E,0xB4B6B63F,0x9F8F93A6,0x9F1D9F9E,0x016F6F01,0x6F6F6F6F,0x6F6F6F6F,0x016F6F01,
	0x473B9810,0x907381A3,0x3DA431AC,0xB1B23DB3,0xAFB03C3C,0x2E9AAE3B,0x71700186,0xA2747472,
	0xA6A72D94,0x30A53132,0x2D2EA3A4,0x9E9FA02C,0x9C29292A,0x981D9A9A,0x23959798,0x90209394,
	0x2D7F767F,0x2F30A5A5,0x2EA3A4A4,0x2C2DA2A2,0x2E2DA1A1,0xA732312F,0x7E9AA5A6,0x916F6F6F,
	0x1298299C,0x6F6F0101,0x6F6F6F6F,0x6F6F6F01,0x6F6F6F01,0x016F6F6F,0x01016F01,0x6F902621,
	0x6F6F6F01,0x016F6F6F,0x016F6F6F,0x6F6F6F6F,0x6F6F6F6F,0x6F6F0101,0x016F6F6F,0x6F6F6F6F,
	0x6F016F01,0x6F6F6F6F,0x6F6F6F6F,0x6F6F6F6F,0x6F6F6F6F,0x6F6F6F6F,0x016F6F6F,0x6F6F0101,
	0x016F6F6F,0x6F6F6F6F,0x016F016F,0x6F010101,0x6F6F6F01,0x6F6F6F6F,0x6F6F6F6F,0x6F6F6F6F,

	0x9C907F70,0x4641AEA6,0x3B484F4C,0x9F97A192,0x6F6F6F6F,0x6F6F6F6F,0x016F6F6F,0x6F6F6F01,
	0x9E897001,0x7497B5B3,0x2C36977F,0xB1B23DA9,0x3BB0B0B1,0x2F99AE3B,0x7671018F,0x4C857374,
	0xA6A7A023,0x30A53232,0x2D2EA32F,0x9E9FA12C,0x9C29292A,0x981D9A9A,0x23959798,0x20929394,
	0x2E8C841F,0x2C2DA22E,0x9E9FA02C,0x999A299D,0x9D9A9898,0x32302EA1,0x982F32A7,0x916F6F06,
	0x8698299C,0x016F6F6F,0x6F6F6F01,0x016F6F6F,0x01016F6F,0x6F01016F,0x016F016F,0x011F2692,
	0x6F6F6F6F,0x016F6F6F,0x6F6F6F01,0x6F6F6F6F,0x6F6F6F01,0x01016F6F,0x6F6F6F01,0x016F6F6F,
	0x6F6F6F01,0x6F6F6F01,0x6F6F6F6F,0x6F016F6F,0x6F6F6F6F,0x6F6F6F01,0x6F6F6F6F,0x6F6F016F,
	0x6F6F6F6F,0x6F6F6F6F,0x6F6F6F6F,0x6F01016F,0x6F010101,0x016F6F01,0x6F6F6F6F,0x6F6F6F6F,

	0x8579016F,0x3A329A91,0x504C4540,0x2DA12D39,0x017E9A2A,0x6F6F6F6F,0x6F6F6F6F,0x016F6F01,
	0x73016F6F,0xB041308E,0xA013018F,0xB23A2CA9,0xAFB0B03C,0x32263A3B,0x74737020,0x56317473,
	0xA6A79E96,0x30A53132,0x2D2EA3A4,0x9E9FA02C,0x9C29292A,0x988F9A9A,0x23959798,0x20219323,
	0x958D9020,0x9A9C9D9E,0x94952626,0x191D9120,0x208F8D8B,0x31A39F26,0x2D32A7A6,0x1D6F018F,
	0x8A26299C,0x6F016F01,0x6F6F6F6F,0x6F6F6F01,0x6F6F6F6F,0x6F010101,0x016F6F6F,0x01912620,
	0x6F6F016F,0x016F016F,0x6F6F6F6F,0x6F6F0101,0x016F6F6F,0x70707101,0x6F016F01,0x01016F6F,
	0x016F6F6F,0x6F6F6F01,0x6F6F6F6F,0x6F016F6F,0x6F6F6F6F,0x6F01016F,0x6F6F6F6F,0x6F6F6F01,
	0x6F6F6F6F,0x01016F01,0x6F016F01,0x01016F6F,0x016F016F,0x6F6F6F6F,0x6F6F6F01,0x016F016F,

	0x016F6F6F,0x9A908477,0xB73FAD31,0x2FA92EAA,0x2629A4B4,0x6F010112,0x6F6F6F6F,0x6F6F6F6F,
	0x6F6F0101,0xA9917E01,0x718836B5,0xA4A5321A,0xAFB0B0AF,0xA7263A3B,0x74737090,0x564F8773,
	0xA6A72997,0x30A53232,0xA22EA3A4,0x9E9FA12C,0x9C29292A,0x268F9A9B,0x23959798,0x20219394,
	0x19909020,0x1D20211D,0x12868D8E,0x067A7E83,0x80727072,0x2FA0978B,0x2FA6A732,0x8F6F7C9B,
	0x8C26299C,0x6F6F6F6F,0x6F016F6F,0x6F016F6F,0x6F6F016F,0x6F016F6F,0x016F6F01,0x72209920,
	0x016F6F01,0x016F6F6F,0x6F6F6F6F,0x01710101,0x75737573,0x70780709,0x6F6F6F6F,0x6F6F6F6F,
	0x6F6F016F,0x01016F6F,0x6F6F6F6F,0x6F01016F,0x016F6F01,0x6F6F6F6F,0x016F6F01,0x6F6F6F6F,
	0x016F6F6F,0x6F016F6F,0x6F016F6F,0x6F6F6F6F,0x6F6F6F01,0x6F6F016F,0x6F6F6F6F,0x6F6F6F6F,

	0x016F6F01,0x8474016F,0x38A5261D,0x2F2A2E2D,0xA8505650,0x7219989A,0x6F6F6F6F,0x6F6F6F6F,
	0x6F6F6F6F,0x8301016F,0x9F423895,0xA9217C7E,0x3B3BA8A2,0xAB98393B,0x7472728F,0x56563274,
	0xA6A72999,0x30A53232,0xA22EA32F,0x9F9FA12C,0x9C299D2A,0x268F9A9B,0x95959798,0x20219323,
	0x8F1E9020,0x7A7E121B,0x01017478,0x6F6F0101,0x6F6F6F6F,0x2E9A8A74,0xA5A6A631,0x8F6F8D9F,
	0x1A99299C,0x6F6F6F01,0x6F6F016F,0x6F6F6F01,0x6F6F6F01,0x6F6F6F6F,0x01016F6F,0x72209990,
	0x016F6F6F,0x70700101,0x74727371,0x06750678,0x06770607,0x72060778,0x01016F6F,0x6F6F6F01,
	0x6F016F01,0x016F6F6F,0x6F6F016F,0x6F6F6F6F,0x016F6F6F,0x6F6F016F,0x016F6F6F,0x6F6F016F,
	0x6F6F6F6F,0x016F6F01,0x6F6F6F6F,0x6F016F6F,0x6F016F01,0x6F6F6F6F,0x6F01016F,0x6F6F016F,

	0x6F6F6F6F,0x016F6F6F,0x268F8472,0x2F23A394,0x56B94F48,0x269A3954,0x6F01061D,0x01016F6F,
	0x6F016F01,0x6F6F016F,0xB09C1301,0x8373943C,0x2023A99B,0xAD9739AB,0x06829132,0x56564F87,
	0xA6A79E98,0x30A53232,0xA22EA32F,0x9F9FA12C,0x9C29292A,0x261D9A9B,0x95959798,0x20939423,
	0x1D901F20,0x6F818E8F,0x6F016F6F,0x6F6F6F01,0x6F016F6F,0xA020096F,0x31A7A6A5,0x196F912C,
	0x1A99299A,0x6F6F6F6F,0x6F6F6F6F,0x016F6F01,0x6F016F6F,0x6F016F6F,0x6F6F016F,0x7821991E,
	0x73727170,0x06747574,0x77777378,0x06077675,0x7A077507,0x73787876,0x6F6F016F,0x6F016F6F,
	0x6F6F6F6F,0x6F6F6F6F,0x6F6F6F6F,0x6F016F01,0x6F016F6F,0x01010101,0x6F6F6F6F,0x6F6F6F6F,
	0x6F6F6F6F,0x6F6F6F6F,0x6F6F6F6F,0x6F6F6F6F,0x6F6F6F6F,0x6F6F6F6F,0x6F6F016F,0x6F6F6F6F,

	0x6F01016F,0x016F6F01,0x8372016F,0x2F952E84,0x4F48B5B1,0x42565650,0x7D949A9C,0x016F6F01,
	0x6F016F6F,0x0101016F,0x19746F6F,0x8FAC3D2C,0xA42D8A70,0xAD95A01B,0x1A2A3638,0x5656549B,
	0xA6A79C29,0x30A53232,0x2C97A02F,0x9F9FA12C,0x9C299D2A,0x261E9A9B,0x95969798,0x92939423,
	0x1D1E9020,0x838D8F8F,0x01016F01,0x8F867D6F,0x6F711A90,0x2A19016F,0x32A7322F,0x8D70952D,
	0x1A9A9D9A,0x016F6F6F,0x6F6F016F,0x016F6F6F,0x6F6F6F6F,0x01016F6F,0x72727001,0x7C23998F,
	0x77767406,0x06777674,0x77067A07,0x747A0677,0x75750776,0x727B0677,0x6F6F6F01,0x6F6F6F6F,
	0x6F6F016F,0x6F6F6F6F,0x6F016F6F,0x6F6F6F6F,0x6F6F016F,0x6F6F6F6F,0x6F6F6F6F,0x6F6F6F6F,
	0x6F6F6F01,0x6F6F6F01,0x016F6F6F,0x016F6F6F,0x01016F6F,0x0101016F,0x6F6F6F6F,0x6F6F016F,

	0x6F6F7020,0x6F016F6F,0x016F6F6F,0xA3202D6F,0xB5B1362E,0x54504F47,0x952D4656,0x6F018491,
	0x016F6F6F,0x6F6F016F,0x6F6F016F,0xB3319007,0x9075872F,0xAD942029,0xA7363738,0x56489421,
	0xA6A7299D,0x30A53132,0x209DA32F,0x9F9FA129,0x9C299D2A,0x261E9A9B,0x95969798,0x92939423,
	0x1D902091,0x19198F8F,0x29988685,0x9B2C2E2C,0x6F203097,0x9C7F016F,0x32A7A630,0x8B0697A2,
	0x8F9A9D9A,0x6F6F016F,0x6F6F6F6F,0x6F6F0101,0x71707001,0x74757473,0x77760607,0x7D23991A,
	0x77767874,0x76067678,0x74780773,0x78067907,0x767A7877,0x7407077A,0x016F6F01,0x6F6F6F6F,
	0x6F016F6F,0x6F6F6F6F,0x6F6F016F,0x016F6F01,0x6F6F016F,0x6F6F016F,0x6F6F016F,0x6F016F01,
	0x6F6F6F6F,0x6F6F016F,0x6F6F6F6F,0x6F6F6F6F,0x6F6F6F6F,0x01016F6F,0x6F6F6F6F,0x6F016F01,

	0x749A45B9,0x6F016F01,0x6F6F6F6F,0xA2202C6F,0xAC2D961A,0x4C4642B0,0x4C56B950,0x8421952C,
	0x6F6F6F01,0x6F6F6F6F,0x6F6F016F,0x937E016F,0x7E29B4AC,0xA2329598,0x363637A9,0xA91D9F36,
	0xA6A79B9A,0x30A53232,0x2C2EA3A4,0x9F9F9F97,0x9C299D2A,0x261E9A9B,0x95969798,0x20939423,
	0x1D909020,0x19198F8F,0x1A1B878D,0x01788187,0x019A966F,0x9C796F6F,0x32A7A630,0x8C0998A2,
	0x1D9A9D26,0x6F6F6F6F,0x71700101,0x78737272,0x76757676,0x73757774,0x75760606,0x7E95998E,
	0x75797876,0x06767979,0x77777707,0x78787807,0x7707757B,0x74770778,0x6F016F6F,0x016F6F6F,
	0x6F6F6F6F,0x6F6F6F01,0x6F6F6F6F,0x6F6F0101,0x6F01016F,0x6F01016F,0x6F6F6F6F,0x6F6F6F6F,
	0x6F6F6F6F,0x6F6F6F6F,0x6F6F6F6F,0x6F6F6F6F,0x6F6F6F6F,0x6F6F6F6F,0x6F6F6F01,0x6F01016F,

	0x47503B95,0x6F017E9F,0x6F6F016F,0x2D92A06F,0x231A7F73,0x41AFAA2C,0xB94F4C45,0x94A44F56,
	0x6F6F8896,0x016F6F6F,0x6F6F6F6F,0x016F6F6F,0xAFAD9813,0x9D13942A,0x36AB9FA3,0x29A9AC36,
	0xA6A79890,0x30A53232,0xA22EA3A4,0x9F9FA12C,0x9C299D2A,0x261E9A9B,0x95969798,0x92939423,
	0x1D1E9120,0x8D198F8F,0x7E13898D,0x01016F6F,0x01299401,0x9B786F6F,0x32A7A630,0x887D262E,
	0x909B9D98,0x74777270,0x06787576,0x76760606,0x78767679,0x77777806,0x77797778,0x8296991A,
	0x7A790778,0x78090777,0x7B067778,0x077A7578,0x7B077976,0x737C0775,0x6F016F01,0x6F6F6F6F,
	0x6F6F016F,0x6F6F016F,0x6F016F6F,0x6F6F6F6F,0x6F6F6F01,0x01016F6F,0x6F6F6F6F,0x6F6F6F6F,
	0x6F6F6F6F,0x016F6F6F,0x6F6F6F6F,0x016F6F01,0x6F6F6F6F,0x016F6F01,0x6F6F6F01,0x6F6F0101,

	0x36200919,0x7FA34F4F,0x6F6F0101,0x2D929F6F,0x7F706F6F,0xA9A09419,0x4CB7403B,0x4F56B94F,
	0x8621202E,0x6F6F6F01,0x6F6F6F6F,0x01016F01,0x2A8A706F,0x728F9A9D,0xA19C2D1A,0xAAABAC36,
	0xA6A7A2A3,0x30A53232,0xA22EA32F,0x9F9FA12C,0x9C299D2A,0x26909A9B,0x95969798,0x20939423,
	0x8F1D9191,0x8D198F8F,0x13878C8D,0x6F6F6F81,0x012A9301,0x99746F6F,0x32A7A630,0x8A7E262E,
	0x909C9D26,0x77067573,0x77067406,0x77067476,0x7878777B,0x79787607,0x07070606,0x83979919,
	0x7C797807,0x78797406,0x77777B76,0x79070679,0x77797906,0x74077879,0x6F6F0101,0x6F6F6F6F,
	0x6F01016F,0x6F016F6F,0x6F6F6F6F,0x016F0101,0x6F6F6F01,0x6F6F6F6F,0x6F6F6F6F,0x6F6F6F01,
	0x6F6F6F6F,0x6F6F6F6F,0x016F6F6F,0x016F016F,0x6F6F016F,0x6F016F6F,0x6F6F0101,0x01016F6F,

	0x751E37AE,0x4FB8A61D,0x01708836,0x2C20296F,0x016F016F,0x218B7C70,0x3FAEA89F,0x504FB8B6,
	0x1D2D4C54,0x6F6F1391,0x6F6F6F6F,0x6F016F6F,0x74016F6F,0xA0B02A95,0xA2207B81,0xA9ABA39B,
	0xA6A7A8A9,0x30A53132,0xA22EA32F,0x9F9FA12C,0x9C299D2A,0x26909A9B,0x95969798,0x92939423,
	0x1E1E2020,0x8D198F8F,0x888B8A8D,0x6F017F13,0x019F9201,0x99726F6F,0x32A7A62F,0x887F992E,
	0x1F9C2A99,0x76777972,0x07787A78,0x7B077477,0x06797678,0x77780706,0x79787A09,0x1097998B,
	0x78067878,0x0779077A,0x077A7B77,0x78067A7C,0x75787707,0x78777B7A,0x6F6F016F,0x6F6F6F6F,
	0x6F016F6F,0x6F6F016F,0x6F6F6F01,0x6F6F6F6F,0x6F016F01,0x6F6F6F6F,0x6F010101,0x6F016F6F,
	0x6F01016F,0x016F6F6F,0x6F6F6F6F,0x6F016F6F,0x6F6F016F,0x016F6F6F,0x016F6F6F,0x6F6F6F6F,

	0xADAD36B6,0x2E197623,0x1B3750B7,0x2C1F9B6F,0x6F6F016F,0x7E71016F,0xA72A9288,0xB5B5ACAD,
	0x4C54504F,0x13908E2D,0x6F6F0101,0x016F016F,0x016F6F6F,0xA6918778,0x8475963A,0xA69A9F98,
	0xA6A7A8A9,0x30A53232,0xA22EA32F,0x9F9FA12C,0x9C299D2A,0x26909A9B,0x95969798,0x92219423,
	0x1E909120,0x1A1A1B1D,0x878A8B8D,0x01801286,0x702C206F,0x99716F6F,0x32A7A62F,0x87839AA3,
	0x209C2A98,0x06797874,0x78790777,0x06797706,0x79777878,0x077A7777,0x7707797B,0x13979988,
	0x79790607,0x06770777,0x78787807,0x76777806,0x7B77787A,0x77797907,0x6F016F6F,0x6F6F6F6F,
	0x6F016F6F,0x6F016F6F,0x6F6F6F01,0x6F6F6F6F,0x6F6F6F6F,0x6F6F016F,0x6F6F6F6F,0x6F6F6F6F,
	0x6F6F6F01,0x6F6F6F6F,0x016F6F01,0x016F6F6F,0x6F6F6F6F,0x6F6F016F,0x6F6F6F01,0x6F6F6F6F,

	0xAD484F4F,0x829C3632,0x50429D87,0xA11D2096,0x6F6F016F,0x016F6F6F,0x20877D01,0x3D38329B,
	0x504C47B5,0x8FA14CB9,0x6F011320,0x6F6F6F6F,0x6F6F016F,0x8401016F,0x1DA9AB95,0x262A8872,
	0xA6A7A89C,0x30A53132,0xA22EA32F,0x9F9FA12C,0x9C299D2A,0x261F9A9B,0x95969798,0x21939423,
	0x1D1E1F20,0x8C8D8E8F,0x87888A19,0x7C808513,0x702D916F,0x98016F6F,0x32A8A62F,0x85859BA4,
	0x209C2A97,0x77780775,0x7678077A,0x06077807,0x79777807,0x07077979,0x78780778,0x86989912,
	0x07070679,0x78790706,0x07790778,0x077B7707,0x77060778,0x747A777A,0x6F6F6F6F,0x6F6F6F6F,
	0x6F6F0101,0x6F6F6F6F,0x6F6F6F6F,0x016F016F,0x016F0101,0x6F6F6F6F,0x6F6F6F6F,0x6F6F6F6F,
	0x6F6F6F6F,0x016F6F6F,0x6F016F6F,0x6F6F6F01,0x6F6F016F,0x6F6F6F01,0x6F6F6F6F,0x6F6F016F,

	0x4F4F4FB5,0xAEA9AF4C,0x23101A30,0x9120977E,0x6F6F6F74,0x6F6F6F6F,0x7C016F01,0x319C2013,
	0x4642B237,0x48504F4C,0x86208F9F,0x6F6F6F6F,0x6F6F6F6F,0x6F6F6F01,0x379B1371,0x1D76132D,
	0xA69F9629,0x30A53132,0xA22EA32F,0x9F9FA12C,0x9C299D2A,0x26919A9B,0x95969798,0x20939423,
	0x1D1E2020,0x8D1B1B8F,0x8688888D,0x7F828512,0x71A49076,0x23016F01,0xA6A8A62F,0x80139CA4,
	0x1A912120,0x09070675,0x78777507,0x78797977,0x76780778,0x79757807,0x79757978,0x87982612,
	0x79077A06,0x7907777A,0x79797A07,0x78777807,0x77787B06,0x77067907,0x6F6F6F6F,0x6F6F6F6F,
	0x6F6F6F6F,0x6F6F6F6F,0x6F6F016F,0x6F6F6F6F,0x6F6F016F,0x016F016F,0x6F6F6F6F,0x016F6F6F,
	0x6F6F6F6F,0x6F6F6F6F,0x6F6F6F6F,0x0101016F,0x6F016F6F,0x0101016F,0x016F6F6F,0x6F6F0101,

	0x4F3FAE48,0xB44C4F4F,0x6F94B2AB,0x36728A6F,0x6F7297B5,0x6F6F6F6F,0x6F6F6F6F,0x91130901,
	0x3C36A59B,0x4F4C4542,0x8F26B650,0x6F01808F,0x6F6F6F6F,0x016F6F6F,0x1A746F6F,0x0797AC9F,
	0x9529947E,0x30A531A4,0xA22EA32F,0x9F9FA12C,0x9C299D2A,0x26209A9B,0x95969798,0x21939423,
	0x1E1E9120,0x191A8E8F,0x8688898D,0x82101085,0x72A58F77,0x2301016F,0xA6A8A62F,0x72139CA4,
	0x97299C21,0x077A7888,0x77060778,0x07777507,0x07787579,0x07777879,0x79797907,0x8A262612,
	0x077B7907,0x78060709,0x7B07787B,0x78070706,0x7878077A,0x7A797906,0x016F6F6F,0x6F6F016F,
	0x6F016F01,0x6F6F016F,0x6F6F6F01,0x6F6F6F01,0x6F6F6F6F,0x6F6F6F6F,0x016F6F01,0x6F6F6F01,
	0x016F6F6F,0x6F6F016F,0x016F016F,0x6F01016F,0x6F6F6F6F,0x6F6F6F6F,0x6F6F6F6F,0x6F6F6F6F,

	0x3B4F5648,0x4F4F4CAE,0x9CAAB64C,0x91726F23,0x9FB648A9,0x6F6F6F7E,0x016F6F6F,0x06706F01,
	0x2F9A9010,0xB640B036,0xB3504F48,0x771D1E23,0x6F6F6F6F,0x6F6F0101,0x6F016F01,0x32A4907B,
	0x2685701D,0x302F2697,0xA22EA32F,0x9F9FA12C,0x9C299D9E,0x26209A9B,0x95969798,0x21939423,
	0x1E1E1F20,0x8D8D1A8F,0x87888B8B,0x7F828513,0x77321B7E,0x95016F70,0xA6A8A62F,0x71869C2F,
	0x269D2A90,0x797A7719,0x78077906,0x06787878,0x79787978,0x7A797677,0x777A7806,0x8D262684,
	0x097B7777,0x7779077A,0x0779787A,0x797B0707,0x77787A7A,0x787A7879,0x6F6F6F01,0x6F6F6F6F,
	0x6F6F6F01,0x6F6F6F01,0x016F6F6F,0x6F016F6F,0x6F6F6F6F,0x6F6F6F01,0x6F6F6F6F,0x6F6F016F,
	0x6F6F6F6F,0x6F6F6F6F,0x6F6F6F6F,0x6F01016F,0x6F010101,0x6F6F6F01,0x6F6F6F6F,0x6F6F6F6F,

	0x50422E8F,0xB53A4056,0xB64C4C4C,0x9C379DA5,0x45308F85,0x017D9F46,0x6F6F6F6F,0x016F6F01,
	0x1E850601,0x3BACA399,0x4C48B63F,0x901FAE4F,0x6F6F708A,0x6F016F6F,0x016F6F6F,0x217F016F,
	0x7288A132,0x2A219A1A,0xA22EA3A4,0x9FA0A12C,0x9C299D2A,0x26209A9B,0x95979798,0x92939423,
	0x1E1E9120,0x8A8D1A1D,0x138F2313,0x81831012,0x7D328D7F,0x92010109,0xA6A29A9C,0x7087292F,
	0x992A2A8D,0x7B78751A,0x077A0776,0x767A7978,0x78797A78,0x7907797B,0x78797806,0x8A992682,
	0x0778077A,0x77070779,0x06787B7A,0x78787707,0x077A097B,0x79797B7C,0x01016F01,0x016F6F6F,
	0x016F6F6F,0x6F6F6F01,0x6F6F6F6F,0x6F016F6F,0x6F6F6F6F,0x6F6F0101,0x6F6F6F6F,0x016F6F6F,
	0x6F6F6F6F,0x016F6F6F,0x6F6F6F6F,0x01016F6F,0x016F6F6F,0x6F6F6F6F,0x6F6F6F6F,0x016F016F,

	0x9986706F,0x48564CAE,0x4C4CB542,0x2D36474C,0x8A85A138,0x2F46429F,0x6F6F6F7F,0x6F6F0101,
	0x74010101,0xA2268F12,0xB5B4AEAA,0x364F4C47,0x0112908E,0x016F6F6F,0x6F6F6F01,0x016F6F6F,
	0x26A89713,0x261F7C83,0xA22EA193,0x9F9FA12C,0x9C299D2A,0x26919A9B,0x95979798,0x21939423,
	0x8F1E9120,0x8788198F,0x8121B189,0x7E831383,0x1D99867E,0x97959793,0x9A819826,0x7088292F,
	0x992A2A87,0x7A77778F,0x077A7879,0x7A797A07,0x76787978,0x7778097A,0x78777A79,0x1999267F,
	0x06790978,0x7B767978,0x79097A7A,0x79787A79,0x797C077B,0x7A7A7978,0x016F6F01,0x6F6F6F6F,
	0x6F6F016F,0x01016F6F,0x6F6F6F6F,0x6F01016F,0x016F6F01,0x6F6F6F01,0x016F0101,0x6F016F01,
	0x016F6F6F,0x6F016F6F,0x0101016F,0x6F6F6F6F,0x6F6F0101,0x6F6F0101,0x6F6F6F6F,0x6F6F6F01,

	0x016F6F88,0xB7A8207F,0x3AB550B9,0x48B8B6A9,0xA1A9AAB0,0x3D9A138B,0x01853147,0x6F6F6F6F,
	0x6F6F6F6F,0x8E107401,0x39A92D98,0xB845423D,0x8F1A3048,0x6F6F6F7C,0x6F6F6F6F,0x6F6F6F6F,
	0x9C89716F,0x837994A7,0x2C979594,0x9F9FA12C,0x9C299D9E,0x26209A9B,0x95979798,0x21949423,
	0x8F1F9120,0x138A8D8F,0x1B1E3C8B,0x999A9995,0x8F2A9826,0x90767B85,0x1A90A6A3,0x718A2991,
	0x9A2A9C7F,0x0607061D,0x7B797977,0x7B777878,0x797B7979,0x777B0707,0x78777977,0x8F9A987E,
	0x7A097706,0x7A767A09,0x7B077D7C,0x78097A79,0x7D09787B,0x757B797A,0x01016F01,0x6F6F6F01,
	0x01016F01,0x016F6F01,0x6F6F016F,0x6F6F6F6F,0x016F016F,0x6F01016F,0x016F6F6F,0x6F6F016F,
	0x6F6F6F6F,0x016F6F6F,0x6F016F6F,0x6F016F6F,0x6F016F01,0x6F6F6F6F,0x6F01016F,0x6F6F016F,

	0x75953DBA,0x8D756F6F,0x544FB39F,0x47369BB3,0x30414848,0x83902E30,0xACB63995,0x016F0119,
	0x016F6F01,0x7601016F,0xA1961A83,0x42B2ADA8,0x9DB548B6,0x6F701B1A,0x6F6F0101,0x016F6F01,
	0x796F6F6F,0x1AA2A01B,0x95268701,0x9F9FA19A,0x9C299D2A,0x26209A9B,0x95979798,0x21939423,
	0x8F909120,0x20949420,0x9121B08C,0x7E811089,0x86A6127F,0x20787B74,0xA521A5A4,0x72888B12,
	0x9A9E9B7D,0x777A731D,0x7A797878,0x7B7C7C7B,0x7B77077C,0x7C7B0778,0x0779077A,0x1D9A977D,
	0x79070678,0x07777977,0x7C790907,0x0779787B,0x07787A7A,0x79797A79,0x6F6F0170,0x6F016F6F,
	0x6F6F6F6F,0x6F6F6F6F,0x6F6F6F6F,0x6F016F01,0x6F016F6F,0x01010101,0x6F6F6F6F,0x6F6F6F01,
	0x6F6F6F6F,0x6F6F6F6F,0x6F6F016F,0x6F6F6F6F,0x6F6F6F6F,0x6F6F6F6F,0x016F016F,0x6F6F6F6F,

	0x50BAB947,0x6F6F84A2,0x36958570,0x29483948,0x474848B3,0x323031B5,0xAA208020,0x011936B7,
	0x6F6F6F6F,0x016F016F,0x1A827301,0x37A69F95,0x47B6403C,0x828F23B2,0x6F6F0101,0x6F6F6F6F,
	0x016F016F,0x2D917E01,0x8F778529,0x9C919397,0x9C299D9E,0x98209A9B,0x95979798,0x21932395,
	0x1D909120,0x85128686,0x8491B012,0x837B017B,0x13308709,0x8C737470,0x9D879421,0x71742020,
	0x9A9E9A09,0x7979721E,0x7A7A7977,0x07077B78,0x787A077A,0x7B787B7C,0x78780678,0x1E9A9609,
	0x077A7877,0x78077877,0x787B7B07,0x7B7B7A7A,0x067A7978,0x0979787B,0x6F6F6F70,0x6F6F6F6F,
	0x6F01016F,0x6F6F6F01,0x6F016F6F,0x6F6F6F6F,0x6F6F016F,0x6F6F016F,0x6F6F6F6F,0x6F6F6F6F,
	0x6F6F6F01,0x6F6F6F6F,0x016F6F6F,0x016F6F6F,0x016F6F6F,0x6F016F6F,0x6F6F6F6F,0x6F6F016F,

	0x4F3F2F1F,0x20B2BA56,0x7C010170,0x3848951E,0x453AAF4C,0xABB74647,0x849730A0,0x3A42A51D,
	0x01017091,0x6F6F6F6F,0x7401016F,0x9E931A7F,0x3FADA932,0x1D32B7B5,0x016F748D,0x6F016F6F,
	0x6F6F6F6F,0x83016F01,0x7F972E94,0x1395207E,0x9C299D97,0x98209A9B,0x95979798,0x21932395,
	0x1E909192,0x1386868E,0x8420AF12,0x71017D7F,0x10967378,0x1E767177,0x9795A6A3,0x01862A8E,
	0x9A9E9907,0x797A7390,0x7A7A7778,0x07090978,0x78790706,0x0778797B,0x787A077A,0x909A9507,
	0x07077A06,0x7A07797B,0x077A7777,0x7A76097B,0x7879787B,0x79077878,0x6F6F6F70,0x6F6F6F6F,
	0x6F6F6F6F,0x6F6F6F6F,0x6F6F016F,0x016F6F01,0x6F6F016F,0x6F6F016F,0x6F6F016F,0x6F016F6F,
	0x6F6F6F6F,0x6F6F0101,0x6F6F6F01,0x6F6F6F6F,0x6F016F6F,0x01010101,0x6F6F6F6F,0x01016F01,

	0x2687756F,0xBAB94537,0x6F10A448,0xA9477E01,0xAF504C3B,0x45453F36,0x329F39B7,0xA08D889C,
	0x7720ADB4,0x6F6F6F01,0x6F6F016F,0x8D7F7101,0x9F299D94,0xB5423DA8,0x01138EA1,0x6F6F6F6F,
	0x6F6F6F6F,0x01016F01,0x2D978872,0x8785731F,0x9C29978E,0x98209A9C,0x95979798,0x21942323,
	0x8F1E9020,0x7F10858D,0x82213B81,0x757E8410,0x7E8F0101,0x907A6F79,0xA89AA6A3,0x0187201D,
	0x9B9F2171,0x76077391,0x787A7A7A,0x077A077A,0x797B0978,0x76077B07,0x06787806,0x919B2378,
	0x75097806,0x79797A07,0x79070779,0x7B07797B,0x787A797A,0x7A7A787A,0x6F016F72,0x016F6F01,
	0x6F6F016F,0x6F6F6F01,0x6F6F6F6F,0x6F6F0101,0x6F01016F,0x6F6F6F6F,0x6F6F016F,0x6F6F6F6F,
	0x6F6F6F6F,0x6F6F6F6F,0x6F6F6F6F,0x6F6F6F6F,0x6F6F6F6F,0x6F016F6F,0x6F6F6F01,0x6F016F6F,

	0x016F016F,0xB4A4907E,0xAD56564C,0xA446701E,0xB6A82181,0x3BA7424F,0xB1B6B6B7,0x8FA12EA0,
	0x39B19A86,0x6F010795,0x6F6F6F6F,0x72016F6F,0x29938A7E,0xB2322AA1,0x8E973D42,0x016F6F7E,
	0x6F6F6F6F,0x016F016F,0x19746F6F,0x7E1A9E9C,0x98209490,0x97209A9C,0x95979898,0x21942323,
	0x8F901F20,0x10808B19,0x10933B7F,0x7F811010,0x7E01707D,0x1A6F6F07,0x21959797,0x717E9894,
	0x948F7E71,0x7A78721F,0x79070907,0x7A78797A,0x7A7B7A7B,0x787B7B07,0x757A7A77,0x919B9407,
	0x07787707,0x77777A79,0x0707797A,0x79787707,0x79797806,0x787B787B,0x6F016F72,0x6F016F6F,
	0x6F6F6F6F,0x6F6F016F,0x6F016F6F,0x016F6F01,0x6F6F6F01,0x01016F6F,0x6F6F6F6F,0x6F016F6F,
	0x6F016F6F,0x016F6F6F,0x6F6F6F01,0x016F6F01,0x6F6F6F6F,0x016F6F6F,0x6F6F6F01,0x6F6F0101,

	0x6F6F6F01,0x88736F6F,0x50B73698,0x2CB73256,0x1B776F6F,0xB54FB3A0,0xB642363B,0xA22E3FB6,
	0x951090A3,0x8229B0AD,0x6F6F6F01,0x01016F01,0x887E7101,0xA9A09B20,0x313FB1AD,0x6F708A1F,
	0x6F01016F,0x6F6F0101,0x016F6F6F,0x902A8F7C,0x208F7A8F,0x96219920,0x95979898,0x21932323,
	0x8F909120,0x82888D1B,0x85233B7C,0x857F1010,0x9C95901A,0x3B37A7A2,0x88B23DB2,0x838B207E,
	0x85872372,0x07797E88,0x09787877,0x09777A78,0x0777777B,0x07787779,0x797B7807,0x209B9378,
	0x7A787A06,0x09077A79,0x78070777,0x79780707,0x777B0677,0x79777B78,0x6F6F0171,0x6F6F6F6F,
	0x6F01016F,0x6F016F6F,0x6F6F6F6F,0x016F0101,0x6F6F6F01,0x6F6F6F6F,0x6F6F6F6F,0x6F6F6F6F,
	0x6F6F6F6F,0x6F6F6F6F,0x016F6F6F,0x016F0101,0x6F6F016F,0x6F016F01,0x6F6F0101,0x6F6F6F6F,

	0x6F6F6F6F,0x6F6F6F6F,0x2E1E7F01,0xA4B6A53D,0x6F0119A9,0x37971370,0xAAAB4C47,0x41B5B5B3,
	0x94A22EAB,0xB3A92010,0x6F01839F,0x6F016F6F,0x72016F6F,0x9320877D,0xB037A82D,0x7D1A23AF,
	0x6F6F016F,0x6F6F0101,0x016F6F6F,0x8C820101,0x827D2190,0x951B1F90,0x95979898,0x21932395,
	0x8F1D9120,0x7F12868D,0x2997AE7D,0xAF38AA30,0xB2B2B2B1,0x3D3D3D3D,0x88393BB2,0x8F881289,
	0x9A939301,0x0777731D,0x7B79777A,0x7A7A7878,0x79070707,0x7B790779,0x077A797A,0x939C9378,
	0x097A7977,0x79787807,0x777B7777,0x07787876,0x7B79787A,0x78787878,0x6F6F0172,0x6F6F6F6F,
	0x6F01016F,0x6F6F016F,0x6F6F6F01,0x6F6F016F,0x01016F01,0x6F6F6F6F,0x6F6F6F01,0x6F016F6F,
	0x6F01016F,0x016F6F6F,0x6F6F6F6F,0x6F016F6F,0x6F6F016F,0x6F6F6F6F,0x6F6F6F6F,0x6F6F6F6F,

	0x01016F6F,0x6F6F6F6F,0x726F0101,0x2EAB8D87,0x23425650,0x7E016F07,0x4F42A51F,0x4239A73F,
	0x2DAC4242,0x8F82972D,0x8831B3A4,0x016F6F01,0x6F6F6F01,0x86097001,0xA62C9990,0x91902F36,
	0x6F7E218E,0x01016F6F,0x01016F6F,0x7D6F6F01,0x1A9C2386,0x8F911271,0x95979823,0x21932395,
	0x8F1E9120,0x3B37A929,0xB19A399D,0xB1B2B1B2,0xA73639B0,0xA02CA1A3,0x882CA39F,0x8383888A,
	0x9C1E1D70,0x78787320,0x7A097779,0x7A7B7B79,0x077A7B07,0x07797A07,0x787A0707,0x949C9206,
	0x7A7D7879,0x79070978,0x07770778,0x78077A77,0x7A78077A,0x78077709,0x6F6F6F72,0x6F6F6F6F,
	0x6F016F6F,0x6F016F6F,0x6F6F6F01,0x6F6F6F6F,0x6F6F016F,0x6F01016F,0x6F6F6F01,0x6F6F6F6F,
	0x01010101,0x6F6F6F6F,0x016F6F01,0x6F6F6F6F,0x6F016F01,0x6F6F6F6F,0x6F6F6F01,0x6F6F6F6F,

	0x6F6F6F6F,0x6F016F6F,0x6F016F6F,0x83016F6F,0x54B8B22D,0x6F10A2B8,0x298A746F,0xAC40483B,
	0x41424036,0x999C2D39,0xAF9E8D13,0x6F011DA7,0x016F6F6F,0x706F016F,0x981E1279,0x379AA1A0,
	0x989D9120,0x01016F7E,0x6F016F01,0x6F6F6F6F,0x97877401,0x19751397,0x9595908F,0x21942323,
	0x1A901F20,0xAFB1B1A1,0x2F9AAD9C,0x969EA1A1,0x36A7A32E,0x2326AAA3,0x8AA23290,0x85878A88,
	0x29202379,0x787A7692,0x79797A07,0x79797B09,0x78077807,0x78070978,0x78797978,0x239C2078,
	0x7B790709,0x78797B79,0x78067978,0x0779777A,0x78077978,0x7B7B7879,0x6F6F6F72,0x6F6F6F6F,
	0x6F6F0101,0x6F6F6F01,0x6F6F6F6F,0x6F6F6F6F,0x6F6F016F,0x6F6F6F6F,0x6F6F6F6F,0x6F6F6F01,
	0x6F6F6F6F,0x016F6F6F,0x01016F6F,0x6F6F6F01,0x6F6F016F,0x6F6F6F01,0x6F6F6F6F,0x6F6F6F6F,

	0x6F6F6F6F,0x6F6F6F6F,0x6F6F6F6F,0x6F6F6F6F,0xAC978773,0x39504FB5,0x016F6F1D,0xB6A99482,
	0xB0A5A645,0x2EB03F40,0x8619262A,0x90A93926,0x6F6F6F71,0x6F6F6F01,0x137A016F,0x29931F8F,
	0x9A1E952A,0x6F6F77A6,0x016F6F01,0x6F6F6F6F,0x7801016F,0x7E93971A,0x1E1D8F7C,0x21942323,
	0x1B1D9020,0x2DA19F91,0x319C3793,0x9CAAA0A4,0x8480859C,0x6F01A632,0x19A09F01,0x8788898A,
	0x9C8E8B12,0x787A0993,0x767A797A,0x76077978,0x07077A78,0x07070709,0x797A7879,0x959C1F77,
	0x7976787D,0x78067B09,0x78777777,0x7B797779,0x787A7906,0x777A0979,0x6F6F6F73,0x6F6F6F6F,
	0x6F6F016F,0x6F6F6F6F,0x6F6F016F,0x6F6F6F6F,0x6F6F016F,0x016F016F,0x6F6F6F6F,0x016F6F6F,
	0x6F6F6F6F,0x6F6F6F6F,0x6F016F6F,0x01016F6F,0x6F016F6F,0x6F01016F,0x016F6F01,0x6F6F016F,

	0x6F6F6F6F,0x6F6F6F6F,0x6F6F016F,0x01016F6F,0x7E016F6F,0x483C2C1E,0x07993F50,0x8F7A6F01,
	0x36453DA1,0xB43F37A3,0x9B97A2B1,0x3694841F,0x6F7293AA,0x016F6F6F,0x01016F6F,0x20127C06,
	0x2132232A,0x207D721D,0x6F6F6F79,0x6F6F016F,0x016F6F6F,0x988F7D01,0x8F83721A,0x2193911A,
	0x8F1E9020,0x1D21AA10,0x7D9A3681,0x9D9D0101,0x7E6F7B97,0x6F78A9AA,0x8F9E266F,0x8A88888D,
	0x23841286,0x79077D94,0x7878777A,0x797B7A07,0x077A7978,0x07787A79,0x7B787977,0x969B1E77,
	0x0707077E,0x07787879,0x7A797879,0x07787807,0x07777907,0x06070777,0x6F6F6F75,0x016F016F,
	0x6F6F6F01,0x6F6F016F,0x6F016F6F,0x6F6F6F01,0x6F6F6F6F,0x01016F6F,0x6F6F6F01,0x6F6F6F01,
	0x6F6F6F6F,0x6F6F016F,0x016F016F,0x0101016F,0x6F016F6F,0x6F6F6F6F,0x6F6F6F6F,0x6F6F6F6F,

	0x6F6F6F01,0x01016F6F,0x6F6F0101,0x6F016F6F,0x6F6F6F6F,0x9686736F,0x4C4F42AA,0x6F018BA8,
	0x37988770,0xA7303CB6,0x32B13DB1,0x83949E2A,0x23AB3191,0x6F6F017E,0x6F016F01,0x83760101,
	0x2E298F1A,0x398C739A,0x6F7220AB,0x6F6F6F6F,0x6F016F6F,0x84016F6F,0x7186231F,0x201A1A87,
	0x8F1D9020,0x0113317A,0x139C3601,0xA19A0180,0x09017F9A,0x707FACA9,0x1E2A9775,0x8786888A,
	0x84851286,0x7972078C,0x7A78077A,0x7B777707,0x787A7878,0x7A797B78,0x79787978,0x979C1D78,
	0x7807787F,0x77077B07,0x7A070607,0x077A0775,0x09067A79,0x7B097779,0x6F6F6F75,0x6F6F6F6F,
	0x6F6F0101,0x6F6F6F01,0x016F6F6F,0x6F016F6F,0x016F6F6F,0x6F6F6F01,0x6F6F6F6F,0x6F6F016F,
	0x6F6F6F6F,0x6F6F6F6F,0x6F6F016F,0x6F01016F,0x6F6F6F01,0x6F016F01,0x6F6F6F6F,0x6F6F6F6F,

	0x6F77879E,0x6F6F0101,0x6F6F6F6F,0x6F010101,0x6F6F6F6F,0x016F6F6F,0xAFA01D7E,0x973D4F47,
	0x80016F74,0xB53FA591,0xB23A2E36,0x952A37B1,0xA18E8592,0x6F839A36,0x016F6F6F,0x016F6F6F,
	0x931A7F71,0x9088769A,0x8FA9AFA4,0x6F6F6F01,0x016F6F6F,0x6F6F6F6F,0x20931201,0x1A8A7580,
	0x8F1E908F,0x8A1F3179,0x879EA86F,0x2F946F85,0x951E8B2C,0xA9AA37AB,0x2026A6A9,0x1388898A,
	0x10851312,0x716F7082,0x79077906,0x7B070709,0x07777A79,0x077B7A78,0x7A797A76,0x979C8F78,
	0x77077981,0x73770606,0x79077474,0x7A787A7A,0x7A797B78,0x7B077707,0x6F016F73,0x6F6F6F6F,
	0x016F6F6F,0x6F6F6F01,0x6F6F6F6F,0x6F016F6F,0x6F6F6F6F,0x6F6F0101,0x6F6F6F6F,0x6F6F6F6F,
	0x6F6F6F6F,0x6F6F6F6F,0x6F6F6F6F,0x6F016F6F,0x6F6F016F,0x6F6F6F6F,0x6F6F6F6F,0x016F016F,

	0x9839B64C,0x6F01747E,0x6F6F6F6F,0x6F6F6F6F,0x016F6F6F,0x6F6F6F01,0x86726F6F,0x4C41A995,
	0x6F86A342,0x298B066F,0x303642AE,0x38B0B0AC,0x889398A1,0x9FAB9C89,0x6F6F6F85,0x6F6F6F6F,
	0x8274016F,0x8B8D718C,0x3AA99787,0x6F018D2E,0x6F01016F,0x016F016F,0x87076F6F,0x7E098F21,
	0x191B881A,0x1A8D3207,0x9C9DA983,0xA4AC2F9F,0xA02DA4A8,0x2CA09C9E,0x92AD3632,0x13878A8C,
	0x84858513,0x6F738083,0x8E138372,0x73979391,0x077A0679,0x07797807,0x78790606,0x989B8F76,
	0x06747684,0x07067473,0x76077306,0x7A070707,0x7A7A7677,0x7A097979,0x016F6F76,0x016F6F6F,
	0x6F01016F,0x01016F01,0x6F6F6F6F,0x6F01016F,0x016F6F6F,0x6F016F6F,0x016F016F,0x6F6F6F01,
	0x6F6F6F6F,0x01016F6F,0x6F016F6F,0x6F6F6F6F,0x6F6F016F,0x6F6F016F,0x6F6F6F6F,0x6F6F6F01,

	0x484C4C4F,0x7E21ABA9,0x6F6F6F70,0x6F6F6F6F,0x6F6F6F6F,0x6F6F6F6F,0x6F6F6F6F,0x9F8F7D01,
	0x37B845AE,0x716F0191,0x42A99410,0xAE32A13B,0x96A1AD3B,0x95128E94,0x01192DA8,0x6F6F6F6F,
	0x016F6F6F,0x908D0671,0x9B8A7E87,0x8D2DAD36,0x6F6F6F6F,0x01016F6F,0x6F6F6F6F,0x8A921A7C,
	0x89198170,0xA7A83875,0xA4233A9B,0xA52FA3A4,0x3D3C39AB,0x3D3D3D3D,0x933D3D3D,0x87878A8C,
	0x84108587,0xA49F2994,0xACABA932,0x7DA9ACAC,0x7577077D,0x73737476,0x06777373,0x989B1A74,
	0x787A7B10,0x0778777A,0x797B7378,0x7A790778,0x0979797B,0x76097878,0x016F6F78,0x6F6F6F01,
	0x6F6F6F6F,0x016F6F01,0x6F6F6F6F,0x6F6F6F6F,0x016F6F6F,0x6F01016F,0x6F6F6F01,0x6F6F016F,
	0x016F6F6F,0x6F6F6F6F,0x6F016F6F,0x0101016F,0x6F6F6F01,0x6F6F6F6F,0x6F01016F,0x6F6F6F6F,

	0x484C4C4F,0x3C484CB0,0x017D1D31,0x6F01016F,0x6F6F6F6F,0x6F6F6F6F,0x6F6F6F6F,0x706F6F6F,
	0x3FA79413,0x859E41B8,0x8F7D016F,0xA83D3C2C,0x39AE37A4,0x919795A4,0xA2312083,0x016F701F,
	0x6F6F6F6F,0x7F8A866F,0x85017D13,0x36ACA391,0x6F018529,0x6F6F6F6F,0x6F6F6F6F,0x8F7E016F,
	0x86731391,0x98239489,0xB29BA5A9,0xB2B2B2B2,0x3DB2B2B2,0x3D3D3D3D,0x233D3D3D,0x8887888C,
	0x84101386,0xABABAB9F,0x9FA4A7AA,0x1B9A9A9C,0x77727C7F,0x77077977,0x7A7B0707,0x269B8D07,
	0x07077785,0x7B797A07,0x7B75747B,0x777A7A77,0x07077A79,0x7907077A,0x6F016F06,0x6F016F01,
	0x6F6F6F6F,0x6F6F6F6F,0x6F6F6F6F,0x6F6F6F01,0x6F016F6F,0x6F010101,0x6F6F6F6F,0x6F6F6F01,
	0x6F016F6F,0x6F6F6F6F,0x6F6F6F6F,0x6F6F6F6F,0x6F6F016F,0x6F6F6F6F,0x016F016F,0x6F6F6F6F,

	0x474C4C4F,0x4C4C4C3B,0x2DB045B8,0x0101078C,0x6F6F6F6F,0x6F6F6F01,0x6F6F6F6F,0x01016F6F,
	0x8F7D016F,0x46B6392A,0x6F0119A8,0x36988772,0x972DAB40,0x98A8ADA9,0x1D102093,0x7B23302C,
	0x6F6F0101,0x0188896F,0x6F707273,0x3196877C,0x1099AAA9,0x6F6F6F01,0x6F6F6F01,0x016F6F01,
	0x7D1D8F82,0x2DA62372,0x2D961397,0xB2B2B236,0x3D3DB2B2,0x3D3D3D3D,0x973D3D3D,0x13878788,
	0x83848312,0x299B9A94,0x97262699,0x87969823,0x76097E7D,0x07077877,0x77777877,0x269B8B79,
	0x07070686,0x79077A77,0x77757577,0x7B097979,0x067B7D09,0x09780707,0x6F6F6F06,0x6F6F6F6F,
	0x6F016F6F,0x6F6F6F01,0x6F016F6F,0x6F6F6F6F,0x6F01016F,0x6F6F016F,0x6F6F6F6F,0x6F6F6F6F,
	0x6F6F6F01,0x6F6F6F6F,0x016F016F,0x016F6F6F,0x016F6F6F,0x6F6F6F6F,0x6F6F6F6F,0x6F6F016F,

	0x454C4C4F,0x4C4C4CAE,0x4848B8B8,0x129C38B5,0x016F6F75,0x6F01016F,0x016F6F01,0x6F6F6F6F,
	0x6F016F6F,0x32948572,0x96AE45B3,0x81016F7B,0x36B22F20,0x3737A087,0x94939CAA,0x329C8D13,
	0x01018094,0x01138B01,0x016F016F,0x8F10016F,0xA9A83029,0x6F6F8126,0x6F6F6F6F,0x6F6F6F6F,
	0x8E85726F,0xB037AA9C,0xB2B3B43D,0xB2AF9EA6,0xB23DB2B2,0x3D3D3D3D,0x9A3D3D3D,0x9799961D,
	0x23262697,0x911D9A98,0xA9A6A32A,0x86ABA826,0x7E7E7E09,0x07797774,0x77770607,0x269A8778,
	0x78770688,0x7B777877,0x75787806,0x79787B79,0x07097A09,0x7A7C0906,0x6F6F0107,0x6F6F6F6F,
	0x6F6F016F,0x6F6F6F6F,0x6F6F6F6F,0x016F6F01,0x016F016F,0x016F6F6F,0x016F016F,0x6F016F6F,
	0x6F6F6F6F,0x6F6F0101,0x6F6F6F01,0x6F6F6F6F,0x6F6F6F6F,0x01010101,0x6F6F6F6F,0x01016F01,

	0xB74C4C4C,0xB84C4C3A,0x484848B8,0x3F474848,0x728295AA,0x6F6F6F6F,0x6F016F01,0x6F6F6F6F,
	0x016F6F6F,0x7D016F01,0xB538298E,0x6F8BA642,0x29197901,0x2D2C9892,0x2AA936AA,0x868C9226,
	0x13263196,0x017E8701,0x6F6F016F,0x7D72016F,0xA49F2087,0x7E96A532,0x6F6F6F6F,0x6F6F016F,
	0x73016F01,0xAC383B99,0x3A3130A8,0x3229B13F,0x9DA82CA5,0x3D3DA697,0x9C3D3D3D,0x84848989,
	0x83108484,0x1A1EAB9E,0x858A8F20,0x8BACA97E,0x7E7F807D,0x77787509,0x78787607,0x999A1375,
	0x7878068B,0x78067707,0x7806767B,0x797A7A77,0x7B7B7907,0x07097906,0x01010178,0x6F6F6F01,
	0x6F6F016F,0x6F6F6F01,0x6F6F6F6F,0x6F01016F,0x6F6F016F,0x6F6F6F01,0x6F6F6F6F,0x6F6F6F6F,
	0x6F6F6F6F,0x6F6F6F6F,0x6F6F6F6F,0x6F6F6F6F,0x6F6F6F6F,0x6F016F6F,0x6F6F6F01,0x6F6F6F6F,

	0xB64C4C4C,0xB84C4C39,0x4848B8B8,0x47474848,0x313CB746,0x6F017C91,0x01016F01,0x01016F6F,
	0x6F6F6F6F,0x01016F6F,0x9312716F,0xADB6B231,0x706F0621,0x3C2F2F86,0xAC309F32,0x2194A1AB,
	0xA420108F,0x016F839A,0x6F6F6F6F,0x73016F01,0x95887F75,0xA431A22A,0x6F017C20,0x6F6F6F6F,
	0x6F6F6F6F,0x858B1E86,0x8F7A7A7F,0x23363BA8,0xA2419F20,0x3D3D9787,0x293D3D3D,0x13137E87,
	0x84108513,0x0121AB9E,0x6F6F6F6F,0x129C9C6F,0x7D7F8177,0x7778067D,0x78067879,0x9A9A1207,
	0x7778068C,0x06067B79,0x79737479,0x797C7978,0x79077907,0x79787779,0x6F010107,0x6F016F6F,
	0x6F6F6F6F,0x6F6F6F6F,0x6F016F6F,0x016F6F01,0x6F6F6F6F,0x0101016F,0x6F6F6F6F,0x6F6F6F6F,
	0x6F016F6F,0x016F6F6F,0x6F6F6F01,0x016F6F01,0x6F6F6F01,0x016F6F6F,0x6F016F01,0x6F6F0101,

	0xB64C4C4C,0xB84C4CAD,0x484848B8,0x47474748,0x45454646,0x1A2D38B5,0x6F6F0176,0x6F016F6F,
	0x6F6F6F6F,0x6F6F6F6F,0x6F6F6F6F,0x369C1A7D,0x879F4142,0x8F7E301A,0x29AC3AA1,0xA4A9A9A1,
	0x82912123,0x8F7F0183,0x6F6F6F73,0x016F6F6F,0x83787401,0xA129978F,0x7720A22F,0x6F6F016F,
	0x016F6F6F,0x9591197D,0x7472718E,0x12939483,0x8F3DAC7E,0x3D3C9383,0x9E3D3D3D,0x13857E8D,
	0x7D7F8385,0x728D971D,0x016F6F6F,0x19AC316F,0x7D7E7F7D,0x0706077D,0x77767978,0x9A998578,
	0x79787619,0x797A0777,0x77747679,0x7B7B7778,0x78770907,0x07770709,0x6F6F017B,0x6F6F6F6F,
	0x6F01016F,0x6F016F6F,0x6F6F6F6F,0x016F0101,0x6F6F6F01,0x016F6F6F,0x6F6F016F,0x6F6F6F6F,
	0x6F6F6F6F,0x6F6F6F6F,0x6F6F6F6F,0x016F0101,0x6F6F016F,0x6F016F01,0x6F6F0101,0x6F6F6F6F,

	0xB54C4C4C,0xB8B84CAD,0x484848B8,0x47474748,0xB7454546,0x41B6B6B7,0x078729A9,0x016F6F01,
	0x016F6F01,0x6F6F6F6F,0x6F6F6F6F,0x85726F01,0xB5B02F21,0x6F6FA29F,0xA9988873,0x329BA136,
	0x8F98A5A7,0x9A857B7D,0x017B20A2,0x6F6F6F01,0x0101016F,0x971E847D,0x9F2E9F9C,0x6F6F721E,
	0x706F016F,0x3D3DB299,0x7471943C,0x6F010174,0x81393C7E,0x3D3D9D1B,0xA13D3D3D,0x837D7E12,
	0x82838584,0x7493AB98,0x016F6F01,0x1DACA76F,0x7E7E7E7D,0x7A77777D,0x7A070778,0x9A26837A,
	0x7877071B,0x07787777,0x06767706,0x07787A77,0x7A7A7A79,0x79067807,0x6F017007,0x6F6F6F01,
	0x6F01016F,0x6F01016F,0x6F6F6F01,0x6F6F016F,0x01016F01,0x6F6F6F6F,0x6F016F6F,0x6F016F6F,
	0x6F016F6F,0x016F6F6F,0x6F6F6F6F,0x6F016F6F,0x6F6F016F,0x6F016F6F,0x6F6F6F6F,0x6F016F6F,

	0xB54C4C4C,0xB8B8B838,0x484848B8,0x46474748,0xB7454546,0xB6B6B6B7,0xA93DB5B6,0x6F738497,
	0x6F016F6F,0x6F016F6F,0x6F6F0101,0x6F016F6F,0x9A197901,0x9BA63194,0x81016F83,0xA036A320,
	0xA5322E97,0x87202198,0x942A2386,0x6F6F6F7F,0x6F6F016F,0x87807301,0x2A99231E,0x771A9C2C,
	0x8101016F,0x3D3D3D37,0x2C7E313D,0x8572771D,0x7AA6B393,0x3D3D3DAC,0x2E3D3D3D,0x13071287,
	0x83848585,0x7995AB97,0x6F6F017A,0x239E9E78,0x7E7F2321,0x0776777D,0x77797877,0x9A268077,
	0x7779798E,0x797B0777,0x0676777A,0x07787B06,0x7806777A,0x077B7977,0x6F6F7007,0x6F6F6F6F,
	0x6F016F6F,0x6F6F016F,0x6F6F6F01,0x6F6F6F6F,0x6F6F016F,0x6F01016F,0x6F6F6F01,0x6F6F6F6F,
	0x0101016F,0x6F6F6F6F,0x016F6F01,0x6F016F6F,0x6F016F01,0x016F6F6F,0x016F6F01,0x6F6F6F6F,

	0x424C4C4C,0xB8B84C38,0x48484848,0x46474748,0xB7454545,0xB6B6B6B7,0xB5B5B5B6,0x20323B42,
	0x6F01717E,0x6F6F6F6F,0x6F6F6F01,0x6F6F6F6F,0x706F6F6F,0xAEA18E77,0x6F1A31B3,0x9B1A0701,
	0x9B972EA9,0x209B30A5,0x91838A1D,0x6F109629,0x6F6F6F01,0x7D6F016F,0x941D877F,0x9B9F2926,
	0x856F6F8D,0x3D3C261E,0xA910A63D,0x36939FB0,0x852AB39E,0x3D3D3DAF,0xA53D3D3D,0x837F1288,
	0x8B128183,0x9B9E2E23,0x38A9302C,0xB4B4B23B,0x7F13B3B4,0x78767B7E,0x78777678,0x9B267F76,
	0x767A068F,0x06777978,0x7773077B,0x787A7A7A,0x07770907,0x77070709,0x6F6F7179,0x6F6F6F6F,
	0x6F6F0101,0x6F6F6F6F,0x6F6F6F6F,0x6F6F6F6F,0x6F6F016F,0x6F6F6F6F,0x6F6F6F6F,0x6F6F6F6F,
	0x6F6F6F6F,0x016F6F01,0x01016F6F,0x016F6F01,0x6F6F016F,0x6F6F6F01,0x6F016F01,0x6F6F016F,

	0x424C4C4C,0xB8B8B838,0x48484848,0x46464747,0xB7B74545,0xB6B6B6B6,0xB5B5B5B6,0x3F424242,
	0x078FA236,0x6F016F01,0x016F6F01,0x6F6F6F6F,0x6F6F6F6F,0x8D7B6F01,0xA93CA926,0x706F7A21,
	0x30A59312,0xA42D979A,0x8D90219D,0x9699197F,0x6F6F0184,0x6F6F6F6F,0x12847E70,0x9A97208F,
	0x708D269A,0x3B90016F,0xA585A83D,0xAFB2B2B2,0x1B943DA2,0xA6AC393C,0x9E9EA1A2,0x32A39D9A,
	0x3D3CAE36,0xB4B3B4B4,0xB4B4B4B3,0xB4B4B4B4,0x8513B4B4,0x79737982,0x06797779,0x9C987E77,
	0x0678761D,0x76077979,0x78737A77,0x7A78787B,0x77077C77,0x7B777809,0x016F7207,0x6F6F6F01,
	0x6F6F016F,0x6F6F6F6F,0x6F6F016F,0x6F6F016F,0x6F6F016F,0x6F6F6F6F,0x6F6F6F6F,0x6F6F6F6F,
	0x6F6F6F6F,0x6F6F6F6F,0x6F016F6F,0x6F016F6F,0x6F6F016F,0x6F010101,0x6F6F6F01,0x6F6F016F,

	0x424C4C4C,0x48B8B837,0x48484848,0x46464747,0xB7B74545,0xB6B6B6B6,0x42B5B5B5,0x41424242,
	0xA93D4041,0x01758829,0x6F6F6F6F,0x016F6F6F,0x6F6F6F6F,0x016F6F6F,0x2C208271,0x889C3838,
	0x8F7E0101,0x239C322A,0x97A12E2A,0x88821A1F,0x01839394,0x6F6F6F01,0x7D766F6F,0x911B137F,
	0x949C2694,0x326F6F7D,0x2A12A93D,0x959F31AA,0x1D8E3CA9,0x39AB322E,0x3D3DB2B0,0xB3B3B33D,
	0xB3B3B3B3,0xB3B3B3B4,0xB4B3B3B4,0xB4B4B4B4,0x1086B4B4,0x70708010,0x06790775,0x9C977E07,
	0x7877751F,0x79787679,0x79777806,0x78790707,0x78790707,0x79787A79,0x6F6F727A,0x016F016F,
	0x6F6F6F6F,0x6F6F016F,0x6F6F6F6F,0x6F6F6F01,0x6F6F6F6F,0x01016F01,0x6F6F6F6F,0x6F6F6F01,
	0x6F6F6F6F,0x016F6F6F,0x6F6F016F,0x6F01016F,0x6F016F6F,0x6F6F6F6F,0x6F016F6F,0x6F6F016F,

	0x424C4C4C,0x48B8B838,0x47484848,0x46464747,0xB7B74545,0xB6B6B6B6,0x42B5B5B5,0x41424242,
	0x3F3F4041,0x9731AFB4,0x6F017785,0x6F6F6F6F,0x6F6F6F6F,0x6F6F0101,0x7A016F6F,0xAEA6978C,
	0x6F711D2F,0xA5968975,0x2C9A989F,0x8D91979F,0x191D8582,0x6F010109,0x6F6F6F6F,0x127E7E7B,
	0x95219019,0x2F6F7120,0x2612363D,0x2E3C39AB,0x9F103AAE,0x3D3D3D3D,0x3D3D3D3D,0xB3B33D3D,
	0xB3B3B3B3,0x26ACB3B3,0xB4B1A195,0xB4B4B4B4,0x858DB4B4,0x71838385,0x78790670,0x9C957D07,
	0x077A0720,0x797B7878,0x06760675,0x78077A06,0x79787A07,0x78787978,0x6F6F727B,0x6F6F6F6F,
	0x6F6F6F01,0x6F6F6F01,0x016F6F6F,0x6F6F6F6F,0x016F6F6F,0x6F6F6F01,0x6F6F6F6F,0x6F6F016F,
	0x6F6F6F6F,0x6F6F6F6F,0x0101016F,0x6F016F6F,0x6F6F6F01,0x6F6F6F01,0x6F6F6F6F,0x6F6F6F6F,

	0x424C4C4C,0x4848B8AD,0x47484848,0x45464747,0xB7B74545,0xB5B6B6B6,0x42B5B5B5,0x41424242,
	0xB43F4040,0xB23DB3B4,0x81203138,0x016F6F73,0x6F6F6F6F,0x6F6F6F6F,0x016F6F01,0x9083016F,
	0x99A9369F,0x83706F81,0x97A3A11F,0x989F9F23,0x7E108C91,0x70738085,0x6F6F6F01,0x7C76706F,
	0x1B88857D,0xA26F7D1D,0x9F85373D,0x29B2B2B2,0xA609A93D,0x3D3D3D3D,0x3D3D3D3D,0xB3B33D3D,
	0xB3B3B3B3,0xA29CA4B3,0xB2959DA5,0xB4B4B4B4,0x121EB4B4,0x81828312,0x79720172,0x26230978,
	0x73747190,0x06737374,0x787A7777,0x78797A78,0x7A067A09,0x787B7878,0x6F6F7476,0x6F016F6F,
	0x016F6F6F,0x6F6F6F01,0x6F6F6F6F,0x6F016F6F,0x6F6F6F6F,0x6F6F0101,0x6F6F6F6F,0x6F6F6F6F,
	0x6F6F6F6F,0x6F6F6F6F,0x6F6F6F6F,0x6F016F6F,0x6F6F0101,0x6F6F6F6F,0x6F6F6F6F,0x016F016F,

	0x424C4C4C,0x48B8B839,0x47484848,0x45464647,0xB6B7B745,0xB5B6B6B6,0x42B5B5B5,0x41414242,
	0xB43F3F40,0xB23DB3B4,0xACB0B1B2,0x017D8F2D,0x0101016F,0x016F6F6F,0x6F6F6F6F,0x016F6F6F,
	0xA5958A79,0x6F1BA036,0x998D7A6F,0x21209BA2,0x8F202629,0x70717486,0x6F017477,0x746F0101,
	0x837B787E,0xA1017F12,0xA085393D,0x9CB2B2B2,0x39092CB3,0x3D3D3D3D,0xB33D3D3D,0xB3B3B33D,
	0xB3B3B3B3,0x778D26AD,0xA326A219,0xB4B4B4B4,0x138FB4B4,0x83848510,0x01017782,0x7F7D8572,
	0x07747582,0x77787777,0x077A777B,0x07797979,0x787A7B78,0x07787707,0x016F7377,0x01016F6F,
	0x0101016F,0x01016F01,0x6F6F6F6F,0x6F01016F,0x6F6F6F6F,0x6F016F6F,0x016F016F,0x6F6F6F01,
	0x6F6F6F6F,0x01016F6F,0x6F016F6F,0x6F6F6F6F,0x6F6F6F6F,0x6F6F016F,0x6F6F6F6F,0x6F6F6F01,

	0x424C4C4C,0x4848B83A,0x47484848,0x45464647,0xB6B7B745,0xB5B6B6B6,0x42B5B5B5,0x41414242,
	0xB43F3F40,0x3D3DB3B3,0xB03CB1B2,0x9CA83AB0,0x01017A8A,0x6F6F6F01,0x6F6F6F6F,0x6F6F6F6F,
	0x81706F6F,0xA2A9291E,0x73017E92,0x21A12185,0x9A29981E,0x74878F20,0x73790101,0x016F0101,
	0x757B7301,0x2A017106,0x9F84383D,0x9E3CB2B2,0xB188973D,0x3D3D3D3D,0xA3A73B3D,0xB33DA79B,
	0xB3B3B3B3,0x239129A4,0x29999120,0xB4B4B4B4,0x1290B4B4,0x83101085,0x707D7F7F,0x9997206F,
	0x7972129A,0x06797878,0x79797B07,0x7A78797C,0x77077777,0x06067807,0x016F7207,0x6F6F6F01,
	0x6F6F6F6F,0x016F6F01,0x6F6F6F6F,0x6F6F016F,0x016F6F01,0x6F6F6F6F,0x016F6F6F,0x6F6F016F,
	0x016F6F6F,0x6F6F6F6F,0x01016F6F,0x016F6F6F,0x6F6F6F01,0x6F6F6F6F,0x6F01016F,0x6F6F6F6F,

	0x424C4C4C,0x4848483B,0x47474848,0x45464646,0xB6B7B745,0xB5B5B6B6,0x4242B5B5,0x40414242,
	0xB43F3F40,0xB23DB3B3,0xB03CB1B2,0xAE3BAFB0,0x8595A537,0x6F6F6F77,0x6F6F0101,0x016F6F6F,
	0x6F6F6F6F,0x23887701,0x8A9CA7A3,0x8D7E0101,0x2397921F,0x8F929A99,0x016F7D88,0x01707271,
	0x09016F01,0x9B010106,0x9E123B3D,0x3038B2B2,0xB22090B1,0x3D3D3D3D,0xAF40A3AA,0xB33A8699,
	0xB3B3B3B3,0x9C92292E,0xA1919891,0xB4B4B4B4,0x8520B4B4,0x81108484,0x7B7F8281,0x29292371,
	0x76721329,0x75747477,0x78767473,0x787A7976,0x7B090779,0x06797C78,0x6F017379,0x6F016F01,
	0x6F6F0101,0x6F6F6F6F,0x6F6F6F6F,0x6F6F6F6F,0x6F6F6F6F,0x6F010101,0x016F6F6F,0x6F6F0101,
	0x6F01016F,0x6F6F6F6F,0x6F6F6F6F,0x6F016F6F,0x6F01016F,0x6F6F6F6F,0x016F016F,0x6F6F6F6F,

	0x42B84C4C,0x484848B0,0x47474848,0x45454646,0xB6B6B7B7,0xB5B5B6B6,0x4242B5B5,0x40414242,
	0xB4B43F40,0xB23D3DB3,0xB03CB1B1,0xAE3B3BB0,0xAA393A3A,0x727F20A2,0x6F6F016F,0x6F6F6F6F,
	0x6F6F0101,0x016F6F6F,0x329B8F7F,0x6F7C202E,0x9D231390,0x26959194,0x828A1D93,0x70016F01,
	0x6F6F0101,0x986F7301,0x2985B03D,0x3632B2B2,0xB29A883B,0x303D3DB2,0xA2B141A7,0xB33A078C,
	0xB3B3B3B3,0x26A11936,0x3A8E1F26,0xB4B4B4B4,0x8593B4B4,0x8183807C,0x7E7E8082,0x9C988579,
	0x74708729,0x78067676,0x79737878,0x787A7878,0x7A7B7978,0x7B787807,0x6F6F7677,0x6F6F6F6F,
	0x6F016F6F,0x6F6F6F6F,0x6F016F6F,0x6F6F6F01,0x6F01016F,0x6F6F016F,0x6F6F6F6F,0x6F6F6F6F,
	0x6F6F6F01,0x6F6F6F6F,0x6F6F016F,0x016F6F6F,0x016F6F6F,0x6F6F6F6F,0x6F6F6F6F,0x6F6F016F,

	0x424C4C4C,0x484848B1,0x47474748,0x45454646,0xB6B6B7B7,0xB5B5B6B6,0x4242B5B5,0x40414142,
	0xB4B43F40,0xB23D3DB3,0xB03CB1B1,0xAE3B3BAF,0xAD39393A,0x9D9B3638,0x0101828E,0x6F6F016F,
	0x016F6F6F,0x6F6F6F01,0x8676016F,0x962F2C93,0x83706F1D,0x2094261E,0x1D949721,0x0101108D,
	0x01710676,0x9A6F6F6F,0x29853C3D,0x3C9FB2B2,0xB2A37E36,0xAAA2B23D,0x7D97AD3F,0xB33C8601,
	0xB3B3B3B3,0x1313A2B3,0xB4368C7E,0xB4B4B4B4,0x1296B4B4,0x837E837A,0x7E7D7F82,0x23827A7D,
	0x77748A9C,0x06797878,0x77730707,0x7779777A,0x7877097A,0x7A7B7979,0x6F6F7877,0x6F6F6F6F,
	0x6F6F6F6F,0x6F6F6F6F,0x6F6F6F6F,0x016F6F01,0x016F016F,0x016F6F6F,0x6F6F016F,0x6F016F6F,
	0x6F6F6F6F,0x6F6F0101,0x6F6F6F01,0x6F6F6F6F,0x6F6F6F6F,0x01010101,0x6F6F6F6F,0x01010101,

	0x42B84C4C,0x484848B3,0x46474748,0x45454546,0xB6B6B7B7,0xB5B5B6B6,0x4242B5B5,0x40414142,
	0xB4B43F3F,0xB23D3DB3,0xB03C3CB1,0xAE3BAFAF,0xAD39393A,0xAC2A3738,0x8A2632AB,0x6F6F017E,
	0x6F010101,0x016F6F01,0x6F6F016F,0x951A8070,0x061D9219,0x238C096F,0x941F9126,0x128C1D93,
	0x7D7C7273,0xA77C6F77,0x29853C3D,0x3D9DB1B2,0x3D3606A5,0xB3379FB2,0x747491AC,0xB33D3610,
	0xB3B3B3B3,0xAC3CB3B3,0xB4B3B2AA,0xB4B4B4B4,0x1326B4B4,0x837F137C,0x7D7F7E7F,0x7C797C7D,
	0x78731A20,0x077A7876,0x78727807,0x0777767B,0x77797506,0x77777979,0x0101747A,0x6F6F6F01,
	0x6F6F016F,0x6F6F6F01,0x6F6F016F,0x6F01016F,0x6F6F016F,0x6F6F0101,0x6F6F6F6F,0x6F6F6F01,
	0x6F6F6F6F,0x6F6F016F,0x6F6F6F6F,0x6F6F6F6F,0x6F6F6F6F,0x6F016F6F,0x6F6F6F01,0x6F016F6F,

	0x41B84C4C,0x4848483F,0x46474747,0xB7454546,0xB6B6B7B7,0xB5B5B5B6,0x424242B5,0x40414142,
	0xB3B43F3F,0xB2B23DB3,0xB0B03CB1,0xAE3B3BAF,0x38AD393A,0xAC9D3738,0xA8ABAC36,0x7A1294A3,
	0x6F6F6F6F,0x016F6F6F,0x6F6F6F6F,0x72016F6F,0xA12A8F7D,0x72018193,0x90989012,0x8F20201A,
	0x707A128B,0x3D2C7277,0x2613AF3D,0x3D9DB1B1,0xB13B109C,0xA9B23A9F,0x7D06738F,0xB33D3DA2,
	0xB3B3B3B3,0xB3B3B3B3,0xB4B3B3B3,0xB4B4B4B4,0x129AB4B4,0x80822079,0x7D7F7E7F,0x787A7E7D,
	0x72707307,0x74737374,0x79727573,0x07787807,0x0779777A,0x77787A7A,0x6F017479,0x01016F6F,
	0x6F6F6F6F,0x6F6F016F,0x6F016F6F,0x016F6F01,0x6F6F6F6F,0x6F01016F,0x6F6F6F6F,0x6F6F6F6F,
	0x6F016F6F,0x6F6F6F6F,0x6F6F6F01,0x016F6F01,0x6F6F6F01,0x016F6F6F,0x6F016F6F,0x6F6F016F,

	0x41B8B84C,0x48484841,0x46474747,0xB7454546,0xB6B6B6B7,0xB5B5B6B6,0x424242B5,0x40404141,
	0xB3B4B43F,0xB2B23D3D,0xB0B03CB1,0xAEAE3BAF,0x38AD393A,0xAC293737,0xAAABAC36,0x9F31A9A9,
	0x6F728490,0x6F6F0101,0x6F6F6F6F,0x016F6F01,0x1A7E016F,0x1323A096,0x8D7E0170,0x1D1B1F94,
	0x86878E91,0x3DB2A69E,0x98133A3D,0x3C2F38B1,0x9FB01D20,0x8D32B13B,0x2A097873,0x3DB33D3D,
	0xB3B3B3B3,0xB3B3B3B3,0xB4B3B3B3,0xB4B4B4B3,0x859CB4B4,0x82839F7D,0x7E7E8082,0x07097D7D,
	0x7070067B,0x07770778,0x78757877,0x76097877,0x79077807,0x07790778,0x6F6F7607,0x6F6F6F6F,
	0x6F6F016F,0x6F01016F,0x6F6F6F6F,0x016F0101,0x6F6F6F01,0x016F6F6F,0x6F6F016F,0x6F6F6F6F,
	0x6F6F6F6F,0x6F016F6F,0x6F6F6F6F,0x016F0101,0x6F6F6F6F,0x6F016F01,0x6F6F0101,0x6F6F6F01,

	0x40B8B84C,0x48484842,0x46464747,0xB7454546,0xB6B6B6B7,0xB5B5B5B6,0x424242B5,0x40404141,
	0xB3B4B43F,0xB1B23D3D,0xB0B03CB1,0x3AAE3BAF,0x38AD393A,0xAB9C3737,0xAAABAC36,0xA7A8A9A9,
	0x1A9AA432,0x6F6F7083,0x01016F6F,0x6F6F6F01,0x016F6F6F,0x9B901373,0x6F758F9B,0x21208574,
	0x1A8F8D8F,0x3D3DB23C,0xA37698B2,0xACB02EB1,0xAF299283,0x7487A43C,0xB22D7D77,0xB33D3D3D,
	0xB3B3B3B3,0x2637B3B3,0xB4AD9A91,0xB4B4B4B4,0x1029B4B4,0x8110317A,0x717E8083,0x7A7D7D7D,
	0x6F75797A,0x07777501,0x77067878,0x07787907,0x79767B07,0x79790709,0x6F017678,0x6F6F6F01,
	0x6F01016F,0x6F6F6F6F,0x6F6F6F01,0x016F6F6F,0x6F016F01,0x6F6F6F6F,0x6F6F6F6F,0x6F016F6F,
	0x6F016F6F,0x016F6F6F,0x6F6F6F6F,0x6F016F6F,0x6F6F016F,0x6F016F6F,0x6F6F6F01,0x6F6F6F6F,

	0x3FB8B8B8,0x47484842,0x46464747,0xB7B74545,0xB6B6B6B7,0xB5B5B5B6,0x42424242,0x3F404141,
	0xB3B4B43F,0xB1B23D3D,0xAFB03CB1,0x3AAE3BAF,0x38AD393A,0xAB9C3637,0xAAABAC36,0xA7A8A9A9,
	0x303232A6,0x7E8C952C,0x01010101,0x6F6F6F01,0x6F6F016F,0x7D016F01,0x2099238A,0x7E716F84,
	0x891D918E,0x32363A3A,0xA3138D29,0x94AEAEA1,0xAFB22170,0x7506122D,0x3D3D3281,0x3D3D3D3D,
	0xB3B3B3B3,0xA023A9B3,0x38949D9D,0xB4B4B4B4,0x129EB4B4,0x8412A57D,0x727E7F83,0x7A7C7B7B,
	0x6F777576,0x0773016F,0x78067B07,0x7A787979,0x07797879,0x78077978,0x6F017779,0x6F6F6F6F,
	0x6F016F6F,0x6F6F016F,0x6F6F6F01,0x6F6F6F6F,0x6F6F016F,0x6F016F6F,0x6F6F6F6F,0x6F6F6F6F,
	0x0101016F,0x6F6F6F6F,0x6F6F6F01,0x6F016F6F,0x6F6F0101,0x016F6F6F,0x016F6F6F,0x6F6F6F01,

	0xB448B8B8,0x47484842,0x46464747,0xB7B74545,0xB6B6B6B6,0xB5B5B5B5,0x42424242,0x3F404041,
	0xB3B3B43F,0xB1B2B23D,0xAFB03CB1,0x3AAE3B3B,0x38AD3939,0xAB9B3637,0xAAABAC36,0xA7A8A9A9,
	0x313232A6,0x2AA330A5,0x01798820,0x6F6F6F6F,0x6F6F6F01,0x6F6F016F,0x1E83746F,0x71892396,
	0x1E867801,0x26A52F94,0xB3A4B436,0x742336B2,0x9E3B3D95,0x12077483,0x3D3D3DA9,0x3D3D3D3D,
	0xB3B3B33D,0x109A213D,0x98298F7D,0xB4B4B4B3,0x12A0B4B4,0x8313307D,0x7A7D807F,0x7B097C12,
	0x6F067978,0x726F6F6F,0x7A7B0776,0x78780678,0x7A7A7577,0x07797B78,0x6F010779,0x6F6F6F6F,
	0x6F6F016F,0x6F6F6F6F,0x6F6F6F6F,0x6F6F6F6F,0x6F6F016F,0x6F6F6F6F,0x6F6F6F6F,0x6F6F6F6F,
	0x6F6F6F6F,0x016F0101,0x01016F6F,0x016F6F6F,0x6F6F016F,0x6F6F6F6F,0x6F016F01,0x016F016F,

	0xB348B8B8,0x474848B5,0x46464647,0xB7B74545,0xB6B6B6B6,0xB5B5B5B5,0x41424242,0x3F404041,
	0xB3B3B43F,0xB1B2B23D,0xAFB0B03C,0x3AAEAE3B,0x38AD3939,0xAA9B3637,0xAAABACAC,0xA7A8A9A9,
	0x313232A6,0xA3A42F30,0x8F9A2C2E,0x6F017213,0x0101016F,0x6F6F6F6F,0x01016F6F,0x9520887B,
	0x7101828F,0x9A363686,0x9B233D39,0x9A7B8D93,0x7F9C3A3D,0xA98A7574,0x3D3D3D3D,0x3D3D3D3D,
	0xB3B33D3D,0x208D973A,0x9429898F,0xB4B4B3B1,0x12A2B4B4,0x8386A37E,0x137E7F7F,0x787D7D1A,
	0x01730607,0x6F6F016F,0x78777371,0x78797876,0x79077A78,0x78797A7A,0x6F017B7A,0x6F6F6F6F,
	0x6F6F016F,0x6F6F6F6F,0x6F6F6F6F,0x6F6F016F,0x6F6F016F,0x6F6F6F6F,0x6F6F6F6F,0x6F6F6F6F,
	0x016F6F6F,0x6F6F6F6F,0x6F016F6F,0x6F6F6F01,0x6F6F016F,0x6F6F0101,0x6F6F6F01,0x6F6F016F,

	0x3D4848B8,0x474848B5,0x45464647,0xB7B7B745,0xB6B6B6B6,0x42B5B5B5,0x41424242,0x3F404041,
	0xB3B3B4B4,0xB1B2B23D,0xAFB0B03C,0x3AAEAE3B,0x38ADAD39,0xAA9A3637,0xAAABAB36,0xA7A8A9A9,
	0x313232A6,0xA3A42FA5,0xA12DA22E,0x8119239E,0x6F6F6F01,0x6F6F6F6F,0x6F6F6F6F,0x8301016F,
	0x8720948D,0x06808607,0x95893DAE,0x3DAC9D96,0x757D9738,0xB2361B77,0x3D3D3DB2,0x3D3D3D3D,
	0xB3B33D3D,0x139321AF,0x239B898E,0xB4B3B4B3,0x102FB4B4,0x838A2C7D,0x857E7E82,0x797B7C1D,
	0x01747276,0x016F6F6F,0x78730101,0x78790678,0x07787877,0x7B79777A,0x6F017778,0x6F6F016F,
	0x6F6F6F6F,0x6F6F016F,0x6F6F6F6F,0x6F6F6F6F,0x6F6F6F01,0x01010101,0x6F6F6F01,0x6F6F0101,
	0x6F6F016F,0x6F6F6F6F,0x016F6F6F,0x016F016F,0x6F016F6F,0x6F6F6F6F,0x6F016F6F,0x6F6F6F6F,

	0xB14848B8,0x474748B5,0x45464647,0xB6B7B745,0xB5B6B6B6,0x42B5B5B5,0x41424242,0x3F3F4041,
	0x3DB3B4B4,0xB1B1B23D,0xAFB0B03C,0x3A3AAE3B,0x38ADAD39,0xAA9B3637,0xA9ABABAC,0xA7A8A9A9,
	0x313132A6,0xA3A42F30,0xA12CA22E,0x9C9E9FA0,0x6F7D8920,0x6F016F6F,0x6F6F6F6F,0x6F6F016F,
	0x90850701,0x9E3A3894,0x3F2D3DAD,0xA63B3DB4,0x77780720,0xB2B2AD90,0x3D3D3D3D,0x3D3D3D3D,
	0xB33D3D3D,0x29A2913D,0xA2899B99,0xB4B3B3B3,0x8432B4B4,0x821A9F7F,0x817E8284,0x7C7C091F,
	0x01798373,0x016F6F6F,0x75016F6F,0x7B067707,0x79070777,0x787A7877,0x6F017B79,0x6F6F6F6F,
	0x6F6F6F01,0x6F6F6F6F,0x016F6F6F,0x6F6F6F6F,0x6F6F6F6F,0x6F6F6F01,0x6F6F6F6F,0x6F6F016F,
	0x6F6F6F6F,0x6F6F6F6F,0x0101016F,0x6F016F01,0x6F6F6F01,0x6F6F6F01,0x6F6F6F6F,0x016F6F6F,

	0xAF4848B8,0x474748B5,0x45464646,0xB6B7B745,0xB5B6B6B6,0x42B5B5B5,0x41424242,0x3F3F4041,
	0x3DB3B3B4,0xB1B1B23D,0xAFAFB03C,0x3AAEAE3B,0x3738AD39,0xAA9B3636,0xAAAAABAC,0xA7A8A8A9,
	0x313232A6,0xA3A42F30,0xA12DA22E,0x2A9F9FA0,0x8F98299D,0x6F017487,0x6F6F6F6F,0x6F6F6F6F,
	0x706F6F6F,0x9FADAA7E,0xA496A9A4,0x83209AA0,0x217A7774,0xAB3CB23B,0x9A9B9F2F,0x3D3D3D30,
	0xB33D3D3D,0x831DAFB3,0x3D9E7D10,0xB4B3B3B3,0x10A7B3B3,0x801D2A7E,0x7E7D8281,0x7A7B7D20,
	0x01748674,0x016F6F6F,0x736F6F6F,0x7A067A77,0x07077677,0x74070907,0x6F70797A,0x01016F6F,
	0x6F016F6F,0x6F6F6F01,0x6F6F6F6F,0x6F016F6F,0x6F6F6F6F,0x6F6F6F01,0x6F6F6F6F,0x6F6F6F6F,
	0x6F6F6F6F,0x6F6F6F6F,0x6F6F6F6F,0x6F01016F,0x6F6F0101,0x6F6F6F01,0x6F6F6F6F,0x6F6F6F6F,

	0x3A484848,0x474748B5,0x45454646,0xB6B6B7B7,0xB5B6B6B6,0x42B5B5B5,0x41414242,0x3F3F4040,
	0x3DB3B3B4,0x3CB1B23D,0xAFAFB03C,0x3A3AAE3B,0x3738AD39,0xAA9B3636,0xA9AAABAC,0xA6A7A8A9,
	0xA53132A6,0xA3A42F30,0xA12DA22E,0x2A9F9FA0,0x9C9C299D,0x7F8F949A,0x6F6F6F71,0x6F6F0101,
	0x016F6F6F,0x848B8D70,0x747E8C85,0x75757473,0xB0967A74,0x951E3AB2,0x7F8A1D97,0x32A7A920,
	0xA5A42CA3,0x9E9EA2A3,0xB3A81AA1,0xB3B3B3B3,0x85A9B3B3,0x83909C7E,0x7D7F7F80,0x7A7C7D20,
	0x01728E76,0x016F016F,0x736F6F6F,0x7A7B7977,0x077A7807,0x78090707,0x6F707907,0x01016F6F,
	0x01016F6F,0x6F6F6F01,0x6F6F6F6F,0x6F016F6F,0x6F6F6F6F,0x6F01016F,0x016F6F01,0x6F6F6F01,
	0x6F6F6F6F,0x01016F6F,0x01016F6F,0x6F016F6F,0x6F6F016F,0x6F6F6F6F,0x6F6F6F6F,0x6F6F0101,

	0x38484848,0x464747B5,0x45454646,0xB6B6B7B7,0xB5B6B6B6,0x4242B5B5,0x41414242,0xB43F4040,
	0x3D3DB3B4,0xB1B1B2B2,0x3BAFB03C,0x393AAE3B,0x3738AD39,0xAA9C3636,0xA9AAABAC,0xA6A7A8A9,
	0xA5313232,0xA3A42F30,0xA12CA22E,0x2A9E9FA0,0x9C9C299D,0x90269A9A,0x707E8A91,0x016F0101,
	0x6F6F0101,0x7372726F,0x70707272,0x77060674,0xA22F917B,0x97232F2E,0x2CA02A9A,0xA5A331A3,
	0x2EA4A432,0x9EA1A0A1,0x961A199E,0xB3B3B3AC,0x8536B4B3,0x8320267F,0x097E7F81,0x7A7D7D92,
	0x70739078,0x01016F6F,0x746F6F01,0x7A797775,0x797A7D7A,0x7B077709,0x01700607,0x6F6F6F01,
	0x6F6F6F6F,0x016F6F01,0x6F6F6F6F,0x6F6F016F,0x016F6F01,0x6F6F6F6F,0x016F6F6F,0x6F6F016F,
	0x016F6F6F,0x6F6F6F6F,0x01016F6F,0x6F6F6F6F,0x6F6F6F01,0x6F6F6F6F,0x6F01016F,0x6F6F6F6F,

	0x36484848,0x464747B5,0x45454646,0xB6B6B7B7,0xB5B5B6B6,0x4242B5B5,0x41414242,0xB43F3F40,
	0x3D3DB3B4,0x3CB1B2B2,0x3BAFB0B0,0x393AAE3B,0x3738ADAD,0xAA9C3636,0xA9AAABAC,0xA6A7A8A9,
	0xA5313232,0xA3A42F30,0xA12C2D2E,0x2A9E9FA0,0x9C9C299D,0x20269A9A,0x8F219597,0x01707888,
	0x7D016F6F,0x1D8A8684,0x2D299893,0x31322FA3,0xA5A632A4,0x8F9C9F9F,0x7A781319,0x939C2F90,
	0xB33D3923,0xB3B33D3D,0x23AE9D3D,0xB336991A,0x8338B3B3,0x82219781,0x077F7F81,0x797D7B21,
	0x70798F76,0x6F6F6F01,0x736F6F6F,0x78787A76,0x07797B77,0x07787A7B,0x6F737879,0x6F6F0101,
	0x6F6F6F01,0x016F6F6F,0x6F6F6F6F,0x6F6F6F6F,0x016F6F01,0x6F01016F,0x016F6F6F,0x6F6F016F,
	0x6F6F6F6F,0x6F6F6F01,0x6F6F6F6F,0x6F016F6F,0x6F01016F,0x6F6F6F6F,0x6F6F016F,0x6F6F6F6F,

	0x36484848,0x464647B5,0xB7454546,0xB6B6B6B7,0xB5B5B6B6,0x4242B5B5,0x40414242,0xB43F3F40,
	0x3D3DB3B3,0x3CB1B1B2,0x3BAFAFB0,0x393AAEAE,0x3738ADAD,0xA9293636,0xA9AAABAC,0xA6A7A8A9,
	0xA5313232,0xA3A42F30,0xA12C2D2E,0x2A9E9FA0,0x9C9C299D,0x90269A9A,0xA19F9A97,0x2F2FA4A3,
	0x2E2FA6A6,0x32A4A12D,0x2C21A130,0x36AA31A4,0xB23C3BAD,0x202AB29C,0x77010170,0x3B2DA49D,
	0x3D3DA529,0x2CB13D3D,0x32308F23,0x9B8C1FAE,0x823BB339,0x84232383,0x067F8082,0x7B097A93,
	0x707D1B76,0x6F01016F,0x736F0101,0x79787A07,0x79097A78,0x77777907,0x0172077A,0x6F6F6F6F,
	0x6F016F6F,0x6F016F6F,0x6F6F6F6F,0x6F016F01,0x6F016F6F,0x6F6F016F,0x6F6F6F01,0x6F6F6F6F,
	0x6F6F6F01,0x6F6F6F6F,0x6F6F6F6F,0x016F6F6F,0x016F6F6F,0x6F6F6F6F,0x6F6F6F6F,0x6F6F6F6F,

	0xAB484848,0x464647B5,0xB7454546,0xB6B6B6B7,0xB5B5B5B6,0x4242B5B5,0x40414142,0xB4B43F40,
	0xB23DB3B3,0x323CB1B2,0x3BAFAFAC,0x393A3AAE,0x373838AD,0xA99D3636,0xA9AAABAC,0xA6A7A8A9,
	0xA5313232,0x2EA32F30,0xA12C2DA2,0x2A9E9FA0,0x9B9C299D,0x8F269A9A,0x23989B26,0x198F1E1F,
	0x707D8412,0x3C3C9801,0x3C9CB13C,0xB1B1B1B1,0xB2B2B1B1,0x202CB229,0x6F6F0101,0x3A2C321F,
	0x3AB19E9C,0x878FA736,0x1D881321,0x20369CB3,0x103B9E8A,0x83989383,0x777E7F82,0x7B7A7B93,
	0x707E1A77,0x6F6F6F6F,0x726F6F6F,0x09787978,0x7A077678,0x797A0977,0x6F727979,0x6F6F6F6F,
	0x6F6F6F6F,0x016F6F6F,0x6F6F6F6F,0x6F6F6F6F,0x016F016F,0x016F6F6F,0x6F6F016F,0x6F016F6F,
	0x6F6F6F6F,0x6F6F0101,0x6F6F6F01,0x016F6F6F,0x6F016F6F,0x7F067773,0x8F198A13,0x94932090,

	0xA9484848,0x464647B5,0xB7454545,0xB6B6B6B7,0xB5B5B5B6,0x424242B5,0x40414142,0xB4B43F40,
	0x3D3DB3B3,0x3B3CB1B2,0x9F9D2CA8,0x393A3AAC,0x373838AD,0xA92A3636,0xA9AAAAAB,0xA6A7A8A9,
	0xA5313232,0x2EA42F30,0xA12C2DA2,0x2A9E9FA0,0x9C9C2929,0x1E269A9A,0x21939419,0x91912020,
	0x8B8E191A,0x3C3C2C82,0x3C9AB13C,0xB1B1B1B1,0xAFB03CB1,0x8F29A699,0x016F6F74,0x7D202082,
	0xA32A977E,0x10219332,0x841D7E1A,0xA53D9836,0x848F2036,0x829C2081,0x067E7F80,0x7B7A7B93,
	0x72821A78,0x6F6F016F,0x736F6F6F,0x07790778,0x78777978,0x7A077A7A,0x01737707,0x6F6F6F6F,
	0x6F6F016F,0x6F6F6F6F,0x6F6F016F,0x6F6F016F,0x6F6F016F,0x6F6F0101,0x6F6F6F6F,0x6F6F6F01,
	0x6F6F6F6F,0x6F6F6F6F,0x6F6F6F6F,0x6F6F6F6F,0x6F6F6F6F,0x2123207B,0x198E1D91,0x8686878A,

	0xA9484848,0x454647B5,0xB7B74545,0xB6B6B6B7,0xB5B5B5B6,0x424242B5,0x40414142,0xB4B43F3F,
	0xB23D3DB3,0x3C3CB1B1,0x363BAFB0,0xA39F9F2F,0x363738AD,0xA99F3636,0xA9AAABAB,0xA6A7A8A9,
	0xA5313232,0x2EA32F30,0xA12C2DA2,0x2A9E9F9F,0x9B9C2929,0x8F26999A,0x21948F21,0x911F2021,
	0x1A8F1919,0xA1A82A8A,0x1F8D989A,0x2AA0A229,0x9E2A9E9E,0x8C98AA20,0x6F6F7285,0x1DA62E86,
	0x3D3D3D98,0x8D99233D,0x859C9021,0x9FAF8A20,0x83A6A4B3,0x82911385,0x767E8080,0x797C7C93,
	0x72831977,0x6F6F6F6F,0x72016F6F,0x077C7606,0x0706797A,0x7B777907,0x6F067977,0x01016F6F,
	0x6F6F6F6F,0x6F6F6F6F,0x6F016F6F,0x016F6F01,0x6F6F016F,0x6F01016F,0x6F6F6F6F,0x6F6F6F6F,
	0x6F6F6F6F,0x6F6F6F6F,0x6F6F6F01,0x016F6F6F,0x6F6F6F01,0x299A956F,0x31A42E9F,0xABAAA932,

	0xA9484848,0x454646B5,0xB7B74545,0xB6B6B6B6,0xB5B5B5B5,0x424242B5,0x40404142,0xB4B4B43F,
	0xB23D3DB3,0xB03CB1B1,0x3B3BAFB0,0x37393AAE,0x363738AD,0xA8A13636,0xA9A9AAAB,0x32A7A7A8,
	0x30A53232,0x2EA32F30,0xA12C2DA2,0x2A9E9FA0,0x9B9C2929,0x8F26999A,0x8F8F8792,0x8C8D191A,
	0x87878412,0x932F9712,0x868F9598,0xAA373A3C,0xB1B1AB32,0x1D9EB02C,0x6F6F0913,0x8F36A28D,
	0x3D3D3D9D,0x1A9D943D,0x799D8E20,0x209D9EAA,0x83A29EB1,0x82831010,0x767E8082,0x7C7C7993,
	0x71108C77,0x6F016F6F,0x706F6F6F,0x77790677,0x7A787977,0x79797B77,0x6F747878,0x6F6F6F6F,
	0x6F6F016F,0x6F01016F,0x016F6F6F,0x6F6F6F01,0x6F6F6F01,0x016F6F6F,0x6F6F016F,0x6F6F6F6F,
	0x6F6F6F6F,0x01016F6F,0x6F6F6F6F,0x016F6F01,0x6F6F016F,0x2A9C976F,0x2A9D299D,0x999A9C29,

	0xA9474848,0x46464642,0xB7B74545,0xB6B6B6B6,0xB5B5B5B5,0x42424242,0x40404141,0xB3B43F3F,
	0xB2B23DB3,0xB03CB1B1,0x3B3BAFB0,0xAD393AAE,0x363738AD,0xA72D3636,0xA9A9AAAB,0x32A6A8A8,
	0x30A53132,0x2EA3A42F,0xA12C2DA2,0x9D9E9F9F,0x9B9C2929,0x8F26999A,0x21192194,0x91912021,
	0x1A8E881A,0x36329F8C,0x8A2D383A,0x9E9C99A6,0xB1B1989A,0x209EAEA3,0x01738586,0x8C369D83,
	0xB13D3D29,0x1A9526AF,0x8693836F,0x9CB19F3C,0x8BA292A2,0x82821085,0x797E8384,0x09097993,
	0x7185887A,0x6F6F6F6F,0x706F6F6F,0x77777807,0x7A7A7977,0x76077B77,0x6F747978,0x6F6F6F6F,
	0x6F01016F,0x6F6F6F6F,0x6F6F6F6F,0x016F0101,0x6F016F6F,0x6F6F6F6F,0x016F016F,0x6F016F01,
	0x6F016F6F,0x016F6F6F,0x016F6F6F,0x6F01016F,0x6F6F016F,0x91201F6F,0x84138D1D,0x747A7D7F,

	0xA9474848,0x45464642,0xB7B7B745,0xB6B6B6B6,0xB5B5B5B5,0x42424242,0x3F404141,0xB3B4B43F,
	0xB2B23D3D,0xB03C3CB1,0xAE3BAFAF,0xAD393AAE,0x36373838,0xA6A23636,0xA9A9AAAB,0x32A6A7A8,
	0x30A53132,0x2EA3A42F,0xA02C2DA2,0x9D9E9F9F,0x9B9C2929,0x1D26999A,0x1D8F9495,0x90912020,
	0x198F881B,0x36A49C8A,0x8C30A4A1,0xA732329C,0x3CB09729,0x2097A630,0x85818210,0x9629971A,
	0xA52FA5A0,0xB038ACA9,0x1A132E40,0xA0B19EAD,0x8A9B953D,0x83108585,0x7B7E8082,0x7A7C0994,
	0x7187887A,0x6F6F6F6F,0x70016F6F,0x78760706,0x07070677,0x0707787A,0x01747879,0x6F6F6F6F,
	0x6F016F6F,0x6F6F016F,0x6F6F6F01,0x6F6F6F6F,0x6F016F6F,0x6F6F6F6F,0x6F6F016F,0x6F016F6F,
	0x6F01016F,0x6F6F6F6F,0x6F6F6F6F,0x6F016F6F,0x6F6F0101,0x016F6F6F,0x016F6F6F,0x6F6F6F01,

	0xA9474748,0x45464642,0xB6B7B745,0xB6B6B6B6,0x42B5B5B5,0x42424242,0x3F404041,0xB3B4B43F,
	0xB2B23D3D,0xB03C3CB1,0xAE3BAFAF,0xAD393A3A,0x36373838,0x322E3636,0xA9A9AAAB,0x32A6A7A8,
	0x30A53132,0x2EA3A42F,0xA02C2DA2,0x9D2A9F9F,0x9B9C2929,0x1D26999A,0x8B939394,0x1E1D1E90,
	0x8A19888F,0xA126938A,0x89232021,0x2A292623,0xA72FA22F,0xB1AE3736,0x4746B641,0x48484848,
	0x48484848,0x48484848,0x8D193748,0x32368A13,0x8FAD97B3,0x82108484,0x7E817F82,0x797C7E7D,
	0x7287137A,0x6F6F6F6F,0x70016F01,0x78777706,0x78077707,0x7C777809,0x6F777607,0x6F6F6F6F,
	0x6F01016F,0x6F6F6F6F,0x6F6F6F6F,0x6F6F6F6F,0x6F6F6F6F,0x6F6F016F,0x6F6F6F6F,0x6F6F6F6F,
	0x6F6F6F6F,0x016F0101,0x01016F01,0x016F6F6F,0x6F6F016F,0x6F6F6F01,0x6F6F6F01,0x016F016F,

	0xA8474748,0x45454642,0xB6B7B7B7,0xB5B6B6B6,0x42B5B5B5,0x41424242,0x3F404041,0xB3B3B43F,
	0xB1B23D3D,0xAFB03CB1,0xAE3B3BAF,0xAD39393A,0x36373838,0xA5A33636,0xA9A9AAAB,0x32A6A7A8,
	0x30A53132,0x2EA3A42F,0xA0A12CA2,0x9D2A9F9F,0x9B9C2929,0x1D98269A,0x91911F1D,0x9B269721,
	0xA730A29F,0x3DB03A36,0x4745B641,0x47474747,0x47474747,0x48484747,0x48484848,0x48484848,
	0x48484848,0x48484848,0x1919AA48,0x1F888B8C,0x903C98AA,0x83841085,0x7E808182,0x7A7D7E7D,
	0x738B127B,0x016F016F,0x016F6F6F,0x787B7706,0x07797877,0x79777A78,0x6F067778,0x6F6F6F6F,
	0x6F6F0101,0x6F6F6F6F,0x6F6F6F6F,0x6F6F016F,0x6F01016F,0x6F6F6F6F,0x6F6F6F6F,0x6F6F6F6F,
	0x016F6F6F,0x016F6F6F,0x6F016F6F,0x6F6F6F01,0x6F6F016F,0x6F6F6F01,0x6F6F6F01,0x6F6F016F,

	0xA8474747,0x45454542,0xB6B6B7B7,0xB5B6B6B6,0x42B5B5B5,0x41424242,0x3F3F4041,0xB3B3B43F,
	0xB1B2B23D,0xB0B03CB1,0xAE3B3BAF,0xAD39393A,0x36363738,0x2FA33636,0xA9A9A9AB,0x32A6A7A8,
	0x30A53132,0x2EA3A42F,0xA0A12CA2,0x9D2A9F9F,0x9B9C9C29,0x9098269A,0x4545B63F,0x46454545,
	0x46464645,0x46464646,0x47474747,0x47474747,0x47474747,0x48484848,0x48484848,0x48484848,
	0x46484848,0xB441B5B7,0x198CA3B2,0x888A8D8A,0x1EA68586,0x82841010,0x7F7E8183,0x7A7D7D7F,
	0x72888009,0x016F6F6F,0x01016F01,0x79060777,0x07787907,0x067A0779,0x01060707,0x6F6F6F6F,
	0x6F6F6F6F,0x6F6F016F,0x6F6F6F6F,0x6F6F6F6F,0x6F6F0101,0x01010101,0x6F6F6F01,0x6F6F0101,
	0x6F6F016F,0x6F6F6F6F,0x6F6F6F6F,0x016F016F,0x6F016F6F,0x6F6F6F6F,0x6F016F6F,0x6F6F6F6F,

	0xA8464747,0x45454542,0xB6B6B7B7,0xB5B6B6B6,0x4242B5B5,0x41414242,0x3F3F4041,0xB3B3B4B4,
	0xB1B2B23D,0xAFB03C3C,0xAEAE3BAF,0xADAD393A,0x36363738,0xA3A43636,0xA9A9A9AA,0x32A6A7A8,
	0x30A53132,0xA2A3A42F,0xA0A12C2D,0x9D2A9E9F,0x9B9C9C29,0x1F98269A,0x454545B6,0x45454545,
	0x46464545,0x46464646,0x47474646,0x47474747,0xB6464747,0xADAFB342,0xA732A6AC,0xA93231A6,
	0xA5A33032,0x3A36ACA8,0x128336B3,0x87881988,0x85138687,0x84841085,0x7E7E7F83,0x0909097E,
	0x73767478,0x016F6F6F,0x01016F6F,0x07760777,0x0778787A,0x06070778,0x0175797A,0x6F6F6F6F,
	0x6F6F6F01,0x6F6F6F6F,0x016F6F6F,0x6F6F6F6F,0x6F6F6F6F,0x6F6F6F01,0x016F6F6F,0x6F6F016F,
	0x6F6F6F6F,0x6F016F6F,0x0101016F,0x6F010101,0x6F6F6F01,0x6F6F6F6F,0x6F6F6F6F,0x016F6F6F,

	0xA9464747,0x45454542,0xB6B6B7B7,0xB5B5B6B6,0x4242B5B5,0x41414242,0x3F3F4040,0x3DB3B4B4,
	0xB1B2B23D,0xAFB03C3C,0x3AAE3B3B,0xADAD393A,0x36363737,0xA2A43636,0xA9A9A9AA,0x32A6A7A7,
	0x30A53132,0xA22EA42F,0xA0A12C2D,0x9D2A9E9F,0x9B9C9C29,0x9198269A,0x454545B6,0xB7B74545,
	0xB342B5B6,0xA93639AF,0xA8A9A8A7,0xABABA9A7,0x36ABA8A9,0x3FB1AE39,0x4645B6B5,0x48484847,
	0x48484848,0x48484848,0x8D893B48,0x87121286,0x12138613,0x83848585,0x7E7F8081,0x097C7B7E,
	0x73787A07,0x016F6F6F,0x016F6F01,0x78780676,0x797A0678,0x7A077A79,0x017B7878,0x016F6F6F,
	0x6F016F01,0x6F6F6F01,0x6F6F6F6F,0x6F016F6F,0x6F6F6F6F,0x6F6F6F01,0x6F6F6F6F,0x6F6F6F6F,
	0x6F6F6F6F,0x6F6F6F6F,0x6F6F6F6F,0x6F01016F,0x6F6F0101,0x016F6F01,0x6F6F6F6F,0x6F6F6F6F,

	0xA9464747,0xB7454542,0xB6B6B6B7,0xB5B5B6B6,0x4242B5B5,0x41414242,0x3F3F4040,0x3DB3B3B4,
	0xB1B1B2B2,0xAFB0B03C,0xAEAE3B3B,0x2EAD393A,0x36AC2C95,0x2DA43636,0xA8A9A9AA,0x3232A6A7,
	0x30A53132,0xA22EA32F,0xA0A12C2D,0x9D2A9E9F,0x9A9C9C29,0x1F98269A,0x36363838,0x363636AC,
	0xB13B3736,0x45B6B540,0x46464646,0x47474746,0x47474747,0x47474747,0x48484847,0x47484848,
	0xB7B64546,0x48484848,0x1988AF48,0x83881919,0x13138583,0x84108510,0x7D7F7F7F,0x077D7E7D,
	0x73757779,0x016F016F,0x016F6F6F,0x77070673,0x7A077906,0x79797B79,0x01797A79,0x01016F6F,
	0x01016F6F,0x6F6F6F01,0x6F6F6F6F,0x6F016F6F,0x6F6F6F6F,0x6F01016F,0x016F6F01,0x6F6F6F01,
	0x6F6F6F6F,0x01016F01,0x01016F01,0x01016F6F,0x016F016F,0x6F6F6F6F,0x6F6F6F01,0x6F6F0101,

	0xA9464647,0xB7B74542,0xB6B6B6B7,0xB5B5B5B6,0x424242B5,0x41414242,0xB43F3F40,0x3DB3B3B4,
	0xB1B1B2B2,0xAFB0B03C,0x3AAE3B3B,0x32AD393A,0x299CA9A0,0xA1A4ACA9,0x31A9A9AA,0x2A9B9C29,
	0x30A5A5A4,0xA22EA3A4,0xA0A12C2D,0x9D2A9E9F,0x9A9C9C29,0x1F982699,0x4545B742,0x45454545,
	0x45454545,0x46464646,0x46464646,0x47474746,0x3A3C4247,0xB3ACAB36,0x48484747,0x1A1D2648,
	0x1D128C8D,0x48484848,0x1A883D48,0x8A8B8C8D,0x847F8486,0x83848484,0x7E808082,0x07097C7D,
	0x75767A09,0x016F6F6F,0x6F6F6F6F,0x77077777,0x78077806,0x7A79077A,0x01777978,0x6F6F6F6F,
	0x6F6F016F,0x016F6F6F,0x6F6F6F6F,0x6F6F016F,0x016F6F01,0x6F6F6F6F,0x016F6F01,0x6F6F6F6F,
	0x016F6F6F,0x6F6F6F6F,0x01016F6F,0x6F6F6F6F,0x6F6F6F01,0x6F6F6F6F,0x6F016F6F,0x6F6F6F6F,

	0xAA464647,0xB7B745B5,0xB6B6B6B7,0xB5B5B5B6,0x424242B5,0x40414142,0xB43F3F40,0x3DB3B3B4,
	0xB1B1B2B2,0xAFAFB03C,0x3AAEAE3B,0x36383939,0xA93636A4,0xA0A39F9E,0xA8A9A9AA,0xA032A6A7,
	0x2F2D9326,0xA22EA3A4,0xA0A12C2D,0x9D2A9E9F,0x9A9C9C29,0x91982699,0x45B7B73F,0x45454545,
	0x45454545,0x9826B346,0x208F2195,0x47464746,0x8A198A47,0x2C948F8A,0x47474747,0x9A929248,
	0x97952398,0x48484847,0x19884148,0x88888A8D,0x85138787,0x8282807C,0x7E7F8283,0x7C7C7D7D,
	0x7607077B,0x6F6F6F01,0x6F6F6F6F,0x7A757777,0x79790678,0x777C7875,0x70767A7B,0x6F6F0101,
	0x6F016F01,0x016F6F6F,0x6F6F016F,0x6F6F6F6F,0x016F6F6F,0x6F01016F,0x016F016F,0x6F6F016F,
	0x6F6F6F6F,0x6F6F6F01,0x6F6F6F6F,0x6F016F6F,0x6F016F01,0x6F6F6F6F,0x6F6F016F,0x6F6F016F,

	0xAB464646,0xB7B7B7B5,0xB6B6B6B7,0xB5B5B5B5,0x424242B5,0x40414142,0xB43F3F40,0x3D3DB3B3,
	0x3CB1B1B2,0xAFAFB03C,0x3AAEAE3B,0x36373939,0xAC36362D,0xA02D2FAB,0xA8A9A9AA,0x3232A6A7,
	0x2F9F9A31,0xA22EA3A4,0x9FA02C2D,0x292A9E9F,0x9A9B9C29,0x9198269A,0xB7B7B7B2,0x45454545,
	0x45454545,0x1D85AE45,0x90929593,0x464646B6,0x26291F47,0x9D269897,0x47474747,0x92949A48,
	0x1E262394,0x48484845,0x198A4248,0x88881919,0x13138787,0x097D1085,0x7E7D817E,0x7B7B7D7E,
	0x78077A79,0x01010101,0x6F6F016F,0x7B767975,0x07077677,0x76780977,0x70767B79,0x6F6F6F6F,
	0x6F6F6F6F,0x6F016F6F,0x6F6F6F6F,0x6F016F01,0x6F016F6F,0x6F010101,0x6F6F6F6F,0x6F6F6F6F,
	0x6F6F6F6F,0x6F6F6F6F,0x6F6F6F6F,0x6F6F6F6F,0x6F6F6F6F,0x6F6F6F6F,0x6F6F6F6F,0x6F6F6F6F,

	0xAC464646,0xB7B7B7B5,0xB6B6B6B6,0xB5B5B5B5,0x424242B5,0x40414142,0xB4B43F40,0x3D3DB3B3,
	0x3CB1B1B2,0xAFAFB03C,0x3AAEAE3B,0xAD36AD39,0xAC36369F,0x9FA19FAB,0xA8A9A9AA,0x3232A6A7,
	0x2F9F9B31,0xA22EA3A4,0x9FA12C2D,0x292A9E9F,0x9A9B9C29,0x9197269A,0xB7B7B7B0,0x454545B7,
	0x45454545,0x9310B445,0x91218E23,0x464646B5,0x8F219B46,0x2D9C9720,0x47474747,0xAC31AE48,
	0x3CAFAEAD,0x48484847,0x1988B648,0x888B1919,0x85128687,0x83838582,0x7D7D7680,0x097D7D7E,
	0x77067879,0x6F6F6F01,0x016F6F6F,0x077B0774,0x77077977,0x797A7879,0x70790778,0x6F6F6F6F,
	0x6F6F016F,0x016F6F6F,0x6F6F6F6F,0x6F6F6F6F,0x6F6F016F,0x016F6F6F,0x6F6F6F6F,0x6F016F6F,
	0x6F6F6F6F,0x6F6F0101,0x016F6F6F,0x016F6F6F,0x6F016F6F,0x0101016F,0x6F6F6F6F,0x016F0101,

	0x36454646,0xB6B7B7B5,0xB6B6B6B6,0xB5B5B5B5,0x42424242,0x40404141,0xB4B43F3F,0xB23DB3B3,
	0x3C3CB1B2,0x3BAFB0B0,0x3A3AAE3B,0x3CA9AD39,0xAC36369E,0x9F979CAB,0xA8A9A9A9,0x3232A6A7,
	0x2F9F9C31,0xA22EA3A4,0x9FA02C2C,0x299D9E9F,0x9A9B9C29,0x20972699,0xB7B7B7AE,0x454545B7,
	0x45454545,0xA7A7B745,0xADABA8A7,0x46464645,0x46464646,0x47474747,0x47474747,0x47474747,
	0x48484848,0x48484848,0x19134548,0x8B8B8C8D,0x81138688,0x83831078,0x797E7F82,0x797D7D76,
	0x75747A7A,0x6F6F0101,0x6F6F6F6F,0x79797873,0x797B7C79,0x7A79777C,0x70787777,0x6F6F6F6F,
	0x6F016F6F,0x6F6F6F6F,0x6F6F016F,0x016F0101,0x6F6F016F,0x6F6F016F,0x6F6F016F,0x6F6F6F01,
	0x6F6F6F6F,0x6F6F016F,0x6F6F6F6F,0x6F6F6F6F,0x6F6F6F6F,0x6F016F6F,0x6F6F6F6F,0x6F016F01,

	0x36454646,0xB6B7B7B6,0xB6B6B6B6,0xB5B5B5B5,0x42424242,0x40404141,0xB4B4B43F,0xB23D3DB3,
	0x3C3CB1B2,0x3BAFAFB0,0x393AAE3B,0xB232AD39,0xAC36362E,0x9F7F26AB,0xA7A8A9A9,0x3232A6A7,
	0x2F9E2931,0xA22EA3A4,0x9FA0A12C,0x299D9E9F,0x9A9B9C29,0x20972699,0xB7B7B7AE,0x45B745B7,
	0x45454545,0x45454545,0x46464645,0x46464646,0x47464646,0x47474747,0xB6454747,0xB33F42B5,
	0x36383BB1,0xA7AB3636,0x8A822D2F,0x8C8D1919,0x81878687,0x71128875,0x7E7F807E,0x75737B7D,
	0x76787B78,0x6F6F6F01,0x6F016F01,0x78067973,0x78077B07,0x78077B7A,0x7277787B,0x016F6F6F,
	0x6F6F6F6F,0x6F6F6F6F,0x6F6F6F6F,0x016F6F01,0x6F01016F,0x6F01016F,0x6F6F6F6F,0x6F6F6F6F,
	0x6F6F6F6F,0x6F6F6F6F,0x6F6F6F6F,0x016F6F6F,0x6F6F6F6F,0x6F6F6F01,0x6F6F6F01,0x6F01016F,

	0x37454546,0xB6B7B7B6,0xB5B6B6B6,0x42B5B5B5,0x42424242,0x3F404141,0xB3B4B43F,0xB23D3DB3,
	0x3C3CB1B1,0x3BAFAFB0,0x393AAEAE,0xAF30AD39,0xACAC36A5,0x9F7B95AB,0xA7A8A9A9,0x323232A7,
	0x2F9E9E31,0x2DA2A3A4,0x9FA0A12C,0x299D2A9F,0x9A9B9C29,0x20972699,0xB7B7B73A,0x45B7B7B7,
	0x45454545,0x3F42B6B7,0x36AD3BB1,0xA9A9A7A9,0x3232A9A6,0xA6A7A8A9,0x36ACA832,0x3DAF3937,
	0xB6B5423F,0x484645B7,0x8B854548,0x88128585,0x85138787,0x74108509,0x76797F82,0x777A7D7D,
	0x74757373,0x6F010101,0x6F6F6F6F,0x7A777974,0x7A7C7A07,0x76787978,0x7277787A,0x6F6F6F6F,
	0x6F6F016F,0x6F01016F,0x6F6F6F6F,0x6F6F6F6F,0x6F6F6F01,0x01016F6F,0x6F6F6F6F,0x6F6F6F6F,
	0x6F6F6F6F,0x01016F6F,0x6F6F6F6F,0x016F6F01,0x6F6F016F,0x6F010101,0x6F6F6F01,0x6F6F6F01,

	0x38454546,0xB6B6B7B6,0xB5B6B6B6,0x42B5B5B5,0x42424242,0x3F404141,0xB3B4B43F,0xB23D3DB3,
	0x3C3CB1B1,0x3B3BAFB0,0x393AAEAE,0x3BA3AD39,0xABAC36A6,0x9F7921AB,0xA7A8A9A9,0x313232A6,
	0xA49F9EA5,0x2DA22EA3,0x9FA0A12C,0x299D2A9F,0x9A9B9C29,0x20972699,0x383736A1,0x36363838,
	0xAC363636,0xAEAD3736,0x42403DB0,0x45B7B6B6,0x46464645,0x47474646,0x47474747,0x47474747,
	0x48474747,0x48484847,0x191B4648,0x84138D19,0x86121282,0x7D841012,0x84787F8A,0x8D86097D,
	0x1A1A1B8E,0x01881E8F,0x6F6F6F6F,0x09787873,0x79070678,0x09077A79,0x73070779,0x6F6F6F6F,
	0x6F01016F,0x6F6F016F,0x6F6F6F6F,0x016F0101,0x6F6F6F6F,0x6F6F6F6F,0x016F6F6F,0x6F6F6F01,
	0x6F016F6F,0x6F6F6F6F,0x016F6F6F,0x6F6F016F,0x6F6F016F,0x6F016F6F,0x6F6F6F01,0x01016F6F,

	0x37454545,0xB6B6B7B6,0xB5B5B6B6,0x42B5B5B5,0x41424242,0x3F404041,0xB3B4B43F,0xB2B23D3D,
	0xB03CB1B1,0x3B3BAFB0,0x393A3AAE,0x3C2D38AD,0xABAC36A9,0x9F0720AA,0xA7A8A9A9,0x313232A6,
	0xA49F2CA5,0x2DA22EA3,0x9FA0A12C,0x299D2A9F,0x9A9B9C9C,0x20972699,0xB7B7B636,0xB7B7B7B7,
	0x454545B7,0x45454545,0x45454645,0x46464645,0x46464646,0x47464646,0x47474747,0x47474747,
	0x47474747,0x48474747,0x19204748,0x888A1919,0x807D1287,0x80838482,0x85067E7F,0x91137D09,
	0x95239320,0x6F202698,0x6F016F01,0x787A7973,0x07777B78,0x7B077A79,0x72797877,0x6F6F6F6F,
	0x6F016F6F,0x6F6F016F,0x6F6F6F01,0x6F6F6F6F,0x6F010101,0x6F6F6F6F,0x6F010101,0x6F016F6F,
	0x6F01016F,0x6F6F6F6F,0x6F6F6F6F,0x6F016F6F,0x6F6F0101,0x016F6F6F,0x016F6F6F,0x6F6F6F01,

	0x37454545,0xB6B6B7B6,0xB5B5B6B6,0x42B5B5B5,0x41414242,0x3F404040,0xB3B4B43F,0xB2B23D3D,
	0xB03C3CB1,0xAE3BAFAF,0x393A3AAE,0x3DA0ADAD,0xABAC36AA,0x9F7890AA,0xA7A8A9A9,0x313232A6,
	0xA4A02EA5,0x2DA22EA3,0x9FA0A12C,0x299D2A9E,0x9A9B9C9C,0x92982699,0xB7B7B639,0xB7B7B7B7,
	0x454545B7,0x45454545,0x45454545,0x46464546,0x46464646,0x47464646,0xB5B6B746,0xB44042B5,
	0x37AE3C3D,0x30A7A9AC,0x8A889C9F,0x8B8B8B8B,0x85138687,0x7E7D8083,0x097E8281,0x961A7E7D,
	0x20932397,0x70868F1E,0x01016F01,0x777A7672,0x0776797A,0x79787A07,0x74077A78,0x6F016F6F,
	0x6F01016F,0x6F6F6F6F,0x6F6F6F01,0x6F6F6F6F,0x6F6F6F6F,0x6F6F016F,0x6F6F6F6F,0x6F6F6F6F,
	0x6F6F6F01,0x6F6F016F,0x01016F01,0x016F6F6F,0x6F6F016F,0x6F6F6F01,0x6F6F6F01,0x016F016F,

	0x37B74545,0xB6B6B6B7,0xB5B5B5B6,0x4242B5B5,0x41414242,0x3F3F4041,0xB3B3B4B4,0xB1B23D3D,
	0xB03C3CB1,0xAE3BAFAF,0x39393AAE,0x129E38AD,0xABAC3223,0x9F891BAA,0xA7A8A9A9,0x313232A6,
	0xA4A0A4A5,0x2DA22EA3,0x9FA0A12C,0x299D2A9E,0x9A9B9C9C,0x92972699,0xB7B7B73A,0xB6B7B7B7,
	0x3F4242B6,0x3BB0B13D,0xA7AA3639,0x9FA22F32,0x95979929,0x8A8F9193,0x81101388,0x6F6F0109,
	0x016F6F6F,0x01010170,0x6F6F6F01,0x89857F74,0x85871386,0x7F101084,0x7E7D7B7C,0x837F7C7D,
	0x777E8284,0x016F6F6F,0x6F6F6F6F,0x07077672,0x09787978,0x787A7A77,0x7606787A,0x6F6F6F6F,
	0x6F6F0101,0x6F6F6F6F,0x6F6F6F6F,0x6F6F016F,0x016F016F,0x6F6F6F6F,0x6F6F6F6F,0x6F6F6F6F,
	0x016F6F6F,0x016F6F6F,0x6F016F6F,0x6F6F6F01,0x6F6F016F,0x6F6F6F01,0x6F6F6F6F,0x6F6F016F,

	0x36B74545,0xB6B6B6B6,0xB5B5B6B6,0x4242B5B5,0x41414242,0x3F3F4040,0xB3B3B4B4,0xB1B2B23D,
	0xB0B03CB1,0xAE3BAFAF,0xAD393AAE,0x70A038AD,0x9E1D7901,0x9F1E86A9,0xA7A8A8A9,0x313232A6,
	0xA42DA4A5,0x2DA22EA3,0x9F9FA12C,0x29292A9E,0x9A9B9C9C,0x21972699,0x2093941F,0x8413191E,
	0x797E7F82,0x01017072,0x01016F6F,0x71720101,0x01737371,0x6F6F0101,0x6F6F016F,0x6F6F6F6F,
	0x6F6F6F6F,0x016F6F6F,0x6F6F6F6F,0x71016F6F,0x1310837A,0x82838410,0x7B7D8384,0x6F77077A,
	0x75777873,0x6F6F6F71,0x6F016F01,0x77777572,0x7A7B0776,0x77787B06,0x76070777,0x6F6F6F6F,
	0x6F6F6F6F,0x6F6F6F6F,0x6F6F6F6F,0x6F6F6F6F,0x6F6F016F,0x016F0101,0x6F6F016F,0x6F6F016F,
	0x6F6F6F6F,0x6F6F6F6F,0x6F6F6F6F,0x016F016F,0x6F016F6F,0x6F01016F,0x6F6F6F6F,0x6F6F016F,

	0x36B7B745,0xB6B6B6B6,0xB5B5B5B6,0x4242B5B5,0x41414242,0xB43F4040,0x3DB3B3B4,0xB1B2B23D,
	0xB0B03CB1,0xAE3B3BAF,0xAD393A3A,0x712C38AD,0x71737371,0x9F1D7E89,0xA6A8A8A9,0x313232A6,
	0xA42F30A5,0x2DA22EA3,0x9F9FA0A1,0x299D2A9E,0x9A9B9C9C,0x93972699,0x6F6F0113,0x6F6F6F01,
	0x6F6F6F6F,0x016F6F6F,0x016F0101,0x01010101,0x016F7773,0x6F6F6F6F,0x01016F6F,0x01016F6F,
	0x6F6F6F6F,0x016F0101,0x01016F01,0x70010101,0x7E710101,0x83841010,0x7F7E8282,0x01077B7E,
	0x757A7801,0x016F6F70,0x016F6F6F,0x06780771,0x78787906,0x0707787B,0x747A7806,0x6F6F6F6F,
	0x6F016F01,0x6F6F6F6F,0x6F6F6F6F,0x6F6F6F01,0x6F6F6F6F,0x6F6F6F6F,0x016F6F6F,0x6F6F6F01,
	0x016F6F6F,0x6F6F6F6F,0x016F016F,0x6F010101,0x6F6F6F01,0x6F6F6F6F,0x6F6F6F6F,0x6F6F6F6F,

	0xAAB7B745,0xB6B6B6B6,0xB5B5B5B6,0x424242B5,0x40414142,0xB43F3F40,0x3DB3B3B4,0xB1B1B23D,
	0xB0B03CB1,0xAE3B3BAF,0xAD39393A,0x712D38AD,0x73747371,0x9F1D6F70,0xA6A7A8A9,0x31323232,
	0xA42F30A5,0x2C2D2EA3,0x9F9FA0A1,0x29292A9E,0x9A9A9C9C,0x93982699,0x0101128F,0x71717001,
	0x73717071,0x73710172,0x74737274,0x74737272,0x71017577,0x71717170,0x72727070,0x72737172,
	0x72747573,0x74747473,0x77757976,0x06767978,0x10770606,0x83841083,0x7F7E7F7F,0x747D7D7E,
	0x7574726F,0x016F6F01,0x6F6F6F6F,0x07787671,0x07797B07,0x79770678,0x74790779,0x016F6F6F,
	0x6F6F6F01,0x6F6F6F01,0x6F6F6F6F,0x6F016F6F,0x6F6F6F6F,0x6F6F6F01,0x6F6F6F6F,0x6F6F016F,
	0x6F6F6F6F,0x6F6F6F6F,0x6F6F6F6F,0x6F01016F,0x6F010101,0x016F6F01,0x6F6F6F6F,0x6F6F6F6F,

	0xA6B7B745,0xB6B6B6B6,0xB5B5B5B5,0x42424242,0x40414142,0xB43F3F40,0x3DB3B3B4,0xB1B1B23D,
	0xAFB0B03C,0xAEAE3BAF,0xADAD393A,0x722E3838,0x77067373,0x9F1D7071,0xA6A7A8A9,0xA5313232,
	0xA42F30A5,0x2C2DA2A3,0x9F9FA0A1,0x29299D9E,0x9A9A9B9C,0x94982699,0x7171201D,0x01017070,
	0x6F010101,0x7270016F,0x72727272,0x73747273,0x7A018E8E,0x74737476,0x74067675,0x06777677,
	0x07777806,0x07067806,0x76767777,0x77760677,0x90780776,0x8484107F,0x7F82807F,0x067B7E7D,
	0x76067101,0x016F0171,0x6F6F6F6F,0x07787870,0x09787879,0x06077807,0x07780707,0x01016F6F,
	0x016F6F6F,0x6F6F6F01,0x6F6F6F6F,0x6F016F6F,0x6F6F6F6F,0x6F6F016F,0x6F6F6F6F,0x6F6F6F01,
	0x6F6F6F6F,0x01016F01,0x6F016F01,0x01016F6F,0x016F6F6F,0x6F6F6F6F,0x6F6F6F01,0x016F016F,

	0xA4B7B7B7,0xB6B6B6B6,0xB5B5B5B5,0x42424242,0x40414142,0xB43F3F40,0x3DB3B3B4,0xB1B1B2B2,
	0xAFB0B03C,0xAEAE3BAF,0xAD39393A,0x72A33738,0x75757473,0x9E99938D,0xA6A7A8A9,0xA5313232,
	0xA4A42F30,0x2C2DA22E,0x9F9FA0A1,0x29299D2A,0x9A9A9B9C,0x23982699,0x6F8B948F,0x0101016F,
	0x6F6F016F,0x7475016F,0x06067673,0x76757476,0x0601898A,0x06067606,0x06067876,0x77777607,
	0x78790777,0x07787876,0x77070606,0x78797906,0x9A077876,0x81841081,0x7D7F8181,0x797D7D7D,
	0x76750172,0x016F6F72,0x6F6F6F6F,0x06777701,0x07070707,0x787A7A78,0x7A797709,0x6F6F6F6F,
	0x6F6F016F,0x01016F6F,0x6F6F6F6F,0x6F01016F,0x016F6F01,0x6F6F6F6F,0x016F6F01,0x6F6F6F6F,
	0x016F6F6F,0x6F016F6F,0x6F016F6F,0x6F6F6F6F,0x6F6F6F01,0x6F6F016F,0x6F6F6F6F,0x6F6F6F6F,

	0xA2B6B7B7,0xB5B6B6B6,0xB5B5B5B5,0x42424242,0x40404141,0xB4B43F3F,0x3D3DB3B3,0x3CB1B2B2,
	0xAFB0B03C,0x3AAE3B3B,0xADAD393A,0x71A33738,0x13750674,0x9E2EAAA3,0xA6A7A8A9,0xA5313232,
	0xA3A42F30,0x2C2DA22E,0x9F9FA0A1,0x29299D2A,0x9A9A9B9C,0x23982626,0x7F92948F,0x6F6F6F6F,
	0x6F6F0101,0x0674016F,0x06770674,0x78770676,0x79767676,0x06777678,0x06777775,0x76070677,
	0x78060678,0x78777577,0x78077678,0x79787777,0x31797877,0x83848582,0x7E7F7F82,0x09097D7E,
	0x74726F75,0x6F016F72,0x6F6F6F6F,0x067A7501,0x78070778,0x78787B7B,0x787A7A79,0x6F6F6F01,
	0x6F016F01,0x016F6F6F,0x6F6F016F,0x6F6F6F6F,0x016F6F6F,0x6F6F016F,0x016F6F6F,0x6F6F016F,
	0x6F6F6F6F,0x016F6F01,0x6F6F6F6F,0x6F016F6F,0x6F016F01,0x6F6F6F6F,0x6F01016F,0x6F6F016F,

	0x2CB6B7B7,0xB5B6B6B6,0xB5B5B5B5,0x42424242,0x40404141,0xB4B43F3F,0x3D3DB3B3,0x3CB1B1B2,
	0xAFB0B03C,0x3AAE3B3B,0xADAD393A,0x71A33738,0x2D737473,0x2AA4AA37,0xA6A7A8A8,0xA5313232,
	0xA3A42F30,0x2C2DA22E,0x9E9FA0A1,0x29299D2A,0x9A9A9B9C,0x95982626,0x1B94238F,0x016F6F01,
	0x6F016F01,0x7475016F,0x74777674,0x75067506,0x77760677,0x76770606,0x78770778,0x77077807,
	0x7A777779,0x78770679,0x77070778,0x7907787B,0x367E787A,0x83838485,0x7F807F82,0x7D7D7C7E,
	0x7401707A,0x01010173,0x6F6F016F,0x77790601,0x7906787A,0x79070678,0x06790776,0x6F016F01,
	0x6F6F6F6F,0x6F6F6F6F,0x6F6F6F6F,0x6F016F01,0x6F016F6F,0x01010101,0x6F6F6F6F,0x6F6F6F6F,
	0x6F6F6F6F,0x6F6F6F6F,0x6F6F6F6F,0x6F6F6F6F,0x6F6F6F6F,0x6F6F6F6F,0x6F6F016F,0x6F6F6F6F,

	0x26A7A5A6,0xB5B5B6B6,0x42B5B5B5,0x42424242,0x40404141,0xB4B43F3F,0x3D3D3DB3,0x3CB1B1B2,
	0x3BAFB0B0,0x3AAE3B3B,0x38AD3939,0x71A43738,0x477E7372,0x2A2FAAAA,0xA6A7A7A8,0xA5313232,
	0xA3A42F30,0x2C2DA22E,0x9E9FA0A1,0x29299D2A,0x999A9B9C,0x95982626,0x2194238F,0x6F6F6F13,
	0x6F6F016F,0x7673016F,0x06757476,0x74067506,0x77797778,0x06067876,0x78067706,0x06787978,
	0x7877777A,0x77790778,0x06780607,0x7A777707,0xAE877707,0x7D268F86,0x7E80837E,0x797D7D7E,
	0x726F737C,0x6F6F0172,0x016F6F6F,0x77077801,0x7907787A,0x797B0707,0x79797878,0x6F6F6F01,
	0x6F6F016F,0x6F6F6F6F,0x6F016F6F,0x6F6F6F6F,0x6F6F016F,0x6F6F6F6F,0x6F6F6F6F,0x6F6F6F6F,
	0x6F6F6F01,0x6F6F6F01,0x016F6F6F,0x016F6F6F,0x01016F6F,0x0101016F,0x6F6F6F6F,0x6F6F016F,

	0x9EB5B6B7,0xB5B5B6B6,0x42B5B5B5,0x42424242,0x40404041,0xB3B43F3F,0xB23D3DB3,0x3CB1B1B2,
	0xAFAFB0B0,0x3AAEAE3B,0x38AD3939,0x70A43737,0x54987871,0x9D2FAAA8,0xA6A6A7A8,0xA5313232,
	0xA3A42F30,0x2C2DA22E,0x9E9FA0A0,0x9C299D2A,0x999A9B9C,0x95982626,0x2194238E,0x016F791F,
	0x016F6F6F,0x7776016F,0x77077675,0x76777606,0x77060778,0x78740706,0x7675787A,0x7806077A,
	0x7A777A07,0x77787878,0x78770678,0x78770778,0x3C200707,0x72A19E89,0x7E079E8C,0x79097D7D,
	0x0101787A,0x6F6F0172,0x6F6F6F6F,0x7A777801,0x78097878,0x77077978,0x0779797A,0x6F6F6F01,
	0x6F016F6F,0x6F6F6F6F,0x6F6F016F,0x016F6F01,0x6F6F016F,0x6F6F016F,0x6F6F016F,0x6F016F6F,
	0x6F6F6F6F,0x6F6F016F,0x6F6F6F6F,0x6F6F6F6F,0x6F6F6F6F,0x01016F6F,0x6F6F6F6F,0x6F016F01,

	0x2CB6B6B6,0xB5B5B6B6,0x4242B5B5,0x41424242,0x3F404041,0xB3B4B43F,0xB23D3DB3,0x3C3CB1B2,
	0x3BAFB0B0,0x3AAEAE3B,0x38AD3939,0x95A73737,0x3B322320,0x29A5A930,0x32A6A7A8,0xA5A53232,
	0xA3A42F30,0x2C2DA22E,0x9E9F9FA0,0x9C299D2A,0x999A9B9C,0x96982626,0x2123238E,0x6F6F8820,
	0x6F016F01,0x7573016F,0x06777473,0x78777775,0x77067676,0x79790707,0x07787977,0x077A7877,
	0x7A777879,0x77787877,0x77780607,0x78790606,0xB1260677,0x069AA08D,0x7D01A193,0x7B7D7D7E,
	0x6F707C07,0x6F6F6F70,0x6F6F6F01,0x797A736F,0x07797A76,0x777B7979,0x07070778,0x016F6F01,
	0x6F6F6F6F,0x6F6F6F01,0x6F6F6F6F,0x6F6F0101,0x6F01016F,0x6F01016F,0x6F6F6F6F,0x6F6F6F6F,
	0x6F6F6F6F,0x6F6F6F6F,0x6F6F6F6F,0x6F6F6F6F,0x6F6F6F6F,0x6F6F6F6F,0x6F6F6F01,0x6F01016F,

	0x2CB6B6B6,0xB5B5B5B6,0x4242B5B5,0x41424242,0x3F404041,0xB3B4B43F,0xB2B23DB3,0x3C3CB1B1,
	0x3BAFAFB0,0x3A3AAEAE,0x3838AD39,0x36363637,0xA59C9C2D,0x2931AAA9,0x32A6A7A8,0xA5A53132,
	0x2EA32F2F,0xA12CA22E,0x9E9F9FA0,0x9C9A9D2A,0x999A9B9C,0x96989826,0x9394238E,0x6F812021,
	0x6F6F016F,0x7776016F,0x75767675,0x06780707,0x06067706,0x77787707,0x79787706,0x7B097A7A,
	0x07077878,0x79777607,0x78797878,0x077A0779,0xB1A47878,0x12952C1A,0x7D7C9B26,0x7C7D7E7D,
	0x017D9376,0x6F6F6F70,0x6F016F6F,0x7877766F,0x7A077909,0x777B7707,0x06787978,0x6F016F71,
	0x6F6F016F,0x6F6F016F,0x6F016F6F,0x6F6F6F6F,0x6F6F6F01,0x01016F6F,0x6F6F6F6F,0x6F6F6F6F,
	0x6F6F6F6F,0x016F6F6F,0x6F6F6F6F,0x016F6F01,0x6F6F6F6F,0x016F6F01,0x6F6F6F01,0x6F6F0101,

	0x2DB6B6B6,0xB5B5B5B6,0x4242B5B5,0x41414242,0x3F3F4040,0xB3B3B43F,0xB2B23DB3,0x3C3CB1B1,
	0x3BAFAFB0,0x393AAEAE,0x3838AD39,0x36363637,0x9E21952C,0x9CA7A9AA,0x32A6A7A7,0x30A53132,
	0x2EA32F2F,0xA12C2DA2,0x9E9F9FA0,0x9C23292A,0x999A9A9C,0x96989826,0x2194231B,0x718E9120,
	0x6F6F6F6F,0x7575016F,0x75747576,0x76070676,0x76760675,0x07070676,0x7A780677,0x7A7B0707,
	0x79077777,0x7777787A,0x78787778,0x07070779,0xB1367A79,0x19939F8F,0x07842626,0x097D7D7E,
	0x83709909,0x6F6F6F7D,0x6F6F6F6F,0x0707786F,0x7A79797C,0x7B077779,0x78797877,0x6F6F6F70,
	0x6F01016F,0x6F016F6F,0x6F6F6F6F,0x016F0101,0x6F6F6F01,0x6F6F6F6F,0x6F6F6F6F,0x6F6F6F01,
	0x6F6F6F6F,0x6F6F6F6F,0x016F6F6F,0x016F0101,0x6F6F016F,0x6F016F6F,0x6F6F0101,0x01016F6F,

	0x2CB6B6B6,0xB5B5B5B6,0x424242B5,0x41414242,0x3F3F4040,0xB3B3B4B4,0xB2B23D3D,0x3C3C3CB1,
	0x3BAFAFB0,0x393AAEAE,0x3838AD39,0x36363637,0xABABAC36,0x9AA6A9AA,0x32A6A7A7,0x30A53132,
	0x2EA3A42F,0xA12C2DA2,0x9E9F9FA0,0x9C20292A,0x999A9A9C,0x96989826,0x9323951A,0x85202021,
	0x016F6F6F,0x7673016F,0x75747606,0x78060676,0x78077676,0x79770676,0x07067706,0x07790779,
	0x0978077A,0x0777797A,0x78760707,0x7C777878,0xB13B1278,0x23959A1F,0x76889921,0x7D7D7D7D,
	0x9172997C,0x6F6F6F8C,0x6F016F01,0x0707066F,0x77797B7B,0x7B787B78,0x79777607,0x6F6F6F71,
	0x6F016F6F,0x6F6F016F,0x6F6F6F01,0x6F6F6F6F,0x6F016F01,0x6F6F6F6F,0x6F010101,0x6F016F6F,
	0x6F01016F,0x016F6F6F,0x6F6F6F6F,0x6F016F6F,0x6F6F016F,0x016F6F6F,0x016F6F6F,0x6F6F6F6F,

	0x2CB6B6B6,0xB5B5B5B6,0x424242B5,0x41414242,0x3F3F4040,0xB3B3B4B4,0xB1B23D3D,0xB03C3CB1,
	0x3B3BAFAF,0x393A3AAE,0x3738AD39,0x36363637,0xA59FA1A3,0x9830A9AA,0x32A6A6A7,0x30A53132,
	0x9AA3A42F,0x95939321,0x2A299B26,0x9C90299D,0x999A9A9C,0x96989826,0x9323951A,0x7E912020,
	0x6F6F0106,0x7673016F,0x06747706,0x78077776,0x78777577,0x7876777A,0x79777806,0x7B777909,
	0x78777879,0x7977077A,0x78790709,0x79787A78,0xB13C9006,0x1F959292,0x76209785,0x097B7D7D,
	0x1D7F987D,0x6F6F018A,0x016F6F6F,0x0707766F,0x06090778,0x797C7C78,0x787B077A,0x6F6F6F72,
	0x6F016F6F,0x6F016F6F,0x6F6F6F01,0x6F6F6F6F,0x6F6F016F,0x6F6F016F,0x6F6F6F6F,0x6F6F6F6F,
	0x016F6F01,0x6F6F6F6F,0x016F6F01,0x016F6F6F,0x6F6F6F01,0x6F6F016F,0x6F6F6F01,0x6F6F6F6F,

	0xA1B6B5B5,0xB5B5B5B5,0x42424242,0x40414142,0xB43F4040,0x3DB3B4B4,0xB1B2B23D,0xB03C3CB1,
	0x3B3BAFAF,0x393A3AAE,0x3738ADAD,0x36363636,0x9B1F219F,0x9831A9A9,0x32A6A6A7,0x30A53132,
	0x95A3A42F,0x299FA19F,0x20939526,0x20881F91,0x999A9420,0x96989826,0x21942319,0x86139192,
	0x6F6F0188,0x0674016F,0x07767775,0x77760606,0x06777506,0x78077806,0x77767778,0x7A077B79,
	0x07787907,0x79797907,0x06070778,0x7B097978,0xB13C9778,0x7F918A94,0x728D2073,0x7D7D7D7D,
	0x8A829579,0x016F7C88,0x6F016F6F,0x797B7401,0x077A0977,0x7A7A7907,0x07787907,0x6F6F6F74,
	0x6F6F0101,0x6F6F6F6F,0x6F6F6F6F,0x016F016F,0x016F0101,0x6F6F6F6F,0x6F6F6F6F,0x6F6F6F01,
	0x6F6F6F6F,0x016F6F6F,0x6F016F6F,0x6F6F6F01,0x6F6F016F,0x6F6F6F01,0x6F6F6F6F,0x6F6F016F,

	0x9AAC32A5,0xB5B5B5B6,0x42424242,0x40414142,0xB43F3F40,0x3DB3B3B4,0xB1B2B23D,0xB0B03CB1,
	0xAE3BAFAF,0x393A3AAE,0x373838AD,0x36363636,0xAAABABAC,0x9732A9A9,0x3232A6A7,0x30303131,
	0x95A3A42F,0x99989826,0x9D9D299B,0x9B90299D,0x999A9A9B,0x96979826,0x93239519,0x90838721,
	0x6F6F7A8D,0x76736F6F,0x76790674,0x06777577,0x76077A77,0x07787878,0x07067778,0x79797877,
	0x78077A77,0x797A0775,0x07787875,0x78077B79,0xB13C2A07,0x737E7F95,0x01731001,0x7B7D7D7B,
	0x7D7F9106,0x6F6F7C13,0x6F6F6F6F,0x7977746F,0x7C06797A,0x79077678,0x7B797B79,0x6F6F6F74,
	0x6F6F6F6F,0x6F6F6F6F,0x6F6F016F,0x6F6F6F6F,0x6F6F016F,0x016F016F,0x6F6F6F6F,0x016F6F6F,
	0x6F6F6F6F,0x6F6F6F6F,0x6F6F6F6F,0x0101016F,0x6F016F6F,0x0101016F,0x016F6F6F,0x6F6F0101,

	0xA1B6B6B6,0xB5B5B5B5,0x42424242,0x40414141,0xB4B43F40,0x3DB3B3B4,0xB1B1B23D,0xB0B03C3C,
	0xAE3B3BAF,0x39393AAE,0x373838AD,0x36363636,0x322CA330,0x9732A9A9,0x3232A6A7,0x30A53131,
	0x95A3A42F,0x7070018B,0x81780101,0x2A8F1D12,0x269A2619,0x96979826,0x93239519,0x1F1F848A,
	0x6F721A85,0x06746F6F,0x75750674,0x76767575,0x75770706,0x07797907,0x78777877,0x787A7877,
	0x78787806,0x78787907,0x79780777,0x78777A7A,0x3C3CA77B,0x6F748398,0x01010101,0x7B097D7A,
	0x71091277,0x016F747E,0x016F6F6F,0x0777766F,0x78070779,0x7877787A,0x787A787B,0x6F6F0171,
	0x6F016F01,0x6F6F016F,0x6F016F01,0x6F6F6F01,0x6F6F6F6F,0x6F6F6F6F,0x016F6F01,0x6F6F6F01,
	0x016F6F6F,0x6F6F016F,0x016F016F,0x0101016F,0x6F6F6F6F,0x6F6F6F6F,0x6F6F6F6F,0x6F6F6F6F,

	0xA1B5B6B6,0xB5B5B5B5,0x42424242,0x40414141,0xB4B43F3F,0x3D3DB3B4,0xB1B1B2B2,0xAFB03C3C,
	0xAE3B3BAF,0x39393AAE,0x373738AD,0x36363636,0x988F1E29,0x96A6A9A9,0x3232A6A7,0x2F30A531,
	0x952EA3A4,0x7170018A,0x72717071,0x9B1D987E,0x26992688,0x97979826,0x8894951A,0x8A209083,
	0x6F131D8E,0x07736F6F,0x75757577,0x76767774,0x06770606,0x78067807,0x7B777807,0x7A777878,
	0x077B7877,0x07787907,0x07077A7A,0x797A0779,0x3C3C387F,0x6F7E8426,0x6F6F016F,0x7A070971,
	0x016F7279,0x016F6F75,0x6F016F6F,0x7777746F,0x78077907,0x79757779,0x77797878,0x6F6F6F72,
	0x6F6F6F01,0x6F6F6F01,0x016F6F6F,0x6F016F6F,0x6F6F6F6F,0x6F6F6F01,0x6F6F6F6F,0x6F6F016F,
	0x6F6F6F6F,0x6F6F6F6F,0x6F6F6F6F,0x6F01016F,0x6F010101,0x6F6F6F01,0x6F6F6F6F,0x6F6F6F6F,

	0xA1B5B6B6,0x42B5B5B5,0x41424242,0x40404141,0xB4B43F3F,0x3D3DB3B3,0xB1B1B2B2,0xAFB0B03C,
	0xAE3B3BAF,0xAD393AAE,0x373738AD,0x36363636,0xAAAAABAC,0x95A7A9A9,0x3232A6A7,0x2F30A531,
	0x232EA3A4,0x7373728A,0x76747474,0x206F9007,0x26999A9B,0x97979826,0x1286231A,0x881E2020,
	0x791B1D90,0x0674016F,0x76067675,0x76067706,0x77787677,0x06060678,0x7978787A,0x09787978,
	0x78780706,0x78070779,0x78780607,0x79070779,0x3C3CB08D,0x7684109C,0x0101726F,0x097C7C70,
	0x6F017307,0x016F016F,0x6F6F6F6F,0x78787201,0x06777A76,0x077A0907,0x07787A79,0x016F6F73,
	0x016F6F6F,0x6F6F6F01,0x6F6F6F6F,0x6F016F6F,0x6F6F6F6F,0x6F6F0101,0x6F6F6F6F,0x016F6F6F,
	0x6F6F6F6F,0x016F6F6F,0x6F6F6F6F,0x01016F6F,0x016F6F6F,0x6F6F6F6F,0x6F6F6F6F,0x016F016F,

	0xA1B5B6B6,0x42B5B5B5,0x41424242,0x40404041,0xB4B4B43F,0xAE3DB3B3,0x3CB1B2B2,0xAFB0B03C,
	0xAEAE3BAF,0xAD39393A,0x36373838,0x36363636,0xA83032A8,0x95A7A9A9,0x323232A7,0x2F30A531,
	0x232EA3A4,0x7373738C,0x75747506,0x1283B01A,0x26999A9A,0x96979826,0x21131389,0x1E131F21,
	0x888E1E1E,0x77740101,0x77780674,0x06067677,0x787A0776,0x78077878,0x79060778,0x79077779,
	0x79070778,0x077A0707,0x77097877,0x7A7A0706,0x3C3C3C21,0x7D83102A,0x01077201,0x077D7D70,
	0x6F707778,0x016F6F01,0x6F6F6F6F,0x7976746F,0x78787A79,0x75077979,0x7B767A7B,0x6F6F6F75,
	0x6F6F016F,0x01016F6F,0x6F6F6F6F,0x6F01016F,0x016F6F01,0x6F6F6F01,0x016F0101,0x6F016F01,
	0x016F6F6F,0x6F016F6F,0x0101016F,0x6F6F6F6F,0x6F6F0101,0x6F6F0101,0x6F6F6F6F,0x6F6F6F01,

	0x2CB5B5B6,0x4242B5B5,0x41424242,0x3F404041,0xB3B4B43F,0xA93D3DB3,0x3CB1B1B1,0xAFB0B03C,
	0xAEAE3B3B,0xAD39393A,0x36373838,0xAC363636,0x958A199B,0x95A7A9A9,0x323232A6,0x2F30A531,
	0x232EA3A4,0x74737219,0x76777574,0x7F8CB22D,0x26999A1D,0x93979898,0x9393137B,0x911E8721,
	0x8E8F1D90,0x76730184,0x06060676,0x07067678,0x77770677,0x77797A78,0x78777877,0x79077778,
	0x77797878,0x78797A76,0x78070778,0x07097777,0x3C3C3C9C,0x8384839F,0x707F7271,0x79097E72,
	0x01757807,0x6F010101,0x6F6F6F6F,0x7875746F,0x78797977,0x79077807,0x78790779,0x6F6F6F75,
	0x016F6F01,0x016F6F01,0x6F6F016F,0x6F6F6F6F,0x016F016F,0x6F01016F,0x016F6F01,0x6F6F016F,
	0x6F6F6F6F,0x016F6F6F,0x6F016F6F,0x6F01016F,0x6F016F01,0x6F6F6F6F,0x6F01016F,0x6F6F016F,

	0x2DB5B5B5,0x424242B5,0x41414242,0x3F404040,0xB3B4B43F,0x323D3DB3,0x3CB1B1B1,0xAFAFB0B0,
	0x3AAE3B3B,0xAD39393A,0x36373738,0xAC363636,0xA9AAABAB,0x95A7A9A9,0x313232A6,0x2F30A531,
	0x232EA3A4,0x7473738E,0x7E067475,0x201A3D3D,0x2699977C,0x7E1F9798,0x93239482,0x91201D8C,
	0x8F8E8F90,0x0675728B,0x75757878,0x73077877,0x06747673,0x7A777777,0x78770978,0x74737777,
	0x78077873,0x78777807,0x7A067A7A,0x76067378,0x3C3C3B9A,0x8383832C,0x077E767D,0x7C7A7D06,
	0x01070707,0x6F6F7070,0x6F6F6F6F,0x0678726F,0x77077807,0x79787907,0x07797978,0x6F016F76,
	0x6F6F6F6F,0x6F6F6F6F,0x6F6F6F6F,0x6F016F01,0x6F016F6F,0x01010101,0x6F6F6F6F,0x6F6F6F01,
	0x6F6F6F6F,0x6F6F6F6F,0x6F6F016F,0x6F6F6F6F,0x6F6F6F6F,0x6F6F6F6F,0x016F016F,0x6F6F6F6F,

	0xA2B5B5B5,0x424242B5,0x41414242,0x3F3F4040,0xB3B4B43F,0x303D3DB3,0x3C3CB1B1,0xAFAFB0B0,
	0x3AAEAE3B,0xADAD393A,0x36373738,0xAC363636,0xA932A7A9,0x95A7A8A9,0x313232A6,0x2F3030A5,
	0x232EA3A4,0x7473738F,0x8F767375,0x998FB448,0x23981A88,0x1E7E848F,0x8D94238C,0x1F202090,
	0x1A1A8F1E,0x78721319,0x78777577,0x877D7777,0x7C10888F,0x78787806,0x78787B78,0x20218A7F,
	0x7A748586,0x09770607,0x7E7A7979,0x959B9513,0xB0A79E9F,0x831010A2,0x7D7E7E83,0x7C7C7D7D,
	0x73067807,0x6F6F7070,0x016F6F01,0x06777101,0x78777907,0x78777979,0x07787979,0x6F6F6F75,
	0x6F01016F,0x6F6F6F01,0x6F016F6F,0x6F6F6F6F,0x6F6F016F,0x6F6F016F,0x6F6F6F6F,0x6F6F6F6F,
	0x6F6F6F01,0x6F6F6F6F,0x016F6F6F,0x016F6F6F,0x016F6F6F,0x6F016F6F,0x6F6F6F6F,0x6F6F016F,

	0x2EB5B5B5,0x424242B5,0x41414242,0x3F3F4040,0xB3B3B4B4,0x2EB23D3D,0x3C3CB1B1,0x3BAFB0B0,
	0x3AAEAE3B,0xADAD3939,0x36363738,0xAC363636,0x2386899A,0x95A7A8A9,0x313232A6,0xA42FA5A5,
	0x23A2A3A4,0x7473731E,0xA2760775,0x9A1D4248,0x73787B23,0x96951D12,0x1F8A938D,0x1F209221,
	0x8F1B8F90,0x2A21888D,0xA09F9F2A,0x26978029,0x29972621,0x2E8F8F8E,0x19A5A530,0x95232920,
	0x2926989D,0xAAAAA9A9,0x1F9EABAB,0x218E91A0,0x3629959F,0x838284A3,0x7E7F7E84,0x7B7D7C7D,
	0x76767A7A,0x6F6F0173,0x6F6F6F6F,0x0679716F,0x07797B7A,0x067A7977,0x09767807,0x6F6F6F06,
	0x6F6F6F6F,0x6F6F6F6F,0x6F6F016F,0x016F6F01,0x6F6F016F,0x6F6F016F,0x6F6F016F,0x6F016F6F,
	0x6F6F6F6F,0x6F6F0101,0x6F6F6F01,0x6F6F6F6F,0x6F016F6F,0x01010101,0x6F6F6F6F,0x01016F01,

	0xA4B5B5B5,0x424242B5,0x40414142,0x3F3F3F40,0xB3B3B4B4,0x2CB23D3D,0x3C3C3C3C,0x3BAFAFB0,
	0x3A3AAE3B,0x38ADAD39,0x36363738,0xAC363636,0xA9A9AAAB,0x95A7A8A9,0x313232A6,0xA42F30A5,
	0x952E2EA3,0x74737390,0x3D7E7476,0x9A8FB548,0x8F731F9A,0x23979797,0x94211910,0x1F202121,
	0x198F1D1E,0x3A2A898A,0xAE3A3A3A,0x6F139329,0x9A856F6F,0x3BAEAB2D,0x8FA93B3B,0x96959098,
	0x97999C20,0xAFAFAFAE,0xA18FAFAF,0x2A9C291E,0x29292A98,0x838481A5,0x7F818280,0x787C7E7D,
	0x74757779,0x6F6F7074,0x6F6F6F01,0x7906726F,0x787B0678,0x77770706,0x79797778,0x6F6F6F77,
	0x6F6F016F,0x6F6F6F01,0x6F6F6F6F,0x6F6F016F,0x6F01016F,0x6F6F6F6F,0x6F6F016F,0x6F6F6F6F,
	0x6F6F6F6F,0x6F6F6F6F,0x6F6F6F6F,0x6F6F6F6F,0x6F6F6F6F,0x6F016F6F,0x6F6F6F01,0x6F6F6F6F,

	0x2FB5B5B5,0x424242B5,0x40414142,0xB43F3F40,0xB3B3B4B4,0x9FB23D3D,0xB03C3C3C,0x3BAFAFB0,
	0x3A3AAEAE,0x38ADAD39,0x36363737,0xACAC3636,0xA9A7A9AA,0x95A7A8A9,0x31323232,0xA42F30A5,
	0x95A22EA3,0x7373721F,0x48900677,0x9A8FB648,0x9419269A,0x8F8F8F1E,0x9394238B,0x91202021,
	0x8F8F1E1F,0x3A298B1A,0xAE3A3A3A,0x016F991F,0x26016F01,0x3B3BA299,0x9A293B3B,0x2A2A2919,
	0x9A9D969D,0xAFAFAFAC,0x99843AAF,0x299E2A99,0x9B9C949B,0x82107F32,0x7D807F7F,0x797B097D,
	0x75760607,0x6F6F7172,0x6F016F6F,0x7777726F,0x77787776,0x78787878,0x76077875,0x6F010178,
	0x6F6F6F6F,0x6F6F6F6F,0x6F016F6F,0x016F6F01,0x6F6F6F01,0x0101016F,0x6F6F6F6F,0x6F016F6F,
	0x6F016F6F,0x016F6F6F,0x6F6F6F01,0x016F6F01,0x6F6F6F6F,0x016F6F6F,0x6F6F6F01,0x6F6F0101,

	0x30B5B5B5,0x42424242,0x40414142,0xB43F3F40,0x3DB3B3B4,0x9FB23D3D,0xB03C3C3C,0x3BAFAFB0,
	0x3A3AAEAE,0x38ADAD39,0x36363737,0xACAC3636,0x94138899,0x95A7A8A8,0xA5313232,0xA42F30A5,
	0x95A22EA3,0x74737391,0x48A57574,0x261A4248,0x9826999A,0x96979798,0x9494238D,0x1F912021,
	0x1A1B1D1F,0x3A9C8C1A,0x3A3A3A3A,0x6F6F261A,0x216F0101,0x3BAE2D97,0x9A263B3B,0x9B9B9A89,
	0x9B9A219A,0xAFAFAF32,0x978436AF,0x2A9C9B97,0x999A96A1,0x83847F31,0x7F7E8082,0x79097B7E,
	0x74077678,0x6F6F7173,0x6F6F6F6F,0x0677706F,0x7C077979,0x7809787B,0x77077A06,0x6F6F0177,
	0x6F01016F,0x6F016F6F,0x6F6F6F6F,0x016F0101,0x6F6F6F01,0x6F6F6F6F,0x6F6F6F6F,0x6F6F6F6F,
	0x6F6F6F6F,0x6F6F6F6F,0x016F6F6F,0x016F0101,0x6F6F016F,0x6F016F01,0x6F6F0101,0x6F6F6F6F,

	0x31B5B5B5,0x42424242,0x40404141,0xB43F3F40,0x3DB3B3B4,0x2AB2B23D,0xB03C3CB0,0x3B3BAFAF,
	0x393AAEAE,0x3838AD39,0x36363637,0xABACAC36,0xA9A7A9A9,0x95A7A8A8,0xA5313232,0xA42F3030,
	0x96A22EA3,0x75747520,0x48427F73,0x261DB648,0x2626999A,0x96979798,0x93942319,0x90202092,
	0x1A8E8F1E,0x3A9A8819,0x3A3A3A3A,0x6F709A94,0x26010101,0xAEAE9E94,0x95A43BAE,0x9B9B988C,
	0x239A209A,0xAFAFAFAC,0x9A12AEAF,0x9C2C9F20,0x95982396,0x83827FAA,0x7E7E7F83,0x797D7D7D,
	0x75767806,0x6F6F7074,0x6F016F01,0x7906016F,0x7B770707,0x77077978,0x7977777B,0x6F6F0107,
	0x6F01016F,0x6F6F016F,0x6F6F6F01,0x6F6F016F,0x01016F01,0x6F6F6F6F,0x6F6F6F01,0x6F016F6F,
	0x6F01016F,0x016F6F6F,0x6F6F6F6F,0x6F016F6F,0x6F6F016F,0x6F6F6F6F,0x6F6F6F6F,0x6F6F6F6F,

	0xA7B5B5B5,0x42424242,0x40404141,0xB4B43F3F,0x3D3DB3B4,0x2AB2B2B2,0xB0B03CB0,0xAE3BAFAF,
	0x393A3AAE,0x3738ADAD,0x36363637,0xABAC3636,0xA9A9A9AA,0x95A6A7A8,0xA5313232,0xA42F30A5,
	0x97A22EA3,0x76747220,0x48489174,0x971E4648,0x2626999A,0x95979798,0x9394231A,0x91202092,
	0x8E8F8F91,0x39998A1A,0x3A3A3A39,0x70971E30,0x971D016F,0xAEAE3220,0x88ADAEAE,0x98958F23,
	0x94209C20,0xAFAF3B3B,0x2026AFAF,0x96971D97,0x9990A091,0x82827E36,0x7D7E7E80,0x777B7C7D,
	0x7575777A,0x6F6F7073,0x01016F6F,0x7A76016F,0x77097876,0x7A7A7A06,0x787B7807,0x6F6F707B,
	0x6F016F6F,0x6F6F6F6F,0x6F6F6F01,0x6F6F6F6F,0x6F6F016F,0x6F01016F,0x6F6F6F01,0x6F6F6F6F,
	0x01010101,0x6F6F6F6F,0x016F6F01,0x6F6F6F6F,0x6F016F01,0x6F6F6F6F,0x6F6F6F01,0x6F6F6F6F,

	0xA5B5B5B5,0x41424242,0x40404041,0xB4B43F3F,0x3D3DB3B3,0x9DB1B2B2,0xB0B03CB0,0xAE3B3BAF,
	0x393A3AAE,0x3738ADAD,0x36363637,0xABABAC36,0x9413889C,0x95A6A7A8,0xA5313232,0xA42F2F30,
	0x98A22E2E,0x75727220,0x48483274,0x968F4748,0x9826999A,0x95979798,0x9394231A,0x91912092,
	0x198F8F1F,0x3926878C,0x3A3A3939,0x9C1D233A,0x89239C9C,0xAEAEAE97,0x32AEAEAE,0x2A9D9C13,
	0x318D9029,0xAFAF3B3B,0x1F3AAFAF,0x9F9F2921,0x361D8A29,0x83847E36,0x7E7F837E,0x7A7D7E7E,
	0x7476077A,0x016F7273,0x6F6F6F6F,0x06060101,0x06067875,0x78077A78,0x78777A06,0x6F6F0178,
	0x6F6F0101,0x6F6F6F6F,0x6F6F6F6F,0x6F6F6F6F,0x6F6F016F,0x6F6F6F6F,0x6F6F6F6F,0x6F6F6F01,
	0x6F6F6F6F,0x016F6F6F,0x016F6F6F,0x6F6F6F01,0x6F6F016F,0x6F6F6F01,0x6F6F6F6F,0x6F6F6F6F,

	0x9F42B5B5,0x41424242,0x40404041,0xB4B43F3F,0x3D3DB3B3,0x9DB1B2B2,0xB0B03CB0,0xAE3B3BAF,
	0x39393AAE,0x3738ADAD,0x36363637,0xABABAC36,0xA83132A7,0x95A6A7A8,0xA5313232,0xA3A42F30,
	0x972D2E2E,0x74727191,0x4848427F,0x95194748,0x9826999A,0x95969798,0x9394231A,0x90912020,
	0x1A8F8F1E,0x39948A1A,0x393A3939,0x849AAD3A,0x98837882,0xAEAEAE39,0xAEAEAEAE,0x817F8FA6,
	0x3B321A76,0x3B3B3B3B,0x39AF3B3B,0x80857E94,0xAF361E77,0x81108338,0x7F7E8282,0x097D7D7E,
	0x76060707,0x6F6F7274,0x6F6F6F6F,0x0676016F,0x7A757979,0x067B7A07,0x07067A78,0x6F6F7176,
	0x6F6F016F,0x6F6F6F6F,0x6F6F016F,0x6F6F016F,0x6F6F016F,0x016F016F,0x6F6F6F6F,0x6F6F6F6F,
	0x6F6F6F6F,0x6F6F6F6F,0x6F016F6F,0x01016F6F,0x6F016F6F,0x6F01016F,0x016F6F01,0x6F6F016F,

	0x9C4242B5,0x41424242,0x3F404041,0xB4B4B43F,0x3D3D3DB3,0x29B1B1B2,0xAFB0B0AF,0xAE3B3BAF,
	0x39393A3A,0x373838AD,0x36363636,0xAAABAC36,0xA8A9A9AA,0x95A6A7A8,0xA5313132,0xA3A42F30,
	0x972DA22E,0x13131321,0x9F9E9D8D,0x231D9F9F,0x9826269A,0x95969798,0x9394231B,0x1F912092,
	0x1A1A8F90,0x39208A1B,0x39393939,0x373A3A39,0x3A36A5A7,0xAEAEAE3A,0xAEAEAEAE,0x3136AEAE,
	0x3B3B3AA9,0x3B3B3B3B,0x3B3B3B3B,0x2F3137AF,0xAFAF3BAA,0x83838539,0x7E7F8083,0x7C7D7E7D,
	0x74787876,0x016F7172,0x01016F01,0x07766F6F,0x07787878,0x79787807,0x07787807,0x016F7175,
	0x6F6F6F01,0x6F6F016F,0x6F016F6F,0x6F6F6F01,0x6F6F6F6F,0x01016F01,0x6F6F6F01,0x6F6F6F01,
	0x6F6F6F6F,0x6F6F016F,0x016F016F,0x0101016F,0x6F016F6F,0x6F6F6F6F,0x6F6F6F6F,0x6F6F6F6F,

	0x9F4242B5,0x41414142,0x3F404041,0xB3B4B43F,0xB23D3DB3,0x29B1B1B2,0xAFAFB0AF,0xAEAE3BAF,
	0xAD393A3A,0x373738AD,0x36363636,0xAAABAC36,0x9489192C,0x95A6A7A8,0xA5313132,0xA3A42F30,
	0x9A2DA22E,0x9F9FA09D,0x299D2A9E,0x23949C9C,0x9826999A,0x95969798,0x2193941B,0x90912020,
	0x1A8F8F1D,0xA48F8919,0xA5302F2F,0xA42F30A5,0xA02C2EA3,0x29292A9E,0x9B9B9C9C,0x9C9C9B9B,
	0x9C9C9C9C,0x9C9C9C9C,0x2A9D299C,0xA32DA09F,0x312F2C9F,0x7D7E8531,0x7A7B7B7D,0x73770677,
	0x73727273,0x0171137D,0x6F016F6F,0x7A77016F,0x767A7875,0x7A077979,0x77787878,0x6F6F7209,
	0x6F6F0101,0x6F6F6F01,0x016F6F6F,0x6F6F6F6F,0x016F6F6F,0x6F6F6F01,0x6F6F6F6F,0x6F6F016F,
	0x6F6F6F6F,0x6F6F6F6F,0x6F6F016F,0x6F01016F,0x6F6F6F01,0x6F6F6F01,0x6F6F6F6F,0x6F6F6F6F,

	0x9F4242B5,0x41414242,0x3F3F4040,0xB3B4B43F,0xB23D3DB3,0x29B1B1B2,0xAFAFB03B,0xAEAE3BAF,
	0xAD39393A,0x373738AD,0x36363636,0xAAABABAC,0x31A33032,0x96A6A7A7,0xA5A53132,0xA3A42F30,
	0x292DA22E,0x92939493,0x20202020,0x971E2020,0x9826269A,0x95969797,0x2193948E,0x90912020,
	0x1A8F8F90,0x3920898D,0x39393939,0x39393939,0x3A3A3A3A,0x3A3A3A3A,0xAEAEAE3A,0xAEAEAEAE,
	0x3BAEAEAE,0x3B3B3B3B,0x3B3B3B3B,0xAF3B3B3B,0xAFAFAF3B,0x808488AF,0x7F7E7F82,0x80787D7D,
	0x88878613,0x8A8A1A88,0x88898A8A,0x83868888,0x83810177,0x12858510,0x12121313,0x83848585,
	0x016F6F7C,0x6F6F6F01,0x6F6F6F6F,0x6F016F6F,0x6F6F6F6F,0x6F6F0101,0x6F6F6F6F,0x6F6F6F6F,
	0x6F6F6F6F,0x6F6F6F6F,0x6F6F6F6F,0x6F016F6F,0x6F6F0101,0x6F6F6F6F,0x6F6F6F6F,0x016F016F,

	0x9F424242,0x41414242,0x3F3F4040,0xB3B3B4B4,0xB23D3D3D,0x9A393AB0,0x32A8AC36,0xA831A42F,
	0xAD393936,0x373738AD,0x36363636,0xAAABABAC,0xA8A9A9A9,0x9732A6A7,0x30A53132,0xA3A4A42F,
	0xA02DA22E,0x9D9D299C,0x29299D2A,0x9A9B9C9C,0x98262699,0x95959797,0x2193948F,0x1E1F2020,
	0x198F8F1D,0xAD92888D,0x393939AD,0x39393939,0x3A3A3939,0x3A3A3A3A,0xAEAE3A3A,0xAEAEAEAE,
	0x3B3BAEAE,0x3B3BAEAE,0x3B3B3B3B,0x3B3B3B3B,0xAFAFAF3B,0x838488AF,0x7E7E807F,0x767D7D7D,
	0x7E7D7D7E,0x7E7E7E7D,0x10838280,0x87888685,0x1A197C85,0x8D1A191A,0x1A8B1A1A,0x8D8D1A1A,
	0x6F010188,0x01016F01,0x6F6F6F6F,0x6F01016F,0x6F6F6F6F,0x6F016F6F,0x016F016F,0x6F6F6F01,
	0x6F6F6F6F,0x01016F6F,0x6F016F6F,0x6F6F6F6F,0x6F6F6F6F,0x6F6F016F,0x6F6F6F6F,0x6F6F6F01,

	0x9F424242,0x40414142,0x3F3F3F40,0xB3B3B4B4,0xB2B23D3D,0x202CA2AC,0x3232A62D,0x3836ABA9,
	0xADAD393A,0x37373838,0x36363636,0xAAAAABAC,0x231E962E,0x9732A6A7,0x30A53132,0xA3A3A42F,
	0x2C2D2DA2,0x9F9FA0A1,0x29299D2A,0x9A9B9C9C,0x98982699,0x23959697,0x9221218F,0x90909120,
	0x191B8F1D,0xAD92891A,0x39AD39AD,0x39393939,0x3A393939,0x3A3A3A3A,0x3A3A3A3A,0xAEAEAEAE,
	0xAEAEAEAE,0xAEAEAEAE,0x3B3B3B3B,0x3B3B3B3B,0xAF3B3B3B,0x83838AAF,0x7F7F8180,0x737C7D7D,
	0x2192211F,0x94939321,0x98989523,0x26969423,0x8E1A7E26,0x8F1A8E8F,0x8F8F8F8F,0x1A1A1B8F,
	0x6F6F6F86,0x016F6F01,0x6F6F6F6F,0x6F6F6F6F,0x016F6F6F,0x6F010101,0x6F6F6F01,0x6F6F016F,
	0x016F6F6F,0x6F6F6F6F,0x6F016F6F,0x0101016F,0x6F6F6F01,0x6F6F6F6F,0x6F01016F,0x6F6F6F6F,

	0x9F424242,0x40414142,0xB43F3F40,0xB3B3B4B4,0xB2B23D3D,0x293CB1B1,0x3BAFB03B,0x3AAEAE3B,
	0xADAD393A,0x36373838,0xAC363636,0xAAAAABAC,0x2D9EA131,0x9732A6A7,0x30A53132,0xA3A3A42F,
	0xA12C2DA2,0x9E9F9FA0,0x29299D2A,0x9A9A9B9C,0x97982626,0x23959597,0x9221928F,0x1E901F20,
	0x191A1B1D,0xAD218A1A,0x39ADADAD,0x39393939,0x39393939,0x3A3A3A3A,0x3A3A3A3A,0xAE3A3A3A,
	0xAEAEAEAE,0xAEAEAEAE,0x3BAEAEAE,0x3B3B3B3B,0x3B3B3B3B,0x84831AAF,0x7E827F7F,0x837D7D7D,
	0x20209191,0x1E909120,0x90908F8F,0x1A8C1A8F,0x7D07091D,0x7E7E7E7E,0x807F7F7E,0x10838382,
	0x6F6F6F83,0x6F6F6F6F,0x6F6F6F6F,0x6F6F6F01,0x6F016F6F,0x6F010101,0x6F6F6F6F,0x6F6F6F01,
	0x6F016F6F,0x6F6F6F6F,0x6F6F6F6F,0x6F6F6F6F,0x6F6F016F,0x6F6F6F6F,0x016F016F,0x6F6F6F6F,

	0x9F424242,0x40404141,0xB43F3F40,0x3DB3B3B4,0xB1B23D3D,0x293CB1B1,0x3BAFAF3B,0x3AAEAE3B,
	0xADAD3939,0x36373738,0xAC363636,0xA9AAABAC,0xA7A8A9A9,0x9832A6A7,0x30A53131,0x2EA3A42F,
	0xA12C2DA2,0x9E9F9FA0,0x29299D2A,0x999A9B9C,0x97989826,0x94239596,0x9120201D,0x1D1E1E91,
	0x8B191B8F,0x3620878B,0x31A7AA36,0xADABA5A5,0xA93637AD,0x3A36A7A6,0x39393939,0x3A3A3939,
	0xAEAEAEAE,0xAEAEAEAE,0x3BAEAEAE,0x3B3B3B3B,0x3B3B3B3B,0x81831D3B,0x7D7F7E7F,0x077A097D,
	0x01720101,0x6F010101,0x016F6F01,0x7506016F,0x06757906,0x71017371,0x6F017270,0x6F6F0101,
	0x6F016F6F,0x6F6F6F01,0x6F016F6F,0x6F6F6F6F,0x6F01016F,0x6F6F016F,0x6F6F6F6F,0x6F6F6F6F,
	0x6F6F6F01,0x6F6F6F6F,0x016F016F,0x016F6F6F,0x016F6F6F,0x6F6F6F6F,0x6F6F6F6F,0x6F6F016F,

	0x9F424242,0x40404141,0xB43F3F3F,0x3DB3B3B4,0xB1B2B23D,0x293C3CB1,0x3BAFAF3B,0x3A3AAEAE,
	0x38AD3939,0x36373738,0xAC363636,0xA9AAABAB,0x982399A3,0x9832A6A6,0x3030A531,0x2EA3A42F,
	0xA12C2DA2,0x9E9F9FA0,0x9C299D2A,0x98269A9C,0x95979798,0x20219423,0x1B8F908F,0x86888D1A,
	0x7D7F8512,0x7E71737E,0x06717276,0x12881F6F,0x7273757E,0xA3237B71,0x7D9A9F9C,0x3AA9127A,
	0xAEAEAE3A,0xAEAEAEAE,0x37AEAEAE,0x30A532A7,0x36A9A732,0x7D7F2038,0x7273077D,0x6F6F0101,
	0x6F6F6F6F,0x6F6F6F6F,0x6F6F6F6F,0x71016F6F,0x70017270,0x72707201,0x726F0101,0x6F6F7474,
	0x6F6F016F,0x6F6F6F6F,0x6F6F6F6F,0x016F6F01,0x016F016F,0x016F6F6F,0x016F016F,0x6F016F6F,
	0x6F6F6F6F,0x6F6F0101,0x6F6F6F01,0x6F6F6F6F,0x6F6F6F6F,0x01010101,0x6F6F6F6F,0x01016F01,

	0x9F424242,0x3F404041,0xB4B43F3F,0x3DB3B3B4,0xB1B2B23D,0x293C3CB1,0x3BAFAF3B,0x3A3AAEAE,
	0x38ADAD39,0x36363738,0xAC363636,0xA9AAABAB,0x2A262330,0x973232A6,0x2F30A531,0x2EA3A42F,
	0xA12C2DA2,0x9E9F9FA0,0x9C299D2A,0x93269A9B,0x868E8F1E,0x747D8183,0x0101016F,0x016F7D01,
	0x01017879,0x01010101,0x7B017073,0x0185AF01,0x01720101,0xA18F0601,0x011A393A,0x3AA87D01,
	0xAE3A3A3A,0xAE3AAE3A,0x99AEAEAE,0x6F6F6F01,0x73706F6F,0x6F017406,0x6F6F6F6F,0x6F6F6F6F,
	0x6F6F6F6F,0x6F6F016F,0x016F6F01,0x71016F6F,0x6F6F0170,0x016F6F01,0x76747274,0x6F017679,
	0x6F6F016F,0x6F6F6F01,0x6F6F6F6F,0x6F01016F,0x6F6F016F,0x6F6F6F01,0x6F6F6F6F,0x6F6F6F6F,
	0x6F6F6F6F,0x6F6F6F6F,0x6F6F6F6F,0x6F6F6F6F,0x6F6F6F6F,0x6F016F6F,0x6F6F6F01,0x6F6F6F6F,

	0x9F424242,0x3F404041,0xB4B43F3F,0x3D3DB3B3,0xB1B1B2B2,0x29B03CB1,0x3B3BAF3B,0x3A3A3AAE,
	0x38ADAD39,0x36363737,0xACAC3636,0xA9AAAAAB,0xA7A8A8A9,0x973232A6,0x2F30A531,0x2EA3A3A4,
	0xA12C2DA2,0x9E9F9FA0,0x9C29292A,0x20269A9B,0x7D19B695,0x6F010101,0x73016F6F,0x7C6F6F7D,
	0x7A83736F,0x8F09857E,0x721E9A23,0x911D2188,0x73239793,0x3B937374,0x7001A33B,0x3AAD8D74,
	0x3A3A3A3A,0xAEAEAEAE,0x9BAEAEAE,0x6F6F6F7D,0x016F6F6F,0x6F6F6F6F,0x016F6F6F,0x6F016F6F,
	0x6F6F6F6F,0x6F6F6F01,0x6F016F6F,0x71016F6F,0x72737372,0x72727201,0x77777A72,0x01010607,
	0x6F6F6F6F,0x6F6F016F,0x6F016F6F,0x016F6F01,0x6F6F6F6F,0x0101016F,0x6F6F6F6F,0x6F6F6F6F,
	0x6F016F6F,0x016F6F6F,0x6F6F6F01,0x016F6F01,0x6F6F6F01,0x016F6F6F,0x6F016F01,0x6F6F016F,

	0x9F424242,0x40404041,0xB4B43F3F,0x3D3DB3B3,0xB1B1B2B2,0x29B03CB1,0x3B3B3B3B,0x393A3AAE,
	0x3838AD39,0x36363737,0xABAC3636,0xA9A9AAAB,0x9E9C2932,0x963232A6,0x2F30A531,0xA22EA3A4,
	0xA12C2D2D,0x2A9F9FA0,0x9C29299D,0x1E989A9B,0x827E3923,0x10867E7D,0x89878C84,0x1A198C8B,
	0x1A1B1A1A,0x77138C8D,0x01707172,0x82817201,0x017D8283,0x1A060101,0x74018698,0x91908276,
	0x20202091,0x23949321,0x90962697,0x6F6F0179,0x74740101,0x016F6F01,0x6F016F6F,0x6F016F6F,
	0x6F6F6F6F,0x6F6F6F6F,0x6F6F6F6F,0x72726F6F,0x76700101,0x06720606,0x79070707,0x6F6F7575,
	0x6F01016F,0x6F016F6F,0x6F6F6F6F,0x016F0101,0x6F6F6F01,0x016F6F6F,0x6F6F016F,0x6F6F6F6F,
	0x6F6F6F6F,0x6F6F6F6F,0x6F6F6F6F,0x016F0101,0x6F6F016F,0x6F016F01,0x6F6F0101,0x6F6F6F6F,

	0x9F414242,0x3F3F4040,0xB3B4B43F,0x3D3D3DB3,0xB1B1B2B2,0x9DB03C3C,0x3B3B3B3B,0x393A3AAE,
	0x3838AD39,0x36363637,0xABAC3636,0xA9A9AAAB,0x2692202C,0x953232A6,0x2F30A5A5,0xA22EA3A4,
	0xA0A12C2D,0x2A9E9F9F,0x9C29299D,0x96269A9A,0x21922093,0x93949494,0x9120201D,0x1D1E901F,
	0x1A1A8F8F,0x80198B1A,0x6F6F016F,0x6F6F6F6F,0x6F6F0101,0x9D8E706F,0x07736F10,0x76077875,
	0x77760606,0x016F7478,0x01016F01,0x6F6F6F6F,0x74746F6F,0x6F6F6F01,0x6F6F6F6F,0x6F016F6F,
	0x6F6F6F6F,0x6F6F6F6F,0x6F016F01,0x72726F6F,0x72077778,0x07787773,0x79797777,0x6F6F0607,
	0x6F01016F,0x6F01016F,0x6F6F6F01,0x6F6F016F,0x01016F01,0x6F6F6F6F,0x6F016F6F,0x6F016F6F,
	0x6F016F6F,0x016F6F6F,0x6F6F6F6F,0x6F016F6F,0x6F6F016F,0x6F016F6F,0x6F6F6F6F,0x6F016F6F,

	0x9F414142,0x3F3F4040,0xB3B4B43F,0xB23D3DB3,0x3CB1B1B2,0x2AB0B03C,0xAE3B3B3B,0x393A3AAE,
	0x3838ADAD,0x36363637,0xABAC3636,0xA9A9AAAA,0xA6A7A8A9,0x95323232,0x2F3030A5,0xA22EA3A4,
	0xA0A12C2D,0x2A9E9F9F,0x9C29299D,0x26269A9A,0x96979798,0x94942395,0x2020201D,0x1E1E9120,
	0x191A1E1E,0x88898C8D,0x016F0107,0x6F6F6F6F,0x016F6F6F,0x8572016F,0x78726F71,0x077A0777,
	0x77787579,0x6F6F7307,0x6F6F0101,0x016F6F6F,0x75736F6F,0x01016F01,0x6F016F6F,0x6F016F6F,
	0x016F6F6F,0x6F016F6F,0x6F016F6F,0x72016F6F,0x74067373,0x7B077979,0x77790978,0x6F6F7879,
	0x6F016F6F,0x6F6F016F,0x6F6F6F01,0x6F6F6F6F,0x6F6F016F,0x6F01016F,0x6F6F6F01,0x6F6F6F6F,
	0x0101016F,0x6F6F6F6F,0x016F6F01,0x6F016F6F,0x6F6F6F01,0x016F6F6F,0x016F6F01,0x6F6F6F6F,

	0x9F414141,0x3F3F4040,0xB3B4B4B4,0xB23D3DB3,0x3CB1B1B2,0x9FB0B03C,0xAE3B3B3B,0x393A3A3A,
	0x3738ADAD,0x36363637,0xABACAC36,0xA9A9AAAA,0x2D9EA032,0x23323232,0x2F3030A5,0xA22EA3A4,
	0xA0A12C2D,0x2A9E9F9F,0x9C29299D,0x26999A9A,0x97989826,0x23239596,0x2021201E,0x901F9120,
	0x1A1B8F1E,0x88888C8D,0x6F6F0183,0x6F6F6F6F,0x016F6F6F,0x6F6F6F6F,0x06706F01,0x75770679,
	0x06797707,0x016F747A,0x6F6F6F6F,0x016F6F6F,0x78736F01,0x016F016F,0x6F01016F,0x6F016F6F,
	0x6F6F6F6F,0x6F6F6F6F,0x6F6F6F01,0x77716F6F,0x7A770779,0x7B7A7778,0x79787B07,0x6F017778,
	0x6F6F0101,0x6F6F6F6F,0x6F6F6F6F,0x6F6F6F6F,0x6F6F016F,0x6F6F6F6F,0x6F6F6F6F,0x6F6F6F6F,
	0x6F6F6F6F,0x016F6F01,0x01016F6F,0x016F6F01,0x6F6F016F,0x6F6F6F01,0x6F016F01,0x6F6F016F,

	0x9F414142,0x3F3F3F40,0xB3B3B4B4,0xB2B23D3D,0x3CB1B1B1,0xA0B0B0B0,0xAEAE3B3B,0x39393A3A,
	0x373838AD,0x36363636,0xABACAC36,0xA9A9A9AA,0x921B8E9F,0x23313232,0xA42F30A5,0xA2A2A3A3,
	0xA0A12C2D,0x2A9E9F9F,0x9C29299D,0x269A9A9B,0x97989826,0x23239596,0x2021201E,0x90911F20,
	0x8F8F8F1D,0x88898C19,0x6F017B88,0x6F016F6F,0x016F6F6F,0x016F6F6F,0x77016F01,0x76770678,
	0x78070707,0x016F0678,0x016F6F6F,0x016F6F6F,0x06726F6F,0x016F0101,0x6F6F6F6F,0x016F6F6F,
	0x6F6F6F6F,0x6F6F016F,0x6F6F6F6F,0x75726F6F,0x797A777B,0x7B780776,0x7A797807,0x6F017A78,
	0x6F6F016F,0x6F6F6F6F,0x6F6F016F,0x6F6F016F,0x6F6F016F,0x6F6F6F6F,0x6F6F6F6F,0x6F6F6F6F,
	0x6F6F6F6F,0x6F6F6F6F,0x6F016F6F,0x6F016F6F,0x6F6F016F,0x6F010101,0x6F6F6F01,0x6F6F016F,

	0x9F414141,0x3F3F3F40,0xB3B3B4B4,0xB2B23D3D,0x3C3CB1B1,0x2CAFB0B0,0xAEAE3B3B,0xAD39393A,
	0x373838AD,0x36363636,0xABABAC36,0xA9A9A9AA,0xA6A7A7A8,0x23313232,0xA42F30A5,0xA22E2EA3,
	0xA0A12C2D,0x2A9E9F9F,0x9C9C299D,0x269A9A9B,0x97989826,0x94239596,0x9221201E,0x90912020,
	0x1A8F8F1E,0x868C8B19,0x01738587,0x6F6F6F6F,0x016F6F6F,0x6F6F016F,0x7D716F6F,0x7E7A7706,
	0x1310827F,0x6F6F1287,0x6F6F6F6F,0x6F6F0101,0x76736F6F,0x6F6F6F6F,0x01016F6F,0x6F6F6F6F,
	0x6F6F6F01,0x016F6F6F,0x01016F01,0x06716F01,0x78077707,0x7A767C78,0x77790779,0x0101077A,
	0x6F6F6F6F,0x6F6F016F,0x6F6F6F6F,0x6F6F6F01,0x6F6F6F6F,0x01016F01,0x6F6F6F6F,0x6F6F6F01,
	0x6F6F6F6F,0x016F6F6F,0x6F6F016F,0x6F01016F,0x6F016F6F,0x6F6F6F6F,0x6F016F6F,0x6F6F016F,

	0x9F414141,0xB43F3F3F,0x3DB3B4B4,0xB2B23D3D,0x3C3CB1B1,0xA3AFB0B0,0x3AAEAE3B,0xAD39393A,
	0x373738AD,0x36363636,0xAAABACAC,0xA9A9A9AA,0xA4A4A6A7,0x94313232,0xA42F30A5,0x2DA2A3A3,
	0xA0A0A12C,0x9D9E9F9F,0x9C9C2929,0x269A9A9B,0x97989826,0x23239596,0x20212090,0x1E901F20,
	0x1A1A8F1D,0x888C191A,0x6F7E1386,0x6F01016F,0x6F6F6F6F,0x6F6F6F6F,0x94876F6F,0xA6840707,
	0xABAAA9A9,0x6F71A9AC,0x6F6F6F6F,0x016F6F6F,0x06726F01,0x016F6F01,0x016F6F01,0x6F6F6F01,
	0x6F6F6F6F,0x016F6F6F,0x6F016F6F,0x06706F6F,0x07767806,0x79787A09,0x07767907,0x6F017678,
	0x6F6F6F01,0x6F6F6F6F,0x016F6F6F,0x6F6F6F6F,0x016F6F6F,0x6F6F6F01,0x6F6F6F6F,0x6F6F016F,
	0x6F6F6F6F,0x6F6F6F6F,0x0101016F,0x6F016F6F,0x6F6F6F01,0x6F6F6F01,0x6F6F6F6F,0x6F6F6F6F,

	0x9F404141,0xB4B43F3F,0x3DB3B3B4,0xB1B23D3D,0x3C3CB1B1,0xA5AFAFB0,0x3AAEAE3B,0xAD39393A,
	0x37373838,0x36363636,0xAAABACAC,0xA9A9A9AA,0x9089139E,0x94313232,0xA42F3030,0x2DA22EA3,
	0xA0A0A12C,0x9D2A9E9F,0x9C9C2929,0x269A9A9B,0x97989826,0x23239596,0x20219190,0x90909120,
	0x1A1B1D90,0x888B1A1A,0x71851286,0x6F6F6F6F,0x6F6F016F,0x6F016F01,0x1A86016F,0xAC8F7878,
	0xACACAC36,0x017EAA36,0x6F6F6F6F,0x016F6F6F,0x78706F6F,0x6F010101,0x6F6F6F6F,0x01016F01,
	0x6F6F6F6F,0x016F016F,0x6F6F6F6F,0x78700101,0x79767777,0x787B7806,0x79770707,0x6F017B78,
	0x016F6F6F,0x6F6F6F01,0x6F6F6F6F,0x6F016F6F,0x6F6F6F6F,0x6F6F0101,0x6F6F6F6F,0x6F6F6F6F,
	0x6F6F6F6F,0x6F6F6F6F,0x6F6F6F6F,0x6F016F6F,0x6F6F0101,0x6F6F6F6F,0x6F6F6F6F,0x016F016F,

	0x9F404141,0xB4B43F3F,0x3DB3B3B3,0xB1B2B23D,0xB03C3CB1,0xA7AFAFB0,0x3AAEAE3B,0xADAD393A,
	0x36373838,0x36363636,0xAAABACAC,0xA8A9A9AA,0x32A632A7,0x94313232,0xA4A42F30,0x2DA22EA3,
	0x9FA0A12C,0x9D2A9E9F,0x9C9C2929,0x26999A9B,0x97989826,0x23239596,0x92219191,0x1E1F9120,
	0x1A8E8F1E,0x8A898C8D,0x10121287,0x6F6F6F70,0x6F6F6F6F,0x016F6F6F,0x83846F6F,0xAC970777,
	0xACACACAC,0x7C84AB36,0x016F6F6F,0x6F6F6F6F,0x06726F6F,0x6F6F6F01,0x016F6F6F,0x016F6F01,
	0x6F6F6F6F,0x016F016F,0x6F6F6F6F,0x0670016F,0x79070777,0x07777979,0x067B7778,0x01700707,
	0x0101016F,0x6F016F01,0x6F6F6F6F,0x6F01016F,0x6F6F6F6F,0x6F016F6F,0x016F016F,0x6F6F6F01,
	0x6F6F6F6F,0x01016F6F,0x6F016F6F,0x6F6F6F6F,0x6F6F6F6F,0x6F6F016F,0x6F6F6F6F,0x6F6F6F01,

	0x9E404041,0xB4B43F3F,0x3DB3B3B3,0xB1B2B23D,0xB03C3CB1,0xAAAFAFB0,0x3AAEAE3B,0xADAD3939,
	0x36373738,0x36363636,0xAAABABAC,0xA8A9A9A9,0xA530A6A7,0x94313132,0xA3A42F30,0x2DA22E2E,
	0x9FA0A12C,0x9D2A9E9F,0x9C9C2929,0x26999A9A,0x97979826,0x23239596,0x20219091,0x1E1F9120,
	0x8E8F8F1E,0x898A8C8C,0x85131288,0x6F6F017D,0x6F6F6F6F,0x6F016F6F,0x7D796F6F,0xAC9F0776,
	0xACACACAC,0x7E10AB36,0x6F01016F,0x6F016F6F,0x7672016F,0x6F6F6F01,0x6F016F01,0x6F6F6F01,
	0x01016F6F,0x01016F6F,0x6F6F6F01,0x78010101,0x78077907,0x07787A79,0x07797875,0x6F707879,
	0x6F6F6F6F,0x016F6F01,0x6F6F6F6F,0x6F6F016F,0x016F6F01,0x6F6F6F6F,0x016F6F6F,0x6F6F016F,
	0x016F6F6F,0x6F6F6F6F,0x01016F6F,0x016F6F6F,0x6F6F6F01,0x6F6F6F6F,0x6F01016F,0x6F6F6F6F,

	0x9E404040,0xB4B4B43F,0x3D3DB3B3,0xB1B2B2B2,0xB0B03C3C,0xAB3BAFAF,0x3A3AAEAE,0x38AD3939,
	0x36373738,0x36363636,0xAAABABAC,0xA8A9A9A9,0x8F10879C,0x94A53132,0xA3A42F30,0x2DA22E2E,
	0x9FA0A12C,0x9D2A9E9F,0x9B9C2929,0x26999A9A,0x97979826,0x23239596,0x92219020,0x901F9120,
	0x1A1B8F1E,0x88888C19,0x7F811085,0x6F010109,0x6F6F6F6F,0x6F6F6F6F,0x06726F6F,0xAC317D77,
	0xACACACAC,0x7E12ABAC,0x6F6F6F6F,0x6F6F0101,0x77716F01,0x6F6F6F01,0x01016F6F,0x6F6F6F6F,
	0x6F6F6F6F,0x6F6F0101,0x6F6F6F6F,0x76016F6F,0x7B060677,0x77077878,0x09777809,0x6F707B78,
	0x6F6F0101,0x6F6F6F6F,0x6F6F6F6F,0x6F6F6F6F,0x6F6F6F6F,0x6F010101,0x016F6F6F,0x6F6F0101,
	0x6F01016F,0x6F6F6F6F,0x6F6F6F6F,0x6F016F6F,0x6F01016F,0x6F6F6F6F,0x016F016F,0x6F6F6F6F,

	0x2A3F4040,0xB3B4B43F,0x3D3DB3B3,0xB1B1B1B2,0xB0B03C3C,0xAD3BAFAF,0x3A3AAEAE,0x38AD3939,
	0x36373738,0xAC363636,0xAAAAABAC,0xA8A8A9A9,0x3232A3A5,0x94A53132,0xA3A42F2F,0x2DA2A22E,
	0x9FA0A12C,0x9D9D9E9F,0x9B9C9C29,0x26999A9A,0x97979826,0x23239595,0x20921D20,0x1D909120,
	0x8A1A8E1D,0x7C7D1087,0x01017076,0x6F6F6F01,0x6F016F6F,0x0101016F,0x0772016F,0xACA98579,
	0xABABABAC,0x7E88ACAC,0x6F6F016F,0x016F6F01,0x7670016F,0x6F016F01,0x6F6F016F,0x6F6F6F6F,
	0x6F6F6F6F,0x6F01016F,0x016F6F01,0x7401016F,0x7907767A,0x797A7978,0x077A0679,0x6F717B7A,
	0x6F016F6F,0x6F6F6F6F,0x6F016F6F,0x6F6F6F01,0x6F01016F,0x6F6F016F,0x6F6F6F6F,0x6F6F6F6F,
	0x6F6F6F01,0x6F6F6F6F,0x6F6F016F,0x016F6F6F,0x016F6F6F,0x6F6F6F6F,0x6F6F6F6F,0x6F6F016F,

	0x2A3F4040,0xB3B4B43F,0xB23D3DB3,0xB1B1B2B2,0xB0B03C3C,0x3B3BAFAF,0x3A3A3AAE,0x38ADAD39,
	0x36363738,0xAC363636,0xA9AAABAB,0xA7A8A9A9,0x3232A6A7,0x94A53132,0xA3A42F30,0x2C2DA22E,
	0x9F9FA0A1,0x299D2A9F,0x9B9C9C29,0x26999A9A,0x96979898,0x94239595,0x20208F20,0x888A1A1E,
	0x737B7D85,0x6F010101,0x6F016F6F,0x6F6F6F6F,0x6F6F6F6F,0x6F6F016F,0x77016F6F,0xABAA8B76,
	0xABABABAB,0x7F8AACAC,0x6F6F6F6F,0x6F6F6F6F,0x77706F6F,0x6F6F6F70,0x6F6F6F6F,0x6F6F6F01,
	0x6F6F6F6F,0x6F6F6F6F,0x016F6F6F,0x06016F6F,0x767B7878,0x79787877,0x76797706,0x6F72797A,
	0x6F6F6F6F,0x6F6F6F6F,0x6F6F6F6F,0x6F6F6F01,0x016F016F,0x016F6F6F,0x6F6F016F,0x6F016F6F,
	0x6F6F6F6F,0x6F6F0101,0x6F6F6F01,0x6F6F6F6F,0x6F6F6F6F,0x01010101,0x6F6F6F6F,0x01010101,

	0x2AB44040,0xB3B3B4B4,0xB23D3DB3,0x3CB1B1B2,0xAFB0B03C,0xAE3B3BAF,0x393A3AAE,0x3838AD39,
	0x36363737,0xAC363636,0xA9AAABAB,0xA7A8A9A9,0x8F131B9F,0x93A53132,0xA3A4A42F,0x2C2DA22E,
	0x9F9FA0A1,0x299D2A9E,0x9B9C9C29,0x26269A9A,0x96979898,0x91212395,0x83881219,0x0171747D,
	0x6F016F01,0x6F6F6F6F,0x016F6F6F,0x6F6F6F6F,0x016F6F6F,0x6F6F016F,0x786F6F6F,0xABAB8E06,
	0xABABABAB,0x828BACAB,0x6F6F6F6F,0x6F6F6F6F,0x76716F01,0x6F6F0170,0x6F6F6F6F,0x6F6F6F6F,
	0x6F6F6F6F,0x6F6F016F,0x6F6F6F01,0x77016F6F,0x78777907,0x77077A07,0x7B777B79,0x6F727777,
	0x6F6F016F,0x6F6F6F01,0x6F6F016F,0x6F6F016F,0x6F6F016F,0x6F6F0101,0x6F6F6F6F,0x6F6F6F01,
	0x6F6F6F6F,0x6F6F016F,0x6F6F6F6F,0x6F6F6F6F,0x6F6F6F6F,0x6F016F6F,0x6F6F6F01,0x6F016F6F,

	0x2AB43F40,0xB3B4B4B4,0xB23D3D3D,0x3CB1B1B2,0xAFB0B03C,0xAE3B3BAF,0x393A3AAE,0x3838ADAD,
	0x36363737,0xACAC3636,0xA9AAAAAB,0xA7A8A9A9,0x2F2C9F2F,0x93A53131,0xA3A4A42F,0x2C2DA22E,
	0x9F9FA0A1,0x299D2A9E,0x9B9C9C29,0x2626999A,0x23979898,0x797F8687,0x01010172,0x6F6F6F6F,
	0x6F6F6F01,0x6F6F6F6F,0x0101016F,0x6F016F6F,0x6F6F6F6F,0x6F6F6F6F,0x076F016F,0xABAB1A79,
	0xABABABAB,0x7F19ACAB,0x6F6F6F6F,0x6F6F6F01,0x75706F6F,0x6F6F6F70,0x016F6F6F,0x6F6F6F6F,
	0x6F6F6F6F,0x6F6F6F6F,0x6F01016F,0x76016F6F,0x7A777907,0x77077A79,0x7A07777B,0x01727A07,
	0x6F6F6F6F,0x6F6F016F,0x6F016F6F,0x016F6F01,0x6F6F6F6F,0x6F01016F,0x6F6F6F6F,0x6F6F6F6F,
	0x6F016F6F,0x6F6F6F6F,0x6F6F6F01,0x016F6F6F,0x6F6F6F01,0x016F6F6F,0x6F016F6F,0x6F6F016F,

	0x9DB33F40,0xB3B3B4B4,0xB2B23D3D,0x3CB1B1B1,0xAFB0B0B0,0xAEAE3BAF,0x39393AAE,0x3838ADAD,
	0x36363637,0xACAC3636,0xA9A9AAAB,0xA7A8A8A9,0x9A9F2F32,0x20999998,0x2EA3A42F,0x2C2DA2A2,
	0x9F9FA0A1,0x299D2A9E,0x9B9C9C29,0x2626999A,0x95979898,0x6F016F83,0x016F6F6F,0x6F6F016F,
	0x6F6F6F6F,0x6F016F6F,0x6F6F016F,0x016F016F,0x6F6F0101,0x6F6F6F6F,0x766F6F6F,0xABAB8F7B,
	0xABAAAAAB,0x7F1AACAB,0x016F6F6F,0x6F016F6F,0x06010101,0x016F6F70,0x6F6F6F6F,0x6F016F6F,
	0x6F6F6F6F,0x6F016F6F,0x6F6F6F6F,0x746F6F6F,0x06787778,0x79777A79,0x7807797B,0x6F757609,
	0x6F6F016F,0x6F01016F,0x6F6F6F6F,0x016F0101,0x6F6F6F01,0x016F6F6F,0x6F6F016F,0x6F6F6F6F,
	0x6F6F6F6F,0x6F016F6F,0x6F6F6F6F,0x016F0101,0x6F6F6F6F,0x6F016F01,0x6F6F0101,0x6F6F6F01,

	0x9D3D3F3F,0xB3B3B4B4,0xB2B23D3D,0x3C3CB1B1,0xAFAFB0B0,0xAEAE3B3B,0x39393A3A,0x3838ADAD,
	0x36363637,0xABAC3636,0x2D32A9AB,0x97269929,0x1B138320,0x93A5A530,0x2EA3A42F,0x2C2C2DA2,
	0x9F9FA0A1,0x299D2A9E,0x9A9C9C29,0x2626999A,0x23979798,0x6F6F6F7E,0x6F6F6F6F,0x6F6F6F6F,
	0x6F6F6F6F,0x0101016F,0x6F6F016F,0x6F6F6F6F,0x6F6F6F01,0x6F6F6F6F,0x766F016F,0xABAA2107,
	0xAAAAABAB,0x7F8FACAA,0x016F016F,0x016F6F6F,0x75016F6F,0x6F6F6F70,0x6F016F6F,0x6F016F6F,
	0x6F6F6F6F,0x6F6F6F6F,0x6F016F6F,0x766F6F6F,0x077A7A76,0x067B7A79,0x7A067A79,0x6F757707,
	0x6F01016F,0x6F6F6F6F,0x6F6F6F6F,0x016F6F6F,0x6F016F01,0x6F6F6F6F,0x6F6F016F,0x6F016F6F,
	0x6F016F6F,0x016F6F6F,0x6F6F6F6F,0x6F01016F,0x6F6F016F,0x6F016F6F,0x6F6F6F01,0x6F6F6F6F,

	0x29B13F3F,0x3DB3B3B4,0xB2B2B23D,0x3C3CB1B1,0xAFAFB0B0,0xAEAE3B3B,0xAD393A3A,0x373838AD,
	0xAB363636,0x9A9B9D30,0x9F9A9523,0xA7A8A62F,0xA099232E,0x9330A531,0x2EA3A42F,0xA12C2DA2,
	0x9F9FA0A0,0x299D2A9E,0x9A9B9C9C,0x2626999A,0x96979798,0x6F6F6F8D,0x6F6F6F6F,0x6F6F6F01,
	0x6F01016F,0x6F6F016F,0x016F016F,0x6F6F6F6F,0x016F6F6F,0x016F6F6F,0x756F6F6F,0xAAAA2006,
	0xAAAAAAAA,0x838FACAA,0x6F01726F,0x016F6F6F,0x06016F6F,0x01016F70,0x6F6F6F6F,0x6F016F6F,
	0x6F6F016F,0x6F6F6F6F,0x01016F6F,0x74016F6F,0x7B077707,0x06797A77,0x7907797B,0x6F727977,
	0x6F016F6F,0x6F6F016F,0x6F6F6F01,0x6F6F6F6F,0x6F6F016F,0x6F016F6F,0x6F6F6F6F,0x6F6F6F6F,
	0x0101016F,0x6F6F6F6F,0x6F6F6F01,0x6F016F6F,0x6F6F0101,0x016F6F6F,0x016F6F6F,0x6F6F6F01,

	0x293C3F3F,0x3DB3B3B3,0xB1B2B23D,0x3C3CB1B1,0x3BAFB0B0,0xAEAE3B3B,0xAD39393A,0x9A2CA636,
	0x2A9A2699,0xABA9322C,0xA9A9A626,0xA7A7A8A9,0x323232A6,0x9330A531,0x2EA3A42F,0xA12C2DA2,
	0x9E9F9FA0,0x29299D2A,0x9A9B9C9C,0x9826999A,0x95979798,0x6F6F7E94,0x6F6F6F6F,0x6F6F016F,
	0x6F6F6F01,0x6F016F6F,0x6F6F6F6F,0x6F6F6F6F,0x016F6F6F,0x016F6F6F,0x766F6F01,0xAAAA9107,
	0xAAAAAAAA,0x831EABAA,0x6F7D066F,0x016F6F6F,0x78016F01,0x016F0171,0x6F01016F,0x6F016F6F,
	0x016F016F,0x6F6F6F6F,0x6F6F6F01,0x746F6F6F,0x0909787A,0x7A78797C,0x76090607,0x6F747979,
	0x6F6F016F,0x6F6F6F6F,0x6F6F6F6F,0x6F6F6F6F,0x6F6F016F,0x6F6F6F6F,0x6F6F6F6F,0x6F6F6F6F,
	0x6F6F6F6F,0x016F0101,0x01016F6F,0x016F6F6F,0x6F6F016F,0x6F6F6F6F,0x6F016F01,0x016F016F,

	0x29B03F3F,0x3DB3B3B3,0xB1B2B2B2,0xB03C3CB1,0x3BAFAFB0,0xA5AB393B,0x9E9FA1A2,0xAB312D9D,
	0x36363636,0xA9ABAC36,0xA9A93226,0xA6A7A8A8,0x9323262F,0x9330A530,0xA2A3A3A4,0xA12C2DA2,
	0x9E9F9FA0,0x29299D2A,0x9091949A,0x98269591,0x96979798,0x6F011D95,0x01016F6F,0x6F6F6F6F,
	0x6F6F6F01,0x6F6F016F,0x6F6F6F6F,0x6F016F6F,0x6F016F6F,0x6F6F6F6F,0x07016F01,0xAAAA2978,
	0xAAA9AAAA,0x8291ABAA,0x707E7501,0x6F6F6F6F,0x77016F6F,0x6F6F0171,0x6F6F6F6F,0x016F6F6F,
	0x6F6F6F6F,0x6F6F016F,0x6F6F6F6F,0x766F6F6F,0x7A797906,0x79780609,0x78077B07,0x6F777577,
	0x6F6F016F,0x6F6F6F6F,0x6F6F6F6F,0x6F6F016F,0x6F6F016F,0x6F6F6F6F,0x6F6F6F6F,0x6F6F6F6F,
	0x016F6F6F,0x6F6F6F6F,0x6F016F6F,0x6F6F6F01,0x6F6F016F,0x6F6F6F01,0x6F6F6F01,0x6F6F016F,

	0x9FB0B43F,0x3D3DB3B3,0xB1B1B2B2,0xADAF3CB1,0x299D2EA8,0x9DA22929,0xADAD39AD,0x37373838,
	0x9A2EA936,0x938A1D94,0xA9A9A626,0xA6A7A7A8,0x9A2320A2,0x932F30A5,0xA2A3A3A4,0xA12C2DA2,
	0x9E9F9FA0,0x92269D2A,0x9A269521,0x9826999A,0x95969798,0x6F132395,0x6F6F6F6F,0x016F6F6F,
	0x6F6F6F6F,0x016F6F6F,0x6F6F0101,0x7001016F,0x737D7A76,0x6F6F0101,0x9A70016F,0xAAA9309B,
	0xA9A9AAAA,0x8220ABAA,0x077D7201,0x016F6F6F,0x74016F6F,0x6F6F6F73,0x01016F6F,0x6F6F6F6F,
	0x6F6F6F6F,0x016F6F6F,0x6F016F01,0x726F6F01,0x7A757979,0x06797979,0x7A787C7D,0x6F747B07,
	0x6F6F6F6F,0x6F6F016F,0x6F6F6F6F,0x6F6F6F6F,0x6F6F6F01,0x01010101,0x6F6F6F01,0x6F6F0101,
	0x6F6F016F,0x6F6F6F6F,0x016F6F6F,0x016F6F6F,0x6F016F6F,0x6F6F6F6F,0x6F016F6F,0x6F6F6F6F,

	0x2F3CB43F,0xB13D3DB3,0x2CA3A939,0xA22CA12C,0x3B3B36A7,0x9F3AAE3B,0xA8363939,0x1920982C,
	0x73737685,0x2E7D0674,0xA9A9A626,0xA6A6A7A8,0x31323232,0x932F30A5,0xA22EA3A4,0xA12C2DA2,
	0x9E9F9FA0,0x29299D2A,0x9A9A9C9C,0x98262699,0x95969798,0x77202395,0x6F6F6F6F,0x6F6F016F,
	0x6F6F6F6F,0x016F6F6F,0x74700101,0x7F7D7B7B,0x7E7D7D7D,0x6F6F6F01,0x2A016F6F,0xA9A9A9A9,
	0xA9A9A9AA,0x8321ABA9,0x7E7E7101,0x016F0171,0x06016F01,0x016F6F71,0x01016F01,0x6F6F6F6F,
	0x6F6F6F6F,0x016F6F6F,0x6F016F6F,0x726F6F6F,0x777A7907,0x07787B7A,0x767B077A,0x6F760779,
	0x6F6F6F01,0x6F6F6F6F,0x016F6F6F,0x6F6F6F6F,0x6F6F6F6F,0x6F6F6F01,0x6F6F6F6F,0x6F6F016F,
	0x6F6F6F6F,0x6F016F6F,0x0101016F,0x6F016F01,0x6F6F6F01,0x6F6F6F01,0x6F6F6F6F,0x016F6F6F,

	0x26B2B4B4,0xA12CA02C,0x3C39A72E,0xB0B03C3C,0x3B3BAFAF,0x2D3AAEAE,0x717F89AA,0x72727271,
	0x76747373,0x36197675,0xA9A9A626,0xA6A7A7A8,0x9899A432,0x942F302F,0xA22EA3A4,0xA1A12C2D,
	0x9E9F9FA0,0x29299D2A,0x9A9B9B9C,0x98262699,0x95969798,0x8D942395,0x6F6F6F01,0x6F6F6F6F,
	0x6F6F6F6F,0x7401016F,0x83107E09,0x81828283,0x7D7E7E7E,0x6F016F74,0x2901016F,0xA9A9A9A9,
	0xA9A9A9A9,0x1093ABA9,0x7E7F7270,0x016F6F06,0x76016F6F,0x6F010171,0x016F016F,0x6F6F6F01,
	0x6F6F6F6F,0x016F6F6F,0x6F6F6F6F,0x736F0101,0x787B7976,0x797B787B,0x79797974,0x017A7A7A,
	0x6F016F6F,0x6F6F6F01,0x6F6F6F6F,0x6F016F6F,0x6F6F6F6F,0x6F6F6F01,0x6F6F6F6F,0x6F6F6F6F,
	0x6F6F6F6F,0x6F6F6F6F,0x6F6F6F6F,0x6F01016F,0x6F6F0101,0x6F6F6F01,0x6F6F6F6F,0x6F6F6F6F,

	0xA53DB4B4,0xB23D3DB1,0x3CB1B1B2,0xB0B03C3C,0x3B3BAFAF,0x2E3AAEAE,0x71700132,0x74737372,
	0x74767474,0xAB9F7476,0xA9A9A626,0xA6A6A7A8,0x938F86A1,0x942F30A4,0xA22E2EA3,0xA0A12C2D,
	0x9E9E9F9F,0x9C29292A,0x9A9A9B9C,0x98262699,0x95969797,0x21942323,0x6F6F6F82,0x6F6F0101,
	0x09730101,0x8512847E,0x10121313,0x7E828484,0x7D7D7E7E,0x016F017D,0x9C01016F,0xA9A9A9A9,
	0xA9A9A9A9,0x1094AAA9,0x7E7E7271,0x6F6F707D,0x736F6F6F,0x6F016F74,0x016F6F6F,0x016F6F01,
	0x6F6F6F6F,0x016F016F,0x6F6F6F6F,0x726F016F,0x7A067877,0x7979777A,0x7C777878,0x01767B77,
	0x01016F6F,0x6F6F6F01,0x6F6F6F6F,0x6F016F6F,0x6F6F6F6F,0x6F01016F,0x016F6F01,0x6F6F6F01,
	0x6F6F6F6F,0x01016F6F,0x01016F01,0x6F016F6F,0x016F016F,0x6F6F6F6F,0x6F6F6F6F,0x6F6F0101,

	0xA73DB4B4,0xB23D3D3D,0x3CB1B1B2,0xAFB0B03C,0x3B3B3BAF,0xA43A3AAE,0x72700131,0x74747372,
	0x77747376,0x38B17975,0xA8A9A626,0x32A6A7A8,0xA5313132,0x942F30A5,0xA22E2EA3,0xA0A12C2D,
	0x2A9E9F9F,0x9C29299D,0x9A9A9B9C,0x98982699,0x95969797,0x93942323,0x6F6F701D,0x7D06016F,
	0x8C871310,0x87888D8A,0x10851213,0x80808210,0x7F7E7E7F,0x6F017B7D,0x99016F6F,0xA9A9A9A9,
	0xA9A9A9A9,0x8495AAA9,0x7E7E7170,0x6F01787E,0x756F016F,0x6F6F6F74,0x6F6F6F01,0x6F6F6F01,
	0x016F016F,0x016F6F6F,0x6F6F6F6F,0x716F0101,0x7A777679,0x78777A78,0x06797578,0x01067A79,
	0x6F6F6F6F,0x016F6F01,0x6F6F6F6F,0x6F6F016F,0x016F6F01,0x6F6F6F6F,0x016F6F6F,0x6F6F016F,
	0x016F6F6F,0x6F6F6F6F,0x01016F6F,0x6F6F6F6F,0x6F6F6F01,0x6F6F6F6F,0x6F01016F,0x6F6F6F6F,

	0x32B2B3B4,0xB2B23D3D,0x3CB1B1B2,0xAFB0B03C,0xAE3B3BAF,0x2F3A3AAE,0x737101A5,0x75737373,
	0x75777677,0x3B4C8477,0xA8A93226,0x32A6A7A7,0x9F2C3032,0x232F2F2F,0xA2A2A3A3,0xA0A12C2D,
	0x2A9E9F9F,0x9C29299D,0x9A9A9B9C,0x98982699,0x95969797,0x93949423,0x79717F20,0x8F198581,
	0x1A1A8F8F,0x8A8B198D,0x84851387,0x7F828382,0x7D7F7E7E,0x6F747D09,0x986F6F6F,0xA9A9A9A9,
	0xA9A9A9A9,0x8397AAA9,0x7E800171,0x6F017D7D,0x06016F01,0x6F6F6F72,0x6F016F6F,0x6F6F6F01,
	0x016F6F6F,0x6F6F6F01,0x6F6F6F6F,0x736F6F6F,0x74077877,0x0776777A,0x79787B7A,0x01070679,
	0x6F6F6F01,0x016F6F6F,0x6F6F6F6F,0x6F6F6F6F,0x016F6F01,0x6F01016F,0x016F6F6F,0x6F6F016F,
	0x6F6F6F6F,0x6F6F6F01,0x6F6F6F6F,0x6F016F6F,0x6F01016F,0x6F6F6F6F,0x6F6F016F,0x6F6F6F6F,

	0x313CB3B4,0xB2B2B23D,0x3C3CB1B2,0xAFB0B0B0,0xAE3B3BAF,0x2F3A3AAE,0x7272012F,0x76747473,
	0x74747576,0x3CB99575,0xA8A93226,0x32A6A7A7,0x8F8A852C,0x232F2F2E,0x2DA22EA3,0xA0A12C2C,
	0x2A9E9F9F,0x9C29299D,0x9A9A9B9C,0x98982626,0x95959697,0x93932323,0x8F1A8A20,0x1D909090,
	0x191A8E8F,0x89898B8A,0x10138787,0x7F828383,0x7D7E7E7F,0x01077D7D,0x966F016F,0xA9A9A9A9,
	0xA9A9A9A9,0x8398AAA9,0x7E7E0172,0x017A7D7E,0x066F016F,0x6F016F72,0x6F6F0101,0x6F6F6F6F,
	0x6F6F6F6F,0x6F01016F,0x016F0101,0x726F016F,0x7A7A7877,0x7907067B,0x7B06077B,0x01797978,
	0x6F016F6F,0x6F016F6F,0x6F6F6F6F,0x6F016F01,0x6F016F6F,0x6F6F0101,0x6F6F6F01,0x6F6F6F6F,
	0x6F6F6F01,0x6F6F6F6F,0x6F6F6F6F,0x6F6F6F6F,0x016F6F6F,0x6F6F6F6F,0x6F6F6F6F,0x6F6F016F,

	0x303CB3B4,0xB2B2B23D,0x3C3C3CB1,0xAFAFB0B0,0xAEAE3B3B,0xA23A3A3A,0x727101A4,0x75747574,
	0x76757506,0xB2B9AB06,0xA8A83226,0x3232A6A7,0xA5A52F31,0x23A42F30,0x2DA22E2E,0x9FA02C2C,
	0x2A9E9F9F,0x9C29299D,0x999A9B9C,0x98982626,0x95959697,0x21949423,0x1F1F8D92,0x8F1D1E1F,
	0x191A8F8F,0x87898A19,0x84128888,0x82828285,0x7D7E7E7F,0x797B7D7D,0x236F016F,0xA9A9A9A9,
	0xA9A9A9A9,0x8299AAA9,0x7E7E7072,0x01097C7D,0x736F6F6F,0x6F016F74,0x6F6F6F6F,0x6F6F6F01,
	0x6F6F6F6F,0x6F6F6F6F,0x016F6F6F,0x706F6F6F,0x77770607,0x79777A79,0x787B7778,0x0106777A,
	0x6F6F6F6F,0x016F6F6F,0x6F6F6F6F,0x6F6F6F6F,0x016F016F,0x016F6F6F,0x6F6F6F6F,0x6F016F6F,
	0x6F6F6F6F,0x6F6F0101,0x6F6F6F01,0x016F6F6F,0x6F016F6F,0x01010101,0x6F6F6F6F,0x016F0101,

	0x2FB0B3B3,0xB1B2B23D,0x3C3CB1B1,0xAFAFB0B0,0xAEAE3B3B,0xA1393A3A,0x727101A3,0x73737474,
	0x06067473,0x3CB94782,0xA8A83226,0x3232A6A7,0x2EA23132,0x94A42F30,0x2DA22E2E,0x9FA0A12C,
	0x9D2A9F9F,0x9C29299D,0x999A9A9B,0x98982626,0x95959697,0x93949423,0x91208D20,0x1D1E901F,
	0x8C1A1A1D,0x87888A8B,0x13121386,0x7F7F7F84,0x7D7D7D7E,0x097D7D7D,0x946F6F70,0xA9A9A8A8,
	0xA9A8A9A9,0x839BA9A8,0x7E7D0172,0x797D7E7E,0x736F6F01,0x6F6F0173,0x016F6F6F,0x6F6F6F6F,
	0x6F6F6F6F,0x6F6F016F,0x6F6F6F6F,0x706F6F01,0x07777778,0x79067779,0x07797A06,0x017B777B,
	0x6F6F016F,0x6F6F6F6F,0x6F6F016F,0x6F6F016F,0x6F6F016F,0x6F6F016F,0x6F6F6F6F,0x6F6F6F01,
	0x6F6F6F6F,0x6F6F6F6F,0x6F6F6F6F,0x6F6F6F6F,0x6F6F6F6F,0x6F016F6F,0x6F6F6F01,0x6F016F6F,

	0xA4AFB3B3,0xB1B2B23D,0xB03C3C3C,0xAFAFAFB0,0xAEAE3B3B,0x9E39393A,0x7472012E,0x74747474,
	0x75777675,0xAFB95020,0xA7A83226,0x3232A6A7,0x85871E2F,0x94A42FA2,0x2DA22E2E,0x9FA0A12C,
	0x9D2A9E9F,0x9C9C2929,0x999A9A9B,0x97982626,0x95959697,0x93949423,0x20918D92,0x8F1D1E1F,
	0x1A1A1B8F,0x888A898D,0x12128586,0x7E801083,0x7E7E7E7E,0x097D7C7C,0x216F0179,0xA9A8A8A8,
	0xA8A8A9A9,0x809CA9A8,0x7D7D0176,0x7B7C7E7E,0x756F6F71,0x6F6F6F72,0x016F6F01,0x6F6F6F6F,
	0x6F6F6F6F,0x6F6F6F6F,0x6F016F6F,0x706F6F6F,0x79767777,0x777A7779,0x7A757809,0x71790707,
	0x6F6F6F6F,0x6F6F6F6F,0x6F016F6F,0x016F6F01,0x6F6F016F,0x6F01016F,0x6F6F6F6F,0x6F6F6F6F,
	0x6F6F6F6F,0x6F6F6F6F,0x6F6F6F01,0x016F6F6F,0x6F6F6F01,0x016F6F6F,0x6F016F01,0x6F6F016F,

	0xA33BB3B3,0xB1B1B2B2,0xB03C3CB1,0x3BAFAFB0,0x3AAEAE3B,0x9B393A3A,0x727101A2,0x74747172,
	0x73747674,0xADB9B931,0xA7A83226,0x3232A6A6,0x2FA19D31,0x94A42F2F,0x2D2DA22E,0x9FA0A12C,
	0x9D2A9E9F,0x9C9C2929,0x999A9A9B,0x97989826,0x23959697,0x21939423,0x91918C20,0x8F1D9090,
	0x8D1B8F8F,0x138B8D8C,0x85851313,0x7E7F8383,0x7D7D7E7E,0x7D097C7D,0x206F727C,0xA8A8A8A8,
	0xA8A8A8A8,0x7F29A9A8,0x7D7D0177,0x7D7D7D7E,0x736F0172,0x016F6F75,0x6F6F6F6F,0x6F016F6F,
	0x6F6F6F6F,0x6F016F6F,0x6F6F6F6F,0x016F6F6F,0x79777977,0x07770979,0x777B7779,0x71777707,
	0x6F6F016F,0x6F01016F,0x016F6F6F,0x6F6F6F01,0x6F6F6F01,0x016F6F6F,0x6F6F016F,0x6F6F6F6F,
	0x6F6F6F6F,0x01016F6F,0x6F6F6F6F,0x016F6F01,0x6F6F016F,0x6F016F01,0x6F6F6F01,0x6F6F6F01,

	0x2E3B3DB3,0xB1B1B2B2,0xB03C3C3C,0x3BAFAFB0,0x3AAEAE3B,0x9739393A,0x727001A2,0x75747373,
	0x09767574,0xADB9B9B5,0xA7A83299,0x323232A6,0xA42FA531,0x94A42F2F,0x2C2DA2A2,0x9FA0A12C,
	0x9D2A9E9F,0x9C9C2929,0x999A9A9B,0x97989826,0x23959697,0x21939423,0x1F1F8B21,0x8F8F1E1E,
	0x8B191A1A,0x86888A8B,0x83108686,0x81807F10,0x7E7D7D7E,0x7D097C7D,0x91707709,0xA8A8A8A8,
	0xA8A8A8A8,0x832AA9A8,0x7F7D0106,0x7A7D7D7D,0x726F717B,0x6F6F6F77,0x6F016F6F,0x6F016F01,
	0x6F6F6F6F,0x6F6F6F6F,0x6F6F6F6F,0x706F016F,0x76797707,0x78787B07,0x75077B76,0x71097807,
	0x6F01016F,0x6F6F6F6F,0x6F6F6F6F,0x016F0101,0x6F016F6F,0x6F6F6F6F,0x016F6F6F,0x6F016F01,
	0x6F016F6F,0x6F6F6F6F,0x016F6F6F,0x6F01016F,0x6F6F016F,0x6F016F6F,0x6F6F6F01,0x6F016F6F,

	0xA2AE3DB3,0xB1B1B1B2,0xB0B03C3C,0x3BAFAFB0,0x3A3AAE3B,0x21AD393A,0x7270012D,0x74737273,
	0x8D767473,0xAEB9B94F,0xA7A7329A,0x323232A6,0x888F20A4,0x93A3A42D,0x2C2DA2A2,0x9FA0A0A1,
	0x9D2A9E9F,0x9C9C2929,0x269A9A9B,0x97989826,0x23959697,0x20939423,0x911F8920,0x8F8F1E90,
	0x8C1A1A8F,0x1389888C,0x10121213,0x827F7F83,0x7E7E7D7D,0x07097D7D,0x9071097A,0xA8A8A8A7,
	0xA8A7A8A8,0x839FA9A7,0x7F7D0106,0x7A7A7D7D,0x736F737B,0x01016F74,0x016F6F6F,0x6F016F6F,
	0x6F6F6F6F,0x6F6F6F6F,0x6F016F6F,0x01016F6F,0x07760776,0x77077477,0x0706777B,0x72790776,
	0x6F016F6F,0x6F6F016F,0x6F6F6F01,0x6F6F6F6F,0x6F016F6F,0x6F6F6F6F,0x6F6F016F,0x6F016F6F,
	0x6F01016F,0x6F6F6F6F,0x6F6F6F6F,0x6F016F6F,0x6F6F0101,0x016F6F6F,0x016F6F6F,0x6F6F6F01,

	0xA2AE3D3D,0xB1B1B2B2,0xB0B03C3C,0x3B3BAFAF,0x3A3AAEAE,0x94AD3939,0x7270012D,0x74767373,
	0x29757475,0x3BB9B9B9,0xA7A7329B,0x323232A6,0xA229972F,0x93A3A42F,0x2C2DA2A2,0x9FA0A0A1,
	0x9D2A9E9E,0x9C9C2929,0x26999A9A,0x97989826,0x23959596,0x92939494,0x90918920,0x8E8F1D1E,
	0x8D1A8E1B,0x878A8C8C,0x85851286,0x7F808384,0x7C7F7F7F,0x077D7D7E,0x8F707178,0xA7A7A7A7,
	0xA7A7A8A7,0x7E2CA9A7,0x7D7A017D,0x7C7A7D7E,0x71710779,0x016F0181,0x6F016F6F,0x6F016F6F,
	0x016F6F6F,0x6F6F6F6F,0x6F016F01,0x016F6F6F,0x07077606,0x7A790778,0x067A7878,0x71777777,
	0x6F01016F,0x6F6F6F6F,0x6F6F6F01,0x6F6F6F6F,0x6F6F6F6F,0x6F6F016F,0x6F6F6F6F,0x6F6F6F6F,
	0x6F6F6F6F,0x016F0101,0x01016F01,0x016F6F6F,0x6F6F016F,0x6F6F6F01,0x6F6F6F01,0x016F016F,

	0xA2AE3D3D,0x3CB1B1B2,0xB0B0B03C,0x3B3BAFAF,0x3A3AAEAE,0x26AD3939,0x7270012D,0x76767273,
	0xAF737806,0xAFB9B9B9,0xA6A7319C,0x323232A6,0x3030A531,0x93A3A42F,0x2C2DA2A2,0x9F9FA0A1,
	0x299D9E9E,0x9B9C9C29,0x26999A9A,0x97989826,0x23959596,0x20939394,0x91908920,0x8E8F1E90,
	0x8C1A8F8F,0x1386898B,0x10851386,0x82818310,0x7E7E7E80,0x01077A7D,0x1B6F6F01,0xA7A7A7A7,
	0xA7A7A7A7,0x7E2EA9A7,0x7D7A6F09,0x787C7D7D,0x70730777,0x6F017386,0x6F6F6F6F,0x6F6F016F,
	0x6F6F6F6F,0x016F016F,0x6F6F6F6F,0x016F016F,0x77090677,0x097B7878,0x07077B06,0x717A7778,
	0x6F6F0101,0x6F6F6F6F,0x6F6F6F6F,0x6F6F016F,0x6F01016F,0x6F6F6F6F,0x6F6F6F6F,0x6F6F6F6F,
	0x016F6F6F,0x016F6F6F,0x6F016F6F,0x6F6F6F01,0x6F6F016F,0x6F6F6F01,0x6F6F6F6F,0x6F6F016F,

	0xA2AE3D3D,0x3CB1B1B1,0xAFB0B03C,0xAE3B3BAF,0x393A3AAE,0x9CADAD39,0x717001A2,0x74737272,
	0x4C857573,0xB1B9B9B9,0xA6A7319D,0x31323232,0x8F949B2F,0x21A3A4A2,0x2C2D2D2D,0x9F9FA0A1,
	0x299D2A9E,0x9B9C9C29,0x26999A9A,0x97979826,0x23959596,0x21939394,0x90918820,0x1B1A1D1E,
	0x198D1A1A,0x86888A8A,0x85131386,0x80838110,0x7F7E7D7F,0x016F787D,0x1A6F016F,0xA7A7A7A6,
	0xA7A7A7A7,0x7FA4A8A7,0x7D7C6F7D,0x787A7D7D,0x73790607,0x6F017819,0x016F6F6F,0x6F6F6F6F,
	0x6F6F6F6F,0x6F6F6F6F,0x6F016F01,0x016F6F01,0x78067775,0x747A7B79,0x09777B07,0x75767A77,
	0x6F6F6F6F,0x6F6F016F,0x6F6F6F6F,0x6F6F6F6F,0x6F6F0101,0x01010101,0x6F6F6F01,0x6F6F016F,
	0x6F6F6F6F,0x6F6F6F6F,0x6F6F6F6F,0x016F016F,0x6F016F6F,0x6F6F6F6F,0x6F6F6F6F,0x6F6F6F6F,

	0xA23AB23D,0x3C3CB1B1,0xAFB0B03C,0xAE3B3BAF,0x393A3AAE,0x9FADAD39,0x010101A2,0x74727171,
	0xB9997473,0xB0B9B9B9,0xA6A7312A,0x31323232,0x99211D2F,0x21A3A3A3,0xA12C2D2D,0x9F9FA0A1,
	0x299D2A9E,0x9B9C9C29,0x26999A9A,0x97979898,0x23239596,0x92939394,0x90918820,0x8F8F8F1E,
	0x8C191A1A,0x87888889,0x84121386,0x7E828383,0x7D7D7F7D,0x6F017B7D,0x8D016F6F,0xA7A7A6A6,
	0xA7A7A7A7,0x7E30A8A6,0x7F7A6F7D,0x787B7B7E,0x107A7707,0x6F707B90,0x01016F01,0x6F016F6F,
	0x6F6F6F6F,0x016F6F6F,0x01016F6F,0x6F6F6F6F,0x07777478,0x79797873,0x76097979,0x74787A79,
	0x6F6F6F01,0x6F6F6F6F,0x016F6F6F,0x6F6F6F6F,0x6F6F6F6F,0x6F6F6F01,0x016F6F6F,0x6F6F0101,
	0x6F6F6F6F,0x6F6F6F6F,0x0101016F,0x6F010101,0x6F6F6F01,0x6F6F6F6F,0x6F6F6F6F,0x6F6F6F6F,

	0xA23AB23D,0x3C3CB1B1,0xAFAFB0B0,0xAE3B3BAF,0x393A3A3A,0x2938AD39,0x01016FA2,0x72727170,
	0x50367373,0x3BB9B9B9,0xA6A6312A,0x31323232,0x2F3030A5,0x1A992DA4,0xA12C2D2D,0x9F9F9FA0,
	0x299D2A9E,0x9B9C9C29,0x26999A9A,0x97979898,0x23239596,0x20219394,0x1E918820,0x8F8E1D1E,
	0x8D8D1A1A,0x13898B8B,0x83131386,0x7F7F8283,0x7E097E7E,0x6F707B7E,0x8A016F6F,0xA7A6A6A6,
	0xA6A6A7A7,0x7EA5A8A6,0x7D786F7B,0x7A097D7D,0x83757A7B,0x6F707A20,0x6F6F016F,0x6F6F6F01,
	0x6F6F6F6F,0x016F6F6F,0x6F6F6F01,0x6F6F6F6F,0x75777775,0x0777747A,0x77060976,0x737A0607,
	0x6F016F01,0x6F6F6F01,0x6F6F6F6F,0x6F016F6F,0x6F6F6F6F,0x6F6F6F01,0x6F6F6F6F,0x6F6F016F,
	0x6F6F6F6F,0x6F6F6F6F,0x6F6F6F6F,0x6F01016F,0x6F6F0101,0x016F6F01,0x6F6F6F6F,0x6F6F6F6F,

	0xA23AB23D,0x3C3CB1B1,0xAFAFB0B0,0xAEAE3B3B,0x39393A3A,0x2938ADAD,0x016F6FA2,0x70010101,
	0xB5367D72,0xAE504FB8,0xA6A6A59D,0x31313232,0x1E979F30,0x92292393,0xA12C2D2D,0x9E9F9FA0,
	0x299D2A9E,0x9A9B9C29,0x2699999A,0x97979898,0x23239595,0x20929394,0x1E908820,0x8E8F1E90,
	0x8A191B8F,0x13888A8C,0x84108513,0x817F8283,0x7E7D7D82,0x01787C7D,0x8801016F,0xA6A6A632,
	0xA6A6A6A6,0x8231A7A6,0x7D7C6F09,0x777A7D7D,0x8275067A,0x6F707D8F,0x016F6F6F,0x01010101,
	0x6F6F016F,0x016F016F,0x6F6F6F6F,0x6F6F0101,0x78777875,0x78797779,0x777A077C,0x06757A07,
	0x01016F6F,0x6F6F6F01,0x6F6F6F6F,0x6F016F6F,0x6F6F6F6F,0x6F01016F,0x016F6F01,0x6F6F6F01,
	0x6F6F6F6F,0x01016F01,0x01016F01,0x01016F6F,0x016F016F,0x6F6F6F6F,0x6F6F6F01,0x6F6F0101,

	0x2E3AB2B2,0xB03C3CB1,0xAFAFAFB0,0xAEAE3B3B,0x39393A3A,0x9C38ADAD,0x6F6F6FA2,0xAA977D6F,
	0x45484C42,0x261D9AB2,0x32A6A59E,0x9AA23232,0x208B8897,0x212EA32C,0xA12C2C2D,0x9E9F9FA0,
	0x29299D2A,0x9A9B9C9C,0x2626999A,0x97979898,0x94239595,0x20929394,0x1E918820,0x1B8F1D90,
	0x8D8D8D1B,0x88898B8A,0x85848513,0x7F808285,0x7E7E7E7E,0x017B7D7D,0x86016F6F,0xA6A63232,
	0xA6A6A6A6,0x8231A7A6,0x7C096F7E,0x7B7A097D,0x81770778,0x6F707E8E,0x016F6F01,0x6F6F6F01,
	0x016F0101,0x016F6F6F,0x6F6F6F6F,0x6F6F016F,0x74790673,0x7A757A79,0x06797877,0x7477777A,
	0x6F6F016F,0x016F6F6F,0x6F6F6F6F,0x6F01016F,0x016F6F01,0x6F6F6F6F,0x016F6F01,0x6F6F6F6F,
	0x016F6F6F,0x6F6F6F6F,0x01016F6F,0x6F6F6F6F,0x6F6F6F01,0x6F6F016F,0x6F016F6F,0x6F6F6F6F,

	0xA33AB2B2,0xB03C3CB1,0x3BAFAFB0,0xAEAE3B3B,0x39393A3A,0x9A3838AD,0x6F6F6FA2,0x5656B692,
	0x2FAA404F,0xA8A82F2A,0x9B2F309E,0x2E9C9898,0xA42F30A5,0x212EA3A4,0xA12C2D2D,0x9E9F9FA0,
	0x29299D2A,0x9A9B9C9C,0x2626999A,0x96979798,0x94239595,0x20219394,0x1D908820,0x1B8F8F1D,
	0x8D8D198F,0x13888888,0x83101313,0x7E7F8283,0x7E7E7E7E,0x7A7A7D7D,0x856F6F01,0xA6323232,
	0xA6A6A6A6,0x8332A6A6,0x7E75017E,0x7A097B7D,0x7E767807,0x6F717F90,0x01016F6F,0x6F6F6F01,
	0x016F6F6F,0x6F6F6F6F,0x6F6F6F6F,0x6F6F6F6F,0x067A7773,0x067A7707,0x7B770978,0x75770777,
	0x6F016F01,0x016F6F6F,0x6F6F016F,0x6F6F6F6F,0x016F6F6F,0x6F01016F,0x016F016F,0x6F6F016F,
	0x6F6F6F6F,0x016F6F01,0x6F6F6F6F,0x6F016F6F,0x6F016F01,0x6F6F6F6F,0x6F6F016F,0x6F6F016F,

	0xA439B2B2,0xB0B03C3C,0x3BAFAFB0,0x3AAEAE3B,0xAD39393A,0x263838AD,0x398601A2,0x3039B650,
	0xA9A93029,0x9EA6A9A9,0x2C9A9593,0xA5313231,0x999D2F30,0x212EA3A2,0xA1A12C2C,0x9E9F9FA0,
	0x29299D2A,0x9A9B9C9C,0x2626999A,0x96979798,0x94239595,0x92219393,0x1D908820,0x1A8F8F1E,
	0x8A8D1A1B,0x8688898A,0x83101286,0x817F8083,0x7E7D7D7E,0x097C7D7E,0x836F6F73,0x32323232,
	0x3232A632,0x1232A632,0x7D066F7D,0x077B7D7C,0x7D750678,0x6F71828F,0x6F6F016F,0x6F6F6F6F,
	0x6F6F6F6F,0x0101016F,0x6F6F016F,0x016F016F,0x79767773,0x77077977,0x787A7707,0x78777B77,
	0x6F6F6F6F,0x6F016F6F,0x6F6F6F6F,0x6F016F01,0x6F016F6F,0x6F010101,0x6F6F6F6F,0x6F6F6F6F,
	0x6F6F6F6F,0x6F6F6F6F,0x6F6F6F6F,0x6F6F6F6F,0x6F6F6F6F,0x6F6F6F6F,0x6F6F6F6F,0x6F6F6F6F,

	0x3039B2B2,0xB0B03C3C,0x3BAFAFAF,0x3AAEAE3B,0xADAD393A,0x973838AD,0xAC388F2E,0xACAB322C,
	0xA3A9AAAB,0x2C982397,0x32A6A632,0xA5313132,0x8C8687A3,0x21A22EA1,0xA0A12C2C,0x9E9F9F9F,
	0x29299D2A,0x9A9B9C9C,0x2626999A,0x96979798,0x94232395,0x20202193,0x1E1D8991,0x1B8E1D1D,
	0x8D191A8E,0x8788888B,0x85851012,0x827F8083,0x7D7E7E7E,0x797C7E7D,0x7E6F7007,0x32323232,
	0x32323232,0x13A6A632,0x7D76017D,0x7A777C7E,0x7C767507,0x6F70828F,0x6F6F6F6F,0x6F6F6F01,
	0x6F6F6F6F,0x6F6F6F6F,0x016F6F6F,0x6F6F6F6F,0x76787474,0x7A740778,0x777B0779,0x78790609,
	0x6F6F0101,0x016F6F6F,0x6F6F6F6F,0x6F6F6F6F,0x6F6F016F,0x016F6F6F,0x6F6F6F6F,0x6F016F6F,
	0x6F6F6F01,0x6F6F6F01,0x016F6F6F,0x016F6F6F,0x01016F6F,0x0101016F,0x6F6F6F6F,0x016F0101,

	0x3139B1B2,0xB0B03C3C,0x3B3BAFAF,0x3A3AAE3B,0xAD39393A,0x95373838,0x3636AAAC,0x32AC3636,
	0x9E98982A,0xA7A8A932,0x3232A6A7,0xA5313132,0xA4A39F2F,0x21A22EA3,0xA0A12C2C,0x9E9E9F9F,
	0x9C299D2A,0x9A9B9C9C,0x98269999,0x96979798,0x94232395,0x20922193,0x1E908920,0x8E1D8F1E,
	0x191A191B,0x868A898D,0x10108513,0x7E7F8082,0x7D7E7E7E,0x797D7D7D,0x076F777B,0x32323231,
	0x32323232,0x86A6A632,0x7D746F7E,0x7A7D7D7D,0x7B740707,0x6F71811D,0x6F6F6F6F,0x6F6F6F6F,
	0x6F6F6F6F,0x6F6F016F,0x6F6F6F6F,0x01016F01,0x07767971,0x797A7607,0x7C777A7A,0x7A797A06,
	0x6F016F01,0x6F6F6F6F,0x6F6F016F,0x016F0101,0x6F6F016F,0x6F6F016F,0x6F6F016F,0x6F016F01,
	0x6F6F6F6F,0x6F6F016F,0x6F6F6F6F,0x6F6F6F6F,0x6F6F6F6F,0x6F016F6F,0x6F6F6F6F,0x6F016F01,

	0x3239B1B1,0xAFB0B03C,0x3B3BAFAF,0x3A3AAEAE,0xADAD3939,0x93373838,0xA9363636,0xA12A9D2C,
	0xA9A9AAA6,0xA7A8A8A9,0x3232A6A7,0xA5A53132,0x9D2C2F30,0x93A22EA3,0xA0A12C2C,0x2A9E9F9F,
	0x9C29299D,0x9A9A9B9C,0x98262699,0x96979798,0x94232395,0x20202193,0x1E1E8A91,0x1B8F1D1D,
	0x8B1A1A1A,0x8789898A,0x83858613,0x7E7F8383,0x7E7D7E7E,0x797D7D7D,0x76747909,0x323232A5,
	0x32323232,0x88A63232,0x7D736F7D,0x787B7E7D,0x7806787B,0x6F72858F,0x6F6F6F01,0x6F6F6F6F,
	0x6F6F6F6F,0x6F6F6F6F,0x6F016F01,0x01016F6F,0x78767771,0x75780706,0x78090779,0x79797B78,
	0x6F6F6F01,0x6F6F6F6F,0x6F6F6F6F,0x016F6F01,0x6F01016F,0x6F01016F,0x6F6F6F6F,0x6F6F6F6F,
	0x6F6F6F6F,0x6F6F6F6F,0x6F6F6F6F,0x016F6F6F,0x6F6F6F6F,0x6F6F6F01,0x6F6F6F01,0x6F01016F,

	0xA839B1B1,0xAFB0B03C,0xAE3B3BAF,0x3A3AAEAE,0xADAD3939,0x20373838,0x9D9C2A31,0xABACAC32,
	0xA9A9AAAA,0xA7A8A8A9,0x3232A6A6,0x30A53132,0x858B8F2E,0x93A22E9F,0xA0A1A12C,0x2A9E9F9F,
	0x9C29299D,0x9A9A9B9C,0x98262699,0x95969798,0x94232395,0x20922193,0x1D1E8A91,0x1A8F1D8F,
	0x888A198E,0x8788888B,0x83851287,0x81808183,0x7E7D7D7E,0x787D097D,0x777C0907,0x3232322F,
	0x32323232,0x8BA63232,0x7C76017D,0x797C7C7C,0x07787578,0x0171858F,0x6F016F6F,0x6F016F6F,
	0x6F6F6F6F,0x6F016F6F,0x6F6F6F6F,0x6F6F6F6F,0x76077473,0x7A777907,0x78770777,0x757B077B,
	0x6F6F0101,0x6F01016F,0x6F6F6F6F,0x6F6F6F6F,0x6F6F6F01,0x01016F6F,0x6F6F6F6F,0x6F6F6F6F,
	0x6F6F6F6F,0x01016F6F,0x6F6F6F6F,0x016F6F01,0x6F6F016F,0x6F010101,0x6F6F6F01,0x6F6F6F01,

	0xA9ADB1B1,0xAFB0B0B0,0xAE3B3BAF,0x3A3A3AAE,0x37ADAD39,0x9B9C9C30,0x363636A7,0xABABAC36,
	0xA9A9AAAA,0xA7A7A8A9,0x323232A6,0x30A53131,0xA29C98A4,0x94A22E2E,0x9FA0A1A1,0x2A9E9F9F,
	0x9C29299D,0x9A9A9B9C,0x98262699,0x95969798,0x94232395,0x20202021,0x1E8F8A1F,0x8E1B8F8F,
	0x8A8D198E,0x86888689,0x10121212,0x82827F83,0x7D7E7E7E,0x077A7D7C,0x07797879,0x323232A3,
	0x32323232,0x8DA63232,0x7D736F7E,0x097D7C7D,0x7976077B,0x6F71851E,0x6F016F6F,0x6F016F01,
	0x6F6F6F6F,0x6F6F6F6F,0x6F6F6F6F,0x6F6F016F,0x77787772,0x7779757B,0x09767807,0x7A7A7974,
	0x6F010101,0x6F6F016F,0x6F6F6F6F,0x016F0101,0x6F6F6F6F,0x6F6F6F6F,0x6F6F6F6F,0x6F6F6F01,
	0x6F6F6F6F,0x6F6F6F6F,0x016F6F6F,0x016F016F,0x6F6F016F,0x6F016F6F,0x6F6F6F01,0x01016F6F,

	0xAB38B1B1,0xAFAFB0B0,0xAE3B3BAF,0xAD3A3AAE,0x9B9D2CAA,0x3636AC2E,0x36363636,0xABABACAC,
	0xA9A9AAAA,0xA6A7A8A9,0x323232A6,0x30A5A531,0x2EA3A42F,0x94A2A22E,0x9FA0A1A1,0x2A9E9F9F,
	0x9C29299D,0x9A9A9B9C,0x98262699,0x95969798,0x93942395,0x20209221,0x1E1E8B91,0x1B8F8F8F,
	0x8B191A1A,0x8787888A,0x83848512,0x817E7F81,0x7E7D7D7E,0x7B7C7C7D,0x07790707,0x323231A2,
	0x32323232,0x1AA63232,0x7D72017F,0x78097D7D,0x0677797B,0x0172121A,0x6F6F6F6F,0x6F016F6F,
	0x6F6F6F6F,0x6F6F6F6F,0x6F016F01,0x016F6F6F,0x7B067601,0x06787A79,0x7A7C7679,0x7B797579,
	0x6F016F01,0x6F6F016F,0x6F6F6F01,0x6F6F6F6F,0x6F010101,0x6F6F6F6F,0x6F010101,0x6F016F6F,
	0x6F01016F,0x6F6F6F6F,0x6F6F6F6F,0x6F016F6F,0x6F6F0101,0x016F6F6F,0x016F6F6F,0x6F6F6F01,

	0xAC383CB1,0xAFAFB0B0,0xAEAE3B3B,0x299EA437,0x3838362C,0x36373737,0x36363636,0xAAABACAC,
	0xA9A9A9AA,0xA6A7A8A8,0x323232A6,0x30A5A531,0x101F23A4,0x232DA22A,0x9FA0A1A1,0x9D9E9E9F,
	0x9C292929,0x9A9A9B9C,0x98262699,0x95969797,0x93942395,0x91202021,0x1D8F8A91,0x1A8E1D8F,
	0x8D191A1A,0x12888A89,0x84831087,0x7E7E8010,0x7D7E7D7F,0x7B7D097D,0x76777779,0x3131312C,
	0x31323231,0x1D323231,0x7D74017F,0x7A7A7D7D,0x7306787B,0x0172868D,0x6F016F6F,0x6F016F01,
	0x016F6F6F,0x6F6F6F6F,0x016F6F01,0x6F6F6F6F,0x74070671,0x79787B7B,0x77077C79,0x0779787C,
	0x6F016F01,0x6F016F6F,0x6F6F6F01,0x6F6F6F6F,0x6F6F6F6F,0x6F6F016F,0x6F6F6F6F,0x6F6F6F6F,
	0x6F6F6F01,0x6F6F016F,0x01016F01,0x016F6F6F,0x6F6F016F,0x6F6F0101,0x6F6F6F01,0x016F016F,

	0xAB373CB1,0xAFAFAFB0,0x9F9E3239,0x3939AA2C,0x3838ADAD,0x36363737,0x36363636,0xAAABABAC,
	0xA9A9A9AA,0xA6A7A7A8,0x313232A6,0x3030A531,0x9C9320A2,0x952DA22D,0x9FA0A1A1,0x9D2A9E9F,
	0x9C9C2929,0x999A9A9C,0x98982626,0x95969797,0x93942323,0x20202121,0x1D8F8A91,0x1A1B8F8F,
	0x8D8D1919,0x8687878A,0x83108512,0x7F807F83,0x7C7E7D7D,0x7D7C097B,0x06747B7B,0x3131319F,
	0x31313131,0x1E323231,0x7E72017E,0x797D7C7D,0x73757778,0x6F721219,0x6F6F6F6F,0x6F6F016F,
	0x6F6F6F6F,0x016F016F,0x6F6F6F6F,0x6F6F6F6F,0x79777770,0x79090778,0x787B787A,0x78777B77,
	0x6F6F0101,0x6F6F6F6F,0x6F6F6F6F,0x6F6F016F,0x016F016F,0x6F6F6F6F,0x6F6F6F6F,0x6F6F6F6F,
	0x016F6F6F,0x016F6F6F,0x6F016F6F,0x6F6F6F01,0x6F6F016F,0x6F6F6F01,0x6F6F6F6F,0x6F6F016F,

	0xA9363C3C,0x9F9FA9AF,0xAE39A69D,0x39393A3A,0x3838ADAD,0x36363637,0xAC363636,0xAAABABAC,
	0xA9A9A9A9,0xA6A7A7A8,0x31323232,0x2F30A531,0x2EA3A42F,0x962DA22E,0x9FA0A0A0,0x9D2A9E9F,
	0x9C9C2929,0x999A9A9B,0x98982626,0x95959797,0x93942323,0x91202021,0x1D8F8A90,0x8F8F8F8F,
	0x898C1919,0x86888887,0x84101285,0x7E828384,0x7D7D7E7E,0x09097D7D,0x75777878,0x3131A59E,
	0x31313131,0x90323131,0x7E70017F,0x7A097D7D,0x7406747A,0x0172881B,0x016F6F6F,0x6F6F6F6F,
	0x6F6F6F6F,0x6F6F6F6F,0x6F016F01,0x6F6F6F6F,0x7B077971,0x7C777977,0x7A09077B,0x767B777A,
	0x6F6F6F72,0x6F6F6F6F,0x6F6F6F6F,0x6F6F6F6F,0x6F6F016F,0x016F0101,0x6F6F016F,0x6F6F6F6F,
	0x6F6F6F6F,0x6F6F6F6F,0x6F6F6F6F,0x016F016F,0x6F016F6F,0x6F01016F,0x6F6F6F6F,0x6F6F016F,

	0x9C363C3C,0x3B3932A0,0x3AAE3B3B,0x39393A3A,0x3838ADAD,0x36363637,0xAC363636,0xAAAAABAC,
	0xA9A9A9A9,0xA6A7A7A8,0x31323232,0x2F30A5A5,0x919B9FA4,0x972D2D9F,0x9FA0A0A0,0x9D2A9E9F,
	0x9C9C2929,0x999A9A9B,0x98982626,0x95959697,0x93949423,0x91202092,0x8F8F8D90,0x1A8F8E8F,
	0x888D1A1A,0x13878988,0x83851313,0x7F808184,0x7D7C7D7F,0x09097B7D,0x72777A07,0x31A5A59D,
	0xA5313131,0x20323131,0x7D71017E,0x7C79097D,0x73760677,0x0171881A,0x01016F01,0x6F016F6F,
	0x6F6F6F01,0x016F6F6F,0x016F6F6F,0x6F6F6F6F,0x06787770,0x79777B09,0x7B067979,0x077A0676,
	0x6F016F72,0x6F6F6F6F,0x6F6F6F6F,0x6F6F6F01,0x6F6F6F6F,0x6F6F6F6F,0x016F6F6F,0x6F6F6F01,
	0x016F6F6F,0x6F6F6F6F,0x016F016F,0x6F010101,0x6F6F6F01,0x6F6F6F6F,0x6F6F6F6F,0x6F6F6F6F,

	0xACAC3C3C,0x3BAFAFAF,0x3AAEAE3B,0xAD39393A,0x373838AD,0x36363637,0xACAC3636,0xAAAAABAC,
	0xA8A9A9A9,0xA6A6A7A8,0x31323232,0x2F3030A5,0x211A88A2,0x982C2DA1,0x9F9FA09F,0x9D2A2A9E,
	0x9C9C2929,0x999A9A9B,0x98982626,0x95959697,0x21939423,0x1F209220,0x8F8F8A1F,0x1A8E1D1D,
	0x898C1A1A,0x13128688,0x10858487,0x7E7F7F83,0x097D7E7F,0x7A097E7D,0x76757878,0xA5A5A529,
	0xA5A53131,0x203231A5,0x7D700180,0x7B7B7B7D,0x74740776,0x0172138D,0x6F6F016F,0x6F6F6F01,
	0x6F6F6F6F,0x016F6F6F,0x6F6F6F6F,0x6F6F6F6F,0x7B777901,0x06077A7A,0x077A787A,0x09797B07,
	0x6F6F6F70,0x6F6F6F01,0x6F6F6F6F,0x6F016F6F,0x6F6F6F6F,0x6F6F6F01,0x6F6F6F6F,0x6F6F016F,
	0x6F6F6F6F,0x6F6F6F6F,0x6F6F6F6F,0x6F01016F,0x6F010101,0x6F6F6F01,0x6F6F6F6F,0x6F6F6F6F,

	0xACAAB03C,0x3B3BAFAF,0x3A3AAE3B,0xAD393939,0x373838AD,0x36363637,0xACAC3636,0xAAAAABAB,
	0xA8A9A9A9,0x32A6A7A8,0x31313232,0x2F2F30A5,0x2EA3A3A4,0x262C2DA2,0x9F9FA09F,0x299D2A9E,
	0x9C9C9C29,0x99999A9B,0x97989826,0x95959697,0x93939423,0x20202092,0x8F8F8B91,0x191A8E1D,
	0x8D8A8D8D,0x13878788,0x83858512,0x7E818282,0x7D7E7E7D,0x7D7A7E7D,0x06750607,0xA5A5A59C,
	0xA5A5A5A5,0x2132A5A5,0x7C01017F,0x7B7C7D7D,0x75767607,0x01728A89,0x016F6F6F,0x01016F01,
	0x6F6F6F6F,0x016F016F,0x6F6F6F6F,0x6F6F0101,0x067A7870,0x09067A07,0x79777977,0x767B777C,
	0x016F6F74,0x6F6F6F01,0x6F6F6F6F,0x6F016F6F,0x6F6F6F6F,0x6F6F016F,0x6F6F6F6F,0x016F6F6F,
	0x6F6F6F6F,0x01016F01,0x6F016F01,0x01016F6F,0x016F6F6F,0x6F6F6F6F,0x6F6F6F6F,0x016F016F,

	0xACA9B03C,0x3B3BAFAF,0x3A3AAEAE,0xADAD3939,0x373838AD,0x36363637,0xACAC3636,0xA9AAABAB,
	0xA8A8A9A9,0x32A6A6A7,0x31313232,0x2F2F30A5,0x202AA3A4,0x262C2D9F,0x9F9F9F9F,0x299D2A9E,
	0x9C9C9C29,0x26999A9A,0x97989826,0x23959697,0x93939423,0x91202020,0x8F8F8D90,0x198F8F8F,
	0x8A8C8D8C,0x13878987,0x83841213,0x7E808383,0x7D7C097E,0x7D7D7A7D,0x75770707,0xA530309A,
	0xA5A5A5A5,0x9432A5A5,0x7D01017E,0x7B7C097D,0x74780778,0x01728B88,0x016F6F01,0x6F6F6F01,
	0x016F6F01,0x016F6F6F,0x6F6F6F6F,0x6F6F016F,0x76077901,0x7A097809,0x7B777876,0x787B7807,
	0x6F6F0172,0x01016F6F,0x6F6F6F6F,0x6F01016F,0x016F6F01,0x6F6F6F6F,0x016F6F01,0x6F6F6F6F,
	0x016F6F6F,0x6F016F6F,0x6F016F6F,0x6F6F6F6F,0x6F6F0101,0x6F6F016F,0x6F6F6F6F,0x6F6F6F6F,

	0xACA6B03C,0x3B3B3BAF,0x3A3AAEAE,0xADAD3939,0x37373838,0x36363636,0xABACAC36,0xA9AAAAAB,
	0xA8A8A9A9,0x32A6A6A7,0xA5313232,0xA42F30A5,0x1987132C,0x262C2D29,0x9F9FA09E,0x299D2A9E,
	0x9B9C9C29,0x26999A9A,0x97989826,0x23959697,0x21939423,0x90912020,0x8F1B1990,0x8D1A1A8F,
	0x888A8C8C,0x8686888A,0x83838512,0x7E7F7F83,0x7C7D7D7D,0x7D09097A,0x73740677,0x30303026,
	0x30A5A5A5,0x2331A5A5,0x7D01017F,0x797D7A7D,0x7476077B,0x6F71888A,0x01016F6F,0x6F6F6F01,
	0x016F6F6F,0x6F016F6F,0x6F6F6F6F,0x6F6F016F,0x07737701,0x7A767B77,0x067D7878,0x077A7979,
	0x6F016F73,0x016F6F01,0x6F6F016F,0x6F6F6F6F,0x016F016F,0x6F6F016F,0x016F6F6F,0x6F6F016F,
	0x6F6F6F6F,0x016F6F01,0x6F6F6F6F,0x6F016F6F,0x6F016F01,0x6F6F6F6F,0x6F01016F,0x6F6F016F,

	0xAC32B0B0,0xAE3B3BAF,0x3A3A3AAE,0xADAD3939,0x37373838,0x36363636,0xABACAC36,0xA9AAAAAB,
	0xA7A8A9A9,0x32A6A6A7,0xA5313132,0xA42F3030,0xA22D9FA3,0x262C2D2D,0x9F9F9F9D,0x299D2A9E,
	0x9B9C9C29,0x26999A9A,0x97989826,0x23959597,0x92219423,0x911F2020,0x8F1B8D1F,0x191A1B8F,
	0x898A8A1A,0x86861388,0x83128585,0x7E818281,0x7D097E7E,0x787A7C7D,0x75060679,0x30303098,
	0x3030A530,0x96313030,0x7D017181,0x757A7D7D,0x74747706,0x01721913,0x6F6F016F,0x016F6F6F,
	0x6F6F6F6F,0x0101016F,0x6F6F016F,0x016F016F,0x76797401,0x0774787A,0x78777C79,0x777B777C,
	0x6F6F6F73,0x6F6F6F6F,0x6F6F6F6F,0x6F016F01,0x6F016F6F,0x01010101,0x6F6F6F6F,0x6F6F6F6F,
	0x6F6F6F6F,0x6F6F6F6F,0x6F6F6F6F,0x6F6F6F6F,0x6F6F6F6F,0x6F6F6F6F,0x6F6F016F,0x6F6F6F6F,

	0xACA5B0B0,0xAEAE3BAF,0x393A3AAE,0xADADAD39,0x36373738,0x36363636,0xABACAC36,0xA9A9AAAA,
	0xA7A8A8A9,0x3232A6A7,0xA5313132,0xA42F2F30,0x29A1A3A3,0x26A12C2C,0x9E9F9F29,0x299D2A2A,
	0x9B9C9C29,0x26999A9A,0x97989826,0x23959596,0x21939494,0x1F912020,0x8F1B8D90,0x191B1B8E,
	0x89198C8D,0x13138686,0x82841212,0x7D818283,0x7D7E7E7E,0x7D797909,0x74787578,0x30302F96,
	0x30303030,0x97313030,0x0901717E,0x07787B7E,0x73787606,0x01728D85,0x6F6F6F6F,0x6F6F6F6F,
	0x6F6F6F6F,0x6F6F016F,0x016F6F6F,0x6F016F6F,0x7876066F,0x74077778,0x7B78787B,0x7974797A,
	0x6F6F0172,0x6F6F6F6F,0x6F016F6F,0x6F6F6F6F,0x6F6F016F,0x6F6F6F6F,0x6F6F6F6F,0x6F6F6F6F,
	0x6F6F6F01,0x6F6F6F01,0x016F6F6F,0x016F6F6F,0x01016F6F,0x0101016F,0x6F6F6F6F,0x6F6F016F,

	0xAC2FB0B0,0xAEAE3B3B,0x393A3A3A,0x38ADAD39,0x36373738,0x36363636,0xABABAC36,0xA9A9AAAA,
	0xA7A8A8A9,0x3232A6A6,0xA5A53132,0xA42F2F30,0x838D1A2C,0x26A12C9A,0x9E9F9F9C,0x29292A2A,
	0x9B9C9C29,0x26999A9A,0x97979898,0x23959596,0x20219394,0x91912020,0x8F8E1A90,0x191B8F8F,
	0x8A8C8B8D,0x12128688,0x83831212,0x7F7F8081,0x7D7D7D7D,0x797A7A7C,0x7475777A,0x302F2F23,
	0x30303030,0x98A5302F,0x7D01717F,0x7B097A09,0x74757675,0x01728886,0x6F6F6F6F,0x6F6F6F01,
	0x6F6F6F6F,0x6F6F016F,0x6F6F6F6F,0x016F6F6F,0x7977746F,0x07787C74,0x777A7907,0x77790779,
	0x6F016F06,0x6F6F6F6F,0x6F6F016F,0x016F6F01,0x6F6F016F,0x6F6F016F,0x6F6F016F,0x6F016F6F,
	0x6F6F6F6F,0x6F6F0101,0x6F6F6F6F,0x6F6F6F6F,0x6F6F6F6F,0x0101016F,0x6F6F6F6F,0x6F016F01,

	0xACA4B0B0,0xAEAE3B3B,0x39393A3A,0x38ADAD39,0x36363738,0x36363636,0xABABACAC,0xA9A9A9AA,
	0xA7A7A8A9,0x323232A6,0xA5A53132,0xA42F2F30,0x2C9B98A2,0x26A12C2D,0x9E9F9F9B,0x29299D2A,
	0x9A9B9C9C,0x2626999A,0x97979898,0x23239596,0x92939394,0x90912020,0x8F19191E,0x191A8E8E,
	0x888A8A19,0x13138689,0x84128485,0x7E82817F,0x7C7C7D7C,0x7979097D,0x76740677,0x2F2F2F94,
	0x2F30302F,0x26A52F2F,0x09017480,0x7A7A7C7A,0x74747679,0x01738B12,0x6F6F6F01,0x6F6F6F6F,
	0x6F6F6F6F,0x6F6F6F6F,0x6F6F6F01,0x01016F6F,0x7607726F,0x7A79777B,0x07770978,0x79077875,
	0x6F6F6F06,0x6F6F6F01,0x6F6F6F6F,0x6F6F0101,0x6F01016F,0x6F01016F,0x6F6F6F6F,0x6F6F6F6F,
	0x6F6F6F6F,0x6F6F6F6F,0x6F6F6F6F,0x6F6F6F6F,0x6F6F6F6F,0x6F6F6F6F,0x6F6F6F01,0x6F01016F,

	0xACA3AFAF,0x3AAE3B3B,0x39393A3A,0x3838ADAD,0x36363737,0x36363636,0xABABABAC,0xA9A9A9AA,
	0xA7A7A8A8,0x323232A6,0x30A53131,0xA3A42F30,0x9FA22EA3,0x26A12C2D,0x9E9F9F9A,0x29299D2A,
	0x9A9B9C9C,0x2626999A,0x97979898,0x23239596,0x20939394,0x1F909120,0x8F8D1A1E,0x191A1B1B,
	0x878A8A89,0x13871386,0x84851083,0x7E7F8382,0x097D7E7D,0x797A7B7D,0x73767906,0x2F2F2F93,
	0x2F2F2F2F,0x9AA52F2F,0x7C01737E,0x7A78097D,0x73750706,0x01741A85,0x6F016F6F,0x6F016F6F,
	0x6F6F6F6F,0x6F6F6F6F,0x6F016F6F,0x6F6F6F6F,0x7876776F,0x77077777,0x797C7409,0x7A757807,
	0x6F6F0174,0x6F6F016F,0x6F016F6F,0x6F6F6F6F,0x6F6F6F01,0x01016F6F,0x6F6F6F6F,0x6F6F6F6F,
	0x6F6F6F6F,0x016F6F6F,0x6F6F6F6F,0x016F6F01,0x6F6F6F6F,0x016F6F6F,0x6F6F6F01,0x6F6F0101,

	0xAC2EAFB0,0xAEAEAE3B,0xAD393A3A,0x3838ADAD,0x36363737,0xAC363636,0xAAABABAC,0xA9A9A9AA,
	0xA7A7A8A8,0x323232A6,0x30A5A531,0xA3A42F2F,0x7E2123A2,0x26A12C98,0x2A9E9F9A,0x29299D2A,
	0x9A9B9C9C,0x2626999A,0x97979898,0x23239596,0x92939393,0x1E1F9120,0x8F8D1A1D,0x8B1A8F1A,
	0x888D8D8D,0x85851386,0x83838485,0x7F7F7F81,0x7B7D7E7E,0x78097C79,0x76757877,0x2F2FA492,
	0x2F2F2F2F,0x9C302F2F,0x7C017282,0x7779097B,0x73730676,0x01738D85,0x6F016F6F,0x6F016F6F,
	0x6F016F6F,0x6F6F6F6F,0x6F6F6F6F,0x6F6F6F6F,0x7607746F,0x09740907,0x07077A77,0x7879797A,
	0x6F01017B,0x6F016F6F,0x6F6F6F6F,0x016F0101,0x6F6F6F01,0x6F6F6F6F,0x6F6F6F6F,0x6F6F6F01,
	0x6F6F6F6F,0x6F6F6F6F,0x016F6F6F,0x016F0101,0x6F6F016F,0x6F016F6F,0x6F6F0101,0x01016F6F,

	0xAC2EAFAF,0x3AAEAE3B,0xAD39393A,0x373838AD,0x36363737,0xAC363636,0xAAABABAC,0xA9A9A9A9,
	0xA6A7A8A8,0x323232A6,0x30A5A531,0xA3A4A42F,0x9A9120A2,0x98A1A12C,0x2A9E9F99,0x9C29299D,
	0x9A9B9C9C,0x2626999A,0x97979898,0x94239595,0x20212194,0x91902020,0x1B8D1B90,0x8B191A1A,
	0x8A8A8A8D,0x13121288,0x82858410,0x7D7F7F7F,0x7C7D7E7E,0x7A79097D,0x78770607,0xA4A4A420,
	0xA42F2FA4,0x2930A4A4,0x796F067E,0x77787C7B,0x74767477,0x01741B84,0x6F6F6F6F,0x6F01016F,
	0x6F6F6F6F,0x6F6F6F6F,0x6F016F01,0x016F6F6F,0x7607736F,0x78077878,0x09067A78,0x7A750979,
	0x6F010177,0x6F6F016F,0x6F6F6F01,0x6F6F016F,0x6F016F01,0x6F6F6F6F,0x6F6F0101,0x6F016F6F,
	0x6F01016F,0x016F6F6F,0x6F6F6F6F,0x6F016F6F,0x6F6F016F,0x016F6F6F,0x016F6F6F,0x6F6F6F6F,

	0xAC2EAFAF,0x3AAEAEAE,0xAD39393A,0x373838AD,0x36363637,0xAC363636,0xAAAAABAC,0xA8A9A9A9,
	0xA6A7A7A8,0x31323232,0x3030A531,0xA3A4A42F,0x2DA2A22E,0x98A0A12C,0x2A9E9F26,0x9C29299D,
	0x9A9B9C9C,0x98269999,0x96979798,0x94239595,0x20202194,0x90909120,0x8F8C1A1E,0x191A8E8E,
	0x8A89888B,0x12138786,0x7F848584,0x7D7E8083,0x7D7E7D7E,0x0778067B,0x7278067A,0xA4A4A491,
	0xA42FA4A4,0x9D30A4A4,0x7801777D,0x0779077D,0x74757574,0x7077197F,0x01016F6F,0x6F016F01,
	0x016F6F6F,0x6F6F6F6F,0x01016F6F,0x6F6F6F6F,0x78750701,0x7B7A7B75,0x067B7578,0x7877067A,
	0x6F016F77,0x6F016F6F,0x6F6F6F01,0x6F6F6F6F,0x6F6F016F,0x6F6F016F,0x6F6F6F6F,0x6F6F6F6F,
	0x01010101,0x6F6F6F6F,0x016F6F01,0x016F6F6F,0x6F6F6F01,0x6F6F6F6F,0x6F6F6F01,0x6F6F6F6F,

	0xAB2E3BAF,0x3AAEAEAE,0xAD393939,0x37383838,0x36363637,0xAC363636,0xAAAAABAB,0xA8A9A9A9,
	0xA6A7A7A8,0x31323232,0x2F30A531,0xA3A3A42F,0x139A2A2E,0x98A0A19A,0x2A9E9F26,0x9C29299D,
	0x9A9A9C9C,0x98262699,0x96979798,0x94232395,0x20922193,0x90919120,0x8F8B8E1E,0x8D191B1B,
	0x88888D8A,0x85138886,0x83828585,0x7E7E7E83,0x097D7D7D,0x76077A79,0x73067678,0xA4A3A31E,
	0xA4A4A4A4,0x9E30A4A4,0x7A6F737E,0x797B0709,0x74720677,0x01778D82,0x6F6F6F6F,0x6F6F6F6F,
	0x6F6F6F6F,0x016F6F6F,0x6F016F6F,0x6F6F6F01,0x767B7675,0x7A07797B,0x797A7906,0x787A7A06,
	0x6F6F017A,0x6F6F6F6F,0x6F6F6F6F,0x016F016F,0x016F0101,0x6F6F6F6F,0x6F6F6F6F,0x6F6F6F01,
	0x6F6F6F6F,0x016F6F6F,0x6F016F6F,0x6F6F6F01,0x6F6F016F,0x6F6F6F01,0x6F6F6F6F,0x6F6F016F,

	0xABA23BAF,0x3A3AAEAE,0xADAD3939,0x37373838,0x36363636,0xACAC3636,0xAAAAABAB,0xA8A9A9A9,
	0xA6A6A7A8,0x31323232,0x2F30A5A5,0x2EA3A42F,0x92198A2E,0x98A0A19F,0x2A9E9E26,0x9C29299D,
	0x9A9A9B9C,0x98262699,0x96979798,0x94232395,0x20922121,0x8F909020,0x1B8A1A1D,0x8C191B8F,
	0x88888A8B,0x13861386,0x83838310,0x7E7F7F81,0x7C7D7E7D,0x787A797B,0x77757477,0xA3A3A31D,
	0xA3A4A4A4,0x9F2FA3A3,0x756F797E,0x77777C7A,0x74767506,0x01761B7E,0x016F6F6F,0x016F6F6F,
	0x6F6F6F6F,0x6F6F016F,0x6F6F6F6F,0x736F6F6F,0x07747A74,0x76097879,0x787B797B,0x7A787A07,
	0x6F6F0176,0x6F6F6F6F,0x6F6F016F,0x6F6F6F6F,0x6F6F016F,0x016F016F,0x6F6F6F6F,0x016F6F6F,
	0x6F6F6F6F,0x6F6F6F6F,0x6F6F6F6F,0x0101016F,0x6F016F6F,0x0101016F,0x016F6F6F,0x6F6F0101,

	0xABA23BAF,0x3A3AAEAE,0xADAD3939,0x37373838,0x36363636,0xABAC3636,0xA9AAAAAB,0xA8A9A9A9,
	0xA6A6A7A7,0x31323232,0x2F30A5A5,0x2EA3A4A4,0x2C2D2DA2,0x98A0A0A1,0x9D2A9E98,0x9C29299D,
	0x9A9A9B9C,0x98262699,0x96979798,0x94942395,0x92209293,0x1E901F20,0x1B871A1E,0x8D198B1A,
	0x888A8D8A,0x85121286,0x83838585,0x7E7D8280,0x7D7D7E7E,0x797A7609,0x74757678,0xA3A3A38F,
	0xA3A4A4A3,0x9F2FA3A3,0x786F7C7E,0x7879787D,0x73747874,0x017D197E,0x01016F01,0x6F016F6F,
	0x6F6F6F01,0x016F6F6F,0x01016F01,0x78726F6F,0x7807077B,0x07067B74,0x787A7A76,0x747C7979,
	0x6F6F0109,0x6F6F016F,0x6F016F01,0x6F6F6F01,0x6F6F6F6F,0x6F6F6F6F,0x016F6F01,0x6F6F6F01,
	0x6F6F6F6F,0x6F6F016F,0x016F016F,0x0101016F,0x6F6F6F6F,0x6F6F6F6F,0x6F6F6F6F,0x6F6F6F6F,

	0xABA23B3B,0x393A3A3A,0x38AD3939,0x36373838,0x36363636,0xABACAC36,0xA9AAAAAB,0xA8A8A9A9,
	0x32A6A6A7,0x31313232,0x2F3030A5,0x2EA3A3A4,0x209D2DA2,0x989FA02A,0x9D2A9E98,0x9C292929,
	0x9A9A9B9C,0x98262699,0x95979798,0x93942395,0x20209221,0x1D1F1F91,0x8E8A1B1D,0x8A191919,
	0x86888A8A,0x12851386,0x84821012,0x817E7F82,0x7D7D7D7E,0x777A7B79,0x74757807,0xA3A32E8E,
	0xA3A3A3A3,0xA0A4A3A3,0x076F0781,0x067D0979,0x73737406,0x017D1A7E,0x6F6F016F,0x6F6F6F01,
	0x6F6F6F6F,0x016F6F6F,0x6F016F6F,0x0976016F,0x777B0607,0x7A09067A,0x7C797979,0x797B0975,
	0x6F6F7076,0x6F6F6F01,0x016F6F6F,0x6F016F6F,0x6F6F6F6F,0x6F6F6F01,0x6F6F6F6F,0x6F6F016F,
	0x6F6F6F6F,0x6F6F6F6F,0x6F6F6F6F,0x6F01016F,0x6F010101,0x6F6F6F01,0x6F6F6F6F,0x6F6F6F6F,

	0xABA23B3B,0x39393AAE,0x38ADAD39,0x36373738,0x36363636,0xABACAC36,0xA9A9AAAB,0xA8A8A9A9,
	0x32A6A6A7,0x31313232,0x2F2F30A5,0x2E2EA3A4,0x8A898DA2,0x989FA09C,0x9D2A9E98,0x9C9C2929,
	0x9A9A9A9B,0x98982699,0x95969797,0x93942395,0x20202193,0x90909191,0x1B898E1D,0x8C8D1A8E,
	0x868A8A8D,0x13851386,0x83838385,0x7E82807F,0x09097D7E,0x78067C7D,0x76067577,0x2E2E2E1B,
	0xA3A3A3A3,0x2CA4A3A3,0x756F077F,0x7B797D7D,0x74767406,0x717D1A7A,0x016F6F6F,0x01016F01,
	0x6F6F6F6F,0x016F016F,0x6F6F6F6F,0x767B7301,0x7B067879,0x7A067B07,0x06090609,0x777B777A,
	0x016F7007,0x6F6F6F01,0x6F6F6F6F,0x6F016F6F,0x6F6F6F6F,0x6F6F0101,0x6F6F6F6F,0x016F6F6F,
	0x6F6F6F6F,0x016F6F6F,0x6F6F6F6F,0x01016F6F,0x016F6F6F,0x6F6F6F6F,0x6F6F6F6F,0x016F016F,

	0xAAA23B3B,0x393A3A3A,0x38ADAD39,0x36373738,0x36363636,0xABACAC36,0xA9A9AAAA,0xA7A8A9A9,
	0x3232A6A7,0xA5313132,0x2F2F30A5,0x2E2EA3A4,0xA19F9CA2,0x989FA0A1,0x9D2A2A98,0x9C9C2929,
	0x999A9A9B,0x98982626,0x95969797,0x93942323,0x20209293,0x90901F91,0x1B888E1E,0x8D1A1A1B,
	0x8A8B8888,0x85878713,0x83108485,0x7D7D8081,0x7D097C7E,0x787B7B7B,0x73067875,0x2E2E2E1A,
	0x2EA32E2E,0x2DA32E2E,0x75017782,0x7707787C,0x74737675,0x70801A7D,0x016F6F01,0x6F6F6F01,
	0x6F6F6F6F,0x016F6F6F,0x6F6F6F6F,0x75797872,0x7679777A,0x7C7B7B09,0x7B067D7A,0x7A770707,
	0x6F017007,0x01016F6F,0x6F6F6F6F,0x6F01016F,0x016F6F01,0x6F6F6F01,0x016F0101,0x6F016F01,
	0x016F6F6F,0x6F016F6F,0x0101016F,0x6F6F6F6F,0x6F6F0101,0x6F6F0101,0x6F6F6F6F,0x6F6F6F01,
};

//}}BLOCK(manga_bg_07)
