
//{{BLOCK(rainbow_image)

//======================================================================
//
//	rainbow_image, 256x256@8, 
//	Transparent color : 00,00,00
//	+ 769 tiles (t reduced) not compressed
//	+ regular map (in SBBs), not compressed, 32x32 
//	Total size: 49216 + 2048 = 51264
//
//	Time-stamp: 2026-08-17, 02:30:17
//	Exported by Cearn's GBA Image Transmogrifier, v1.22.3-blocks-1-g294c19c-dirty
//	( http://www.coranac.com/projects/#grit )
//
//======================================================================

const unsigned int rainbow_imageTiles[12304] __attribute__((aligned(4))) __attribute__((visibility("hidden")))=
{
	0x00000000,0x00000000,0x00000000,0x00000000,0x00000000,0x00000000,0x00000000,0x00000000,
	0x00000000,0x00000000,0x00000000,0x00000000,0x00000000,0x00000000,0x00000000,0x00000000,
	0x14141414,0x10111213,0x13141414,0x10111213,0x13141414,0x0F101112,0x11131414,0x0F0F1011,
	0x11131314,0x0E0F0F10,0x11121314,0x0D0E0F10,0x10111213,0x0D0E0F0F,0x0F111113,0x0C0D0E0F,
	0x0D0E0F0F,0x0A0A0B0C,0x0D0D0E0F,0x0A0A0A0C,0x0B0D0E0E,0x09090A0B,0x0B0C0D0E,0x09090A0A,
	0x0A0B0C0D,0x0909090A,0x0A0A0B0D,0x09090909,0x0A0A0B0C,0x09090909,0x090A0A0B,0x09090909,
	0x09090909,0x07080909,0x09090909,0x06070808,0x09090909,0x06070708,0x08080909,0x05060707,
	0x07090909,0x04050607,0x07080908,0x03040506,0x06070809,0x03040405,0x06070708,0x02030405,

	0x03040506,0x01020203,0x03040505,0x00010202,0x02030404,0x00000102,0x02030304,0x00000001,
	0x01010303,0x00000001,0x01010203,0x00000000,0x00010102,0x1F000000,0x00000102,0x1E1F1F00,
	0x00000000,0x1B1D1E1F,0x1F1F0000,0x1A1B1D1F,0x1E1F0000,0x191A1C1D,0x1E1E0000,0x17181A1B,
	0x1B1E1E1F,0x1717191A,0x1A1C1E1F,0x16161719,0x191A1C1D,0x16161718,0x171A1B1C,0x15161617,
	0x1717191A,0x15151516,0x15171719,0x15151516,0x15161717,0x14141415,0x15161517,0x14141415,
	0x14141616,0x14141414,0x14151515,0x14141414,0x14141515,0x13141414,0x14141515,0x12141414,
	0x14141414,0x12131414,0x14141414,0x11131313,0x14141414,0x10111213,0x12131414,0x10101112,
	0x12131314,0x0F101011,0x11121313,0x0E0F0F10,0x10111213,0x0E0E0F10,0x0F101112,0x0C0D0E0F,

	0x0F101112,0x0D0E0E0F,0x0F0F1010,0x0C0D0E0E,0x0E0F0F10,0x0B0C0D0D,0x0D0E0E0F,0x0A0B0B0D,
	0x0C0D0E0E,0x0A0A0B0B,0x0B0C0D0E,0x090A0A0A,0x0A0B0C0D,0x09090A0A,0x0A0A0B0C,0x09090909,
	0x0A0B0B0C,0x09090A0A,0x0A0A0B0B,0x09090909,0x090A0A0A,0x09090909,0x0909090A,0x09090909,
	0x09090909,0x08090909,0x09090909,0x07080809,0x09090909,0x07080808,0x08090809,0x06060708,
	0x09090909,0x07080909,0x08090909,0x07070708,0x08080909,0x06060707,0x07070808,0x04050607,
	0x06070808,0x04040505,0x05060607,0x03030404,0x04050506,0x02030303,0x03040405,0x01020203,
	0x05060707,0x03040405,0x04050506,0x03030304,0x03040405,0x01020303,0x03030304,0x01020202,
	0x02020303,0x00000101,0x01010202,0x00000001,0x00010102,0x00000000,0x00000001,0x1F000000,

	0x02020303,0x00010101,0x01010202,0x00000101,0x00010101,0x00000000,0x00000000,0x00000000,
	0x00000000,0x1E1F1F00,0x1F000000,0x1D1E1E1F,0x1E1F1F00,0x1B1B1D1D,0x1C1E1E1F,0x191A1A1C,
	0x00000000,0x1F000000,0x00000000,0x1E1F1F00,0x1F1F0000,0x1D1E1E1E,0x1E1E1E1F,0x1B1A1D1D,
	0x1B1C1E1E,0x191A1A1A,0x1A1A1A1B,0x17181819,0x1819191A,0x16161717,0x17171718,0x16161616,
	0x1E1E1F1F,0x1D1D1D1E,0x1C1D1E1E,0x1A1A1B1B,0x1A1B1A1C,0x1819191A,0x18191A1A,0x17171718,
	0x17171818,0x16161616,0x16161717,0x15151616,0x15161616,0x15151515,0x15151515,0x14151414,
	0x1A1B1A1B,0x1A191A1A,0x1919191A,0x17171818,0x17171718,0x16161617,0x16161617,0x16161616,
	0x16161616,0x14151515,0x15141515,0x15141515,0x14151414,0x14141414,0x14141414,0x14141414,

	0x18181919,0x17181818,0x16171717,0x16161717,0x16161616,0x16161516,0x15151516,0x14151515,
	0x15151515,0x15141514,0x14141414,0x14141414,0x14141414,0x14141414,0x14141414,0x14141414,
	0x18171717,0x17171717,0x16161616,0x16161616,0x16151616,0x16161516,0x15151515,0x15141515,
	0x14141414,0x14151414,0x14141414,0x14141414,0x14141414,0x14141414,0x14141414,0x14141414,
	0x17171717,0x18181917,0x16161616,0x17171616,0x16161616,0x16161616,0x15141514,0x15151415,
	0x14151415,0x14141514,0x14141414,0x14141414,0x14141414,0x14141414,0x14141414,0x14141414,
	0x19191818,0x1A1A1A19,0x17171716,0x18181817,0x16161616,0x16171716,0x16161515,0x16161615,
	0x15151515,0x15151515,0x14141414,0x15141414,0x14141414,0x15141414,0x14141414,0x14141414,

	0x1C1A1B1A,0x1E1D1D1C,0x1A191919,0x1B1B1A1A,0x18171717,0x1A191918,0x16161616,0x18171717,
	0x16161616,0x17161616,0x15151514,0x16161615,0x14151414,0x15141515,0x14141414,0x14151415,
	0x1F1F1E1E,0x00000000,0x1E1E1D1C,0x001F1F1E,0x1C1C1A1A,0x1E1E1D1D,0x1A1A1918,0x1D1C1C1B,
	0x18181717,0x1B1A1919,0x17161616,0x19181817,0x16161616,0x17161716,0x15151515,0x16161616,
	0x00000000,0x01010100,0x00000000,0x01000000,0x00001F1F,0x00000000,0x1F1F1E1E,0x00000000,
	0x1E1D1C1B,0x001F1F1E,0x1B1B1A1A,0x1F1E1E1D,0x1A191918,0x1D1D1C1A,0x18171717,0x1B1B1A19,
	0x03030202,0x05040403,0x02020101,0x04030302,0x01010000,0x03020202,0x01000000,0x02020101,
	0x00000000,0x01010100,0x0000001F,0x00000000,0x001F1F1E,0x00000000,0x1F1E1D1D,0x0000001F,

	0x07060605,0x09080807,0x06050504,0x08070707,0x05040403,0x07070605,0x04030303,0x06060504,
	0x03030202,0x05040403,0x02020101,0x04040303,0x01010100,0x03030202,0x01010000,0x03020201,
	0x09090909,0x0A090909,0x09090908,0x09090909,0x08090807,0x09090909,0x09080707,0x09090909,
	0x07070706,0x09090808,0x07060505,0x09080808,0x06050404,0x08070707,0x05040303,0x07070605,
	0x0C0C0A0A,0x0E0E0D0D,0x0B0A0A0A,0x0E0D0D0B,0x0A0A0909,0x0D0C0B0B,0x0A090909,0x0C0B0A0A,
	0x09090909,0x0B0A0A0A,0x09090909,0x0A0A0909,0x09090809,0x0A090909,0x09090908,0x09090909,
	0x1110100F,0x14131312,0x100F0F0E,0x13121211,0x100F0E0E,0x12121010,0x0F0E0D0D,0x1110100F,
	0x0E0D0D0B,0x10100F0F,0x0D0C0C0B,0x100F0E0E,0x0C0C0A0A,0x0F0E0E0D,0x0B0A0A0A,0x0E0E0D0C,

	0x14141414,0x16151514,0x14141414,0x15151414,0x14141413,0x15141414,0x14141312,0x14141414,
	0x13131211,0x14141414,0x13121110,0x14141413,0x12111010,0x14141313,0x11100F0F,0x14131312,
	0x19171715,0x1E1D1B1A,0x17171616,0x1D1B1A19,0x16161615,0x1B1A1917,0x16161415,0x1A191717,
	0x16141514,0x19171715,0x15141514,0x17171615,0x15141414,0x17151615,0x14141414,0x16151515,
	0x0000001F,0x02010100,0x00001F1E,0x02010000,0x001F1E1D,0x01000000,0x1F1E1E1B,0x00000000,
	0x1F1D1B1A,0x0000001F,0x1D1B1A19,0x00001F1E,0x1B1A1917,0x001F1E1E,0x1A191717,0x001F1E1C,
	0x05050303,0x08070706,0x04030302,0x07070605,0x03030201,0x07060505,0x03020201,0x06050404,
	0x02020100,0x06040403,0x02010000,0x05040303,0x01010000,0x04030302,0x00000000,0x03030201,

	0x09090909,0x0B0A0A09,0x09090909,0x0A0A0909,0x09090808,0x0A090909,0x09090807,0x09090909,
	0x08080707,0x09090909,0x08070706,0x09090909,0x07070605,0x09090908,0x07060504,0x09090908,
	0x0F101112,0x0B0D0D0E,0x0F0F1011,0x0B0C0D0E,0x0E0F1010,0x0A0B0C0D,0x0E0E0F10,0x0A0A0B0D,
	0x0D0E0F0F,0x0A0A0B0C,0x0C0D0E0F,0x090A0A0B,0x0B0D0E0F,0x09090A0B,0x0B0C0D0E,0x09090A0A,
	0x09090A0A,0x08090909,0x0909090A,0x08090809,0x0909090A,0x07080909,0x09090909,0x07070809,
	0x09090909,0x06070808,0x09090909,0x05060708,0x08090909,0x05060707,0x08090809,0x04050607,
	0x05060707,0x02030304,0x04050607,0x01020203,0x04040507,0x01010203,0x03040506,0x00010202,
	0x03030405,0x00000102,0x02030305,0x00000101,0x01020304,0x00000001,0x01020303,0x1F000000,

	0x00000001,0x1D1E1F00,0x00000001,0x1B1D1F1F,0x1F000000,0x1A1B1D1E,0x1F000000,0x191A1C1E,
	0x1E1F0000,0x18191B1C,0x1D1E0000,0x16181A1A,0x1B1E1E00,0x1617181A,0x1A1B1E1F,0x16161719,
	0x17181A1A,0x15151616,0x16171819,0x14151516,0x16161719,0x14141515,0x15161717,0x14141415,
	0x15161617,0x14141514,0x14151616,0x14141414,0x14151516,0x14141414,0x14151515,0x14141414,
	0x14141414,0x12131314,0x14141414,0x11121213,0x14141414,0x10111213,0x13141414,0x0F111111,
	0x12121414,0x0F0F1011,0x11121314,0x0E0F1010,0x10111213,0x0D0E0F10,0x10101212,0x0D0E0E0F,
	0x0F101011,0x0C0D0D0E,0x0E0F0F10,0x0B0B0D0D,0x0D0E0E10,0x0A0B0C0D,0x0D0D0E0F,0x0A0A0B0B,
	0x0B0D0E0E,0x090A0A0B,0x0B0B0D0D,0x09090A0A,0x0A0B0B0D,0x09090909,0x0A0A0B0C,0x09090909,

	0x090A0A0B,0x09090909,0x09090A0A,0x08090909,0x0909090A,0x09090909,0x0909090A,0x08080809,
	0x09090909,0x07070809,0x09090909,0x06070708,0x08080909,0x05060707,0x07080909,0x04050607,
	0x07080909,0x05060607,0x07070809,0x04050506,0x06070708,0x03040405,0x05060707,0x02030305,
	0x04050506,0x02020303,0x03040405,0x01010203,0x03030404,0x01010102,0x02020304,0x00000101,
	0x03030304,0x01010102,0x02020303,0x00000101,0x01010203,0x00000001,0x00010102,0x00000000,
	0x00000101,0x1F000000,0x00000001,0x1E1F1F00,0x00000000,0x1C1E1E1F,0x1F000000,0x1B1B1D1E,
	0x00000000,0x1E1F1F00,0x00000000,0x1D1E1E1F,0x1E1F0000,0x1B1B1D1E,0x1D1F1F1F,0x181A1A1C,
	0x1B1C1E1E,0x1718191A,0x1A1A1B1D,0x16171719,0x18191A1B,0x16161717,0x17171819,0x15161516,

	0x1A1B1C1D,0x1718191A,0x191A1A1C,0x16171718,0x1718191A,0x16161617,0x16171718,0x15151615,
	0x16161617,0x14151515,0x15151615,0x14151415,0x14151516,0x14141415,0x14141515,0x14141414,
	0x16161617,0x14151616,0x15161616,0x15141515,0x14151515,0x14141414,0x15141515,0x14141414,
	0x14141414,0x14141414,0x14141414,0x14141414,0x14141414,0x12131314,0x13141414,0x11121213,
	0x14151415,0x14141414,0x14141414,0x14141414,0x14141414,0x14141414,0x14141414,0x13131414,
	0x13131414,0x12121213,0x12121313,0x10111112,0x11111212,0x10101110,0x10101011,0x0F0F0F0F,
	0x14141414,0x14141414,0x14141414,0x13131414,0x13131314,0x12121313,0x12121213,0x11111112,
	0x11111111,0x10101010,0x10101010,0x0E0F0F10,0x0F0E0F0F,0x0E0E0E0E,0x0E0E0E0F,0x0C0D0E0E,

	0x14141414,0x13131314,0x13121313,0x12131213,0x11121212,0x11111111,0x10111011,0x10101010,
	0x0F0F0F10,0x0F0F0F0F,0x0E0E0F0F,0x0E0E0E0E,0x0E0D0E0E,0x0D0D0D0D,0x0C0C0D0D,0x0C0B0C0C,
	0x13131313,0x13131313,0x12121212,0x12121212,0x11111111,0x11111111,0x1010100F,0x0F100F0F,
	0x0F0F0E0F,0x0F0E0F0F,0x0E0E0E0E,0x0E0E0E0E,0x0D0C0D0C,0x0D0C0D0C,0x0C0B0B0B,0x0C0B0B0B,
	0x13131313,0x14131313,0x12121212,0x13121213,0x11111111,0x11111111,0x0F101010,0x11101010,
	0x0F0F0E0F,0x0F0F0F0E,0x0E0E0E0E,0x0E0E0E0E,0x0D0C0D0C,0x0D0E0D0D,0x0B0B0B0B,0x0C0C0C0B,
	0x14141414,0x14141414,0x13131213,0x14141313,0x12121211,0x13131212,0x11101010,0x12111111,
	0x100F100F,0x10101010,0x0F0E0F0E,0x0F0F0F0F,0x0E0E0E0D,0x0F0E0E0E,0x0D0D0C0C,0x0E0D0D0D,

	0x14141414,0x14141414,0x14141414,0x14141414,0x14141313,0x14141414,0x13131212,0x14141313,
	0x12111111,0x13131212,0x10101010,0x12111111,0x100F0F0F,0x10101010,0x0E0E0E0E,0x0F0F0F0F,
	0x15151414,0x15161514,0x15141414,0x15151414,0x14141414,0x14141514,0x14141414,0x14141414,
	0x14141313,0x14141414,0x13131312,0x14141414,0x12121111,0x14141213,0x11101010,0x13121211,
	0x16171616,0x19191817,0x16161615,0x18171716,0x15151515,0x17161616,0x15151414,0x16161515,
	0x14141414,0x15151515,0x14141414,0x15141514,0x14141414,0x14141414,0x14141413,0x14141414,
	0x1D1C1B1B,0x001F1F1E,0x1B1A1A19,0x1F1E1D1D,0x1A191817,0x1E1D1C1A,0x18171616,0x1B1B1919,
	0x17161616,0x1A191817,0x16161515,0x18171716,0x15151514,0x17161516,0x14141414,0x16161516,

	0x00000000,0x02010101,0x0000001F,0x01010000,0x00001F1E,0x00000000,0x1F1E1E1D,0x00000000,
	0x1E1E1B1B,0x00001F1F,0x1D1B1A19,0x001F1E1E,0x1B191918,0x1F1F1D1B,0x19181717,0x1E1D1A1A,
	0x04030302,0x07060504,0x03030202,0x06050404,0x02020101,0x05040303,0x02010100,0x04030302,
	0x01000000,0x03030201,0x00000000,0x02010101,0x0000001F,0x02010100,0x00001F1E,0x01000000,
	0x09080807,0x09090909,0x08070706,0x09090909,0x07070605,0x09090808,0x07060504,0x09090807,
	0x06050404,0x08080707,0x05040303,0x08070606,0x04030302,0x07060505,0x03030201,0x06050404,
	0x0A0A0A09,0x0E0C0C0B,0x0A090909,0x0D0C0B0A,0x09090909,0x0C0B0A0A,0x09090909,0x0B0A0A09,
	0x09090909,0x0A0A0909,0x09090908,0x0A090909,0x09090807,0x09090909,0x08080707,0x09090909,

	0x110F0F0E,0x13131111,0x0F0F0E0D,0x13121110,0x0F0E0D0D,0x12111010,0x0E0D0D0C,0x11100F0F,
	0x0D0D0B0B,0x110F0F0E,0x0D0C0B0A,0x0F0F0E0D,0x0C0A0A0A,0x0F0E0D0D,0x0B0A0A09,0x0E0D0D0C,
	0x14141414,0x16151514,0x14141413,0x15151414,0x14141313,0x15141414,0x14131312,0x14141414,
	0x14131111,0x14141414,0x13121110,0x14141414,0x11111010,0x14141413,0x1110100E,0x14141312,
	0x19181616,0x1E1E1C1B,0x18171616,0x1E1C1A19,0x17161615,0x1D1A1A18,0x16161515,0x1B1A1817,
	0x16151514,0x1A181716,0x15151414,0x19171716,0x15151414,0x17161615,0x14141414,0x17161615,
	0x00000000,0x03020101,0x0000001F,0x02020100,0x00001F1E,0x02010000,0x001F1E1D,0x01010000,
	0x1F1F1D1B,0x01000000,0x1F1E1B1A,0x00000000,0x1E1B1B19,0x00001F1F,0x1D1B1918,0x00001F1E,

	0x06050503,0x09080807,0x06040403,0x09080707,0x05040302,0x08070706,0x04030302,0x08070605,
	0x03030201,0x07060505,0x03020201,0x07060504,0x03020100,0x06050403,0x01010100,0x05040303,
	0x0A0B0D0E,0x0909090A,0x0A0B0C0D,0x09090909,0x0A0A0B0D,0x0909090A,0x090A0B0C,0x09090909,
	0x090A0A0B,0x08090909,0x09090A0B,0x08090909,0x09090A0A,0x08090909,0x0909090A,0x07080809,
	0x07080909,0x04040507,0x07070908,0x03040506,0x06070809,0x03030405,0x06070708,0x02030404,
	0x05060707,0x02020304,0x04050707,0x01020303,0x04050607,0x01010203,0x03040506,0x00010203,
	0x01010202,0x1F000000,0x00010102,0x1E000000,0x00000102,0x1E1F0000,0x00000101,0x1C1E1F00,
	0x00000001,0x1B1D1E1F,0x00000000,0x1A1B1E1F,0x1F000001,0x191A1D1E,0x1F1F0000,0x181A1B1D,

	0x191B1C1E,0x15161718,0x171A1A1D,0x15161617,0x17181A1B,0x15151616,0x1617191B,0x15151516,
	0x16171919,0x14141515,0x16161718,0x14141415,0x15161617,0x14141515,0x15161617,0x14141414,
	0x14141415,0x13131414,0x14141414,0x11131414,0x14141414,0x11121214,0x14141414,0x11111214,
	0x13141414,0x10101113,0x13131414,0x0F101112,0x12131414,0x0F0F1011,0x11121314,0x0E0E1010,
	0x0F101112,0x0B0D0E0E,0x0F0F1011,0x0B0C0D0E,0x0E0F0F10,0x0A0B0C0D,0x0D0E0F0F,0x0A0A0C0C,
	0x0D0D0E0F,0x090A0B0B,0x0B0D0E0E,0x090A0A0B,0x0B0C0D0E,0x09090A0A,0x0A0B0C0D,0x0909090A,
	0x090A0A0B,0x09090909,0x09090A0A,0x09080909,0x0909090A,0x08090909,0x09090909,0x07080909,
	0x09090909,0x07070809,0x08090909,0x06070708,0x09090909,0x05060707,0x08090809,0x04050607,

	0x07080808,0x04040506,0x06070708,0x03030405,0x05060707,0x02020404,0x04050607,0x01020303,
	0x04040506,0x01010203,0x03030405,0x00010102,0x02020404,0x00010101,0x02020304,0x00000001,
	0x01020203,0x00000001,0x01010202,0x00000000,0x00000102,0x1F000000,0x00000001,0x1E1F0000,
	0x00000000,0x1D1E1F00,0x1F000000,0x1A1C1E1E,0x1E1F0000,0x191B1C1E,0x1E1E0000,0x18191B1B,
	0x1E1F1F00,0x191A1B1D,0x1C1D1E1F,0x17191A1A,0x1B1B1E1E,0x17171819,0x191A1B1D,0x16161618,
	0x1719191B,0x15161617,0x1617181A,0x15151616,0x16161718,0x14151516,0x15161617,0x14141515,
	0x16171718,0x15151516,0x16151617,0x14141515,0x15151616,0x14141514,0x14151516,0x14141414,
	0x14151415,0x14141414,0x14141414,0x13141414,0x14141414,0x13131414,0x14141414,0x12121313,

	0x14141414,0x14141414,0x14141414,0x13131414,0x14141414,0x12131314,0x13141414,0x11111213,
	0x12131314,0x10101111,0x11121213,0x0F101010,0x10101112,0x0E0F0F0F,0x0F101011,0x0D0E0E0F,
	0x12131313,0x10111112,0x11111213,0x0F101010,0x10101111,0x0E0F0F0F,0x0F101010,0x0E0E0E0F,
	0x0E0F0F0F,0x0D0D0D0E,0x0D0E0E0F,0x0B0C0C0D,0x0C0D0D0E,0x0A0B0B0B,0x0B0B0C0D,0x0A0A0A0B,
	0x0F0F1010,0x0E0E0E0F,0x0E0E0F0F,0x0D0D0D0E,0x0D0D0E0E,0x0B0C0C0D,0x0C0C0D0D,0x0A0B0B0B,
	0x0B0B0B0C,0x0A0A0A0A,0x0A0A0A0B,0x09090A0A,0x090A0A0A,0x09090909,0x0909090A,0x09090909,
	0x0D0D0D0E,0x0C0C0B0D,0x0B0C0C0D,0x0A0B0B0B,0x0A0B0B0B,0x0A0A0A0A,0x0A0A0A0A,0x0909090A,
	0x0909090A,0x09090909,0x09090909,0x09090909,0x09090909,0x09090909,0x09080909,0x08090809,

	0x0B0B0B0B,0x0A0A0B0B,0x0A0A0A0A,0x0A0A0A0A,0x09090A0A,0x09090909,0x09090909,0x09090909,
	0x09090909,0x09090909,0x09090909,0x09090908,0x08090908,0x08080809,0x07080808,0x07070708,
	0x0A0B0A0B,0x0A0A0B0A,0x0A0A090A,0x0A0A0A0A,0x09090909,0x09090909,0x09090909,0x09090909,
	0x09090909,0x09090909,0x09090908,0x09090809,0x08080808,0x08080808,0x07060707,0x07070707,
	0x0A0B0A0B,0x0B0B0B0A,0x0A0A0A09,0x0A090A09,0x09090909,0x09090909,0x09090909,0x09090909,
	0x09090909,0x09090909,0x09090809,0x09090809,0x08080808,0x08090808,0x07070707,0x07080707,
	0x0B0B0B0B,0x0D0C0C0B,0x0B0A0A0A,0x0C0B0B0A,0x090A0A09,0x0A0A0A0A,0x09090909,0x0A090909,
	0x09090909,0x09090909,0x09090909,0x09090909,0x09080909,0x09090909,0x08080808,0x08090908,

	0x0E0E0D0C,0x0F0E0E0E,0x0D0B0C0B,0x0E0D0D0D,0x0B0B0B0A,0x0D0C0C0B,0x0B0A0A0A,0x0C0B0B0A,
	0x0A090909,0x0A0A090A,0x09090909,0x0A0A090A,0x09090909,0x09090909,0x09090909,0x09090909,
	0x10100F0F,0x12111110,0x0F0F0E0E,0x1010100F,0x0E0E0D0D,0x100F0E0F,0x0D0D0C0C,0x0F0E0E0E,
	0x0C0B0B0B,0x0E0D0C0D,0x0B0A0B0A,0x0D0C0C0C,0x0A0A0A09,0x0B0B0B0A,0x09090909,0x0A0B0A0A,
	0x13141212,0x14141414,0x13121111,0x14141313,0x11111010,0x13131212,0x10100F0F,0x13121111,
	0x100F0F0E,0x11111010,0x0F0E0E0D,0x10100F0F,0x0E0D0D0C,0x0F0F0F0E,0x0D0C0B0B,0x0F0E0E0D,
	0x15141414,0x16151514,0x14141414,0x15141415,0x14141414,0x14151414,0x14141413,0x14141414,
	0x14131312,0x14141414,0x13121111,0x14141413,0x12111010,0x14141312,0x11100F0F,0x13131211,

	0x17171616,0x1D1A1A19,0x17161615,0x1A191817,0x15161515,0x19181716,0x15151514,0x17171616,
	0x15151414,0x16161615,0x14141414,0x16151514,0x14141414,0x15151415,0x14141414,0x15141414,
	0x001F1F1D,0x00000000,0x1F1E1D1B,0x0000001F,0x1E1C1A1A,0x00001F1E,0x1B1A1918,0x001F1E1E,
	0x1A191917,0x1F1E1D1B,0x19181716,0x1E1D1B1A,0x17171616,0x1C1B1919,0x17161615,0x1B191817,
	0x02020101,0x05040403,0x02010100,0x04040302,0x01010000,0x03030202,0x00000000,0x03020201,
	0x00000000,0x02020100,0x0000001F,0x02010000,0x00001E1E,0x01000000,0x1F1F1E1C,0x00000000,
	0x08070706,0x09090909,0x07070605,0x09090808,0x07060505,0x09090807,0x06050403,0x08080707,
	0x05050303,0x08070706,0x04030302,0x07070605,0x03030201,0x07060505,0x03020201,0x06050403,

	0x0A0A0909,0x0E0D0C0B,0x09090909,0x0D0C0B0A,0x09090909,0x0C0B0A0A,0x09090909,0x0A0A0A09,
	0x09090909,0x0A0A0909,0x09090908,0x0A090909,0x09090807,0x09090909,0x09080707,0x09090909,
	0x10100F0E,0x14131311,0x100F0E0E,0x13121110,0x0F0E0E0D,0x13121110,0x0F0E0D0C,0x1211100F,
	0x0E0D0C0B,0x11100F0E,0x0E0C0B0A,0x10100F0E,0x0C0B0B0A,0x0F0F0E0D,0x0B0B0A0A,0x0F0E0E0D,
	0x15141414,0x16161515,0x14141414,0x16151514,0x14141413,0x15151414,0x14141413,0x15141414,
	0x14141212,0x15141414,0x14131211,0x14141414,0x13131111,0x14141414,0x13121110,0x14141413,
	0x1A1A1817,0x001F1E1E,0x1A191716,0x001F1E1B,0x19171616,0x1F1E1C1B,0x18171616,0x1E1D1A19,
	0x17161615,0x1E1B1A18,0x16161515,0x1C1A1917,0x15161514,0x1B191817,0x16151414,0x1A181716,

	0x01010000,0x04040302,0x01010000,0x04030202,0x0000001F,0x03030201,0x0100001F,0x03020101,
	0x0000001E,0x02020100,0x00001F1E,0x02010000,0x001F1E1C,0x01010000,0x001E1E1B,0x01000000,
	0x0909090A,0x07070909,0x09090909,0x06070809,0x09090909,0x06070808,0x08090909,0x05060708,
	0x09090909,0x04060707,0x08080909,0x04050607,0x07090909,0x04040607,0x07080909,0x03040506,
	0x03040506,0x00010102,0x03030405,0x00000102,0x02030404,0x00000001,0x02020304,0x00000001,
	0x01020304,0x00000000,0x01020203,0x1F000000,0x00010203,0x1F000000,0x00010202,0x1E1F0000,
	0x1E1F0000,0x17191A1C,0x1C1E1F00,0x1618191B,0x1B1E1F00,0x1617181A,0x1B1C1E1F,0x16161719,
	0x1A1B1D1F,0x15161718,0x181A1D1E,0x15161617,0x181A1A1E,0x15151617,0x17181A1D,0x14151616,

	0x14151616,0x14141414,0x14151516,0x14141414,0x14141516,0x13141414,0x14141515,0x13141414,
	0x14141415,0x12131414,0x14141415,0x11121314,0x14141414,0x11121314,0x14141414,0x10111213,
	0x10121313,0x0D0E0F10,0x10111212,0x0D0E0E0F,0x0F101112,0x0C0D0E0F,0x0F101012,0x0B0C0D0E,
	0x0E0F1011,0x0B0B0D0E,0x0E0F0F10,0x0A0B0C0D,0x0D0E0F10,0x0A0A0C0C,0x0D0E0F0F,0x090A0B0B,
	0x0A0A0B0D,0x09090909,0x090A0B0B,0x09090909,0x090A0A0B,0x09090909,0x09090A0A,0x08090909,
	0x0909090A,0x08080909,0x0909090A,0x07080908,0x09090909,0x07070809,0x09090909,0x06070709,
	0x07080909,0x04040506,0x07070808,0x03040406,0x06070708,0x03030405,0x05060707,0x02020304,
	0x04050607,0x01020303,0x04040506,0x01010203,0x03040506,0x00010202,0x03030405,0x00000102,

	0x01020203,0x00000000,0x00010202,0x00000000,0x00000102,0x1E1F0000,0x00000101,0x1D1F1F00,
	0x00000001,0x1C1E1F00,0x00000000,0x1A1C1E1E,0x1F000000,0x191A1C1E,0x1E1F0000,0x171A1B1D,
	0x1B1E1E1F,0x1719191A,0x1A1B1D1E,0x1617171A,0x191A1B1E,0x16161718,0x18191B1B,0x15161616,
	0x1718191B,0x15151616,0x1617171A,0x14151516,0x16161718,0x14141515,0x15161617,0x14141415,
	0x15151616,0x14141414,0x14151516,0x14141415,0x14141515,0x14141414,0x14141415,0x13141414,
	0x14141414,0x13131414,0x14141414,0x11121314,0x14141414,0x10111213,0x13131414,0x10101212,
	0x13141414,0x10111213,0x12131414,0x10101112,0x11121313,0x0F0F1010,0x10111213,0x0E0F0F10,
	0x10101112,0x0D0E0E0F,0x0F0F1011,0x0C0D0E0E,0x0E0F0F10,0x0B0C0D0D,0x0D0E0F0F,0x0A0B0C0D,

	0x0E0F0F10,0x0C0D0D0E,0x0E0E0F0F,0x0B0C0D0D,0x0D0D0E0E,0x0A0B0B0C,0x0B0C0D0E,0x0A0A0A0B,
	0x0A0B0C0D,0x09090A0A,0x0A0A0B0B,0x09090A0A,0x090A0A0B,0x09090909,0x09090A0A,0x09090909,
	0x0A0A0B0B,0x09090A0A,0x0A0A0A0B,0x09090909,0x09090A0A,0x09090909,0x09090909,0x09090909,
	0x09090909,0x08090909,0x09090909,0x07080908,0x08090909,0x07070708,0x07080908,0x06060707,
	0x09090909,0x09090909,0x09090909,0x08080909,0x08090909,0x08080809,0x08080908,0x07060707,
	0x07070808,0x05060607,0x06060707,0x04040505,0x05050606,0x04030404,0x04040405,0x02030303,
	0x08090809,0x07070808,0x07070808,0x06070707,0x06070707,0x05050606,0x05050606,0x04040405,
	0x04040405,0x03030304,0x03030304,0x02020303,0x02020303,0x02010202,0x01010202,0x00010101,

	0x07070707,0x06060607,0x05060606,0x05050505,0x04040505,0x04040405,0x03040404,0x02030303,
	0x02020302,0x02020202,0x01020202,0x01010102,0x01010100,0x00000000,0x00000000,0x00000000,
	0x06060606,0x05060606,0x04050505,0x04050404,0x04030404,0x03030403,0x03020302,0x03030302,
	0x02020202,0x01020102,0x01000100,0x01010101,0x00000001,0x00000000,0x00000000,0x00000000,
	0x06060606,0x07060606,0x05050504,0x05050505,0x04040304,0x04040304,0x02020302,0x03030303,
	0x02020202,0x03020202,0x01010100,0x01010101,0x00000001,0x01000100,0x00000000,0x00000000,
	0x07070707,0x08080707,0x06060605,0x07070706,0x05050404,0x06060505,0x04040304,0x05040404,
	0x02030202,0x04040303,0x02020201,0x03020202,0x01000101,0x01020201,0x00010000,0x01010100,

	0x09090808,0x09090909,0x08080708,0x09090809,0x06070706,0x08080808,0x06060505,0x07070707,
	0x05040404,0x07060605,0x04040303,0x05050404,0x03030202,0x04040403,0x02020201,0x03030302,
	0x09090909,0x0A0A0909,0x09090909,0x09090909,0x09090909,0x09090909,0x09080808,0x09090909,
	0x08080707,0x09090809,0x07070606,0x09090807,0x06060505,0x08070707,0x05040404,0x07070606,
	0x0B0B0A0A,0x0E0D0D0C,0x0A0A0A0A,0x0D0C0B0B,0x0A0A0909,0x0C0B0B0A,0x09090909,0x0B0A0A0A,
	0x09090909,0x0A0A0909,0x09090909,0x090A0909,0x09090908,0x09090909,0x09080807,0x09090909,
	0x100F0F0E,0x12121110,0x0F0E0E0D,0x1110100F,0x0E0E0D0D,0x10100F0F,0x0D0D0C0B,0x0F0F0E0E,
	0x0C0B0B0A,0x0F0E0E0D,0x0C0B0A0A,0x0E0D0D0C,0x0A090A09,0x0D0D0B0B,0x0A090A09,0x0C0B0B0A,

	0x14141413,0x14141414,0x14131312,0x14141414,0x13121211,0x14141414,0x12111110,0x14141413,
	0x1110100F,0x14131312,0x10100F0F,0x13131211,0x0F0F0E0E,0x12121110,0x0F0E0E0D,0x1111100F,
	0x15161515,0x19181716,0x15151414,0x18171616,0x15141514,0x17161615,0x14151414,0x16161515,
	0x14141414,0x16151514,0x14141414,0x15151414,0x14141413,0x15141414,0x14141312,0x14141414,
	0x1E1E1B1B,0x0000001F,0x1E1C1B19,0x00001F1E,0x1B1B1918,0x001F1F1D,0x1A191817,0x1F1E1E1B,
	0x19181716,0x1F1D1B1B,0x18171616,0x1E1C1A19,0x17161615,0x1C1B1918,0x16161515,0x1A191817,
	0x02010100,0x05050303,0x02010100,0x04040302,0x01000000,0x04030202,0x00000000,0x03020201,
	0x0000001F,0x03020100,0x00001F1E,0x01010100,0x00001F1E,0x01010000,0x001F1E1B,0x01000000,

	0x08080706,0x09090909,0x08070605,0x09090909,0x07060504,0x09090808,0x07060404,0x09090807,
	0x06050403,0x08080707,0x05040303,0x08070706,0x04030302,0x08070605,0x03030201,0x07060504,
	0x0B0A0A09,0x0F0E0D0C,0x0A0A0909,0x0E0D0C0A,0x0A090909,0x0D0C0B0B,0x09090909,0x0D0B0B0A,
	0x09090909,0x0C0B0A0A,0x09090909,0x0B0A0A09,0x09090809,0x0A0A0909,0x09090908,0x0A0A0909,
	0x1210100F,0x14141413,0x1110100E,0x14141312,0x10100F0E,0x14131311,0x100F0E0E,0x14131211,
	0x0F0F0E0D,0x13121110,0x0F0E0D0C,0x1211100F,0x0E0D0D0B,0x1211100F,0x0E0D0C0B,0x11100F0F,
	0x15151514,0x19171616,0x15141414,0x18171615,0x14141414,0x17161615,0x14141414,0x16161515,
	0x14141414,0x16151514,0x14141413,0x16151514,0x14141413,0x15151414,0x14141312,0x14151414,

	0x1F1E1C1A,0x01000000,0x1E1D1A19,0x0000001F,0x1E1B1A18,0x00001F1F,0x1C1A1917,0x00001F1E,
	0x1A1A1817,0x00001E1E,0x1A181716,0x001F1E1C,0x19171716,0x1F1E1D1B,0x18161616,0x1F1E1B1A,
	0x07080809,0x03040506,0x06070809,0x02030405,0x06070709,0x02030405,0x05070708,0x02030304,
	0x05060708,0x01020304,0x04060707,0x01020303,0x04050607,0x01010203,0x04040607,0x00010203,
	0x00000102,0x1E1E0000,0x00000102,0x1C1E0000,0x00000001,0x1B1D1F00,0x00000001,0x1A1B1E1F,
	0x00000001,0x1A1B1D1F,0x00000000,0x181A1C1E,0x1F1F0000,0x181A1C1D,0x1E000000,0x17181B1C,
	0x16181A1A,0x14151516,0x1617191A,0x14141516,0x1617181A,0x14141515,0x16161718,0x14141415,
	0x15161718,0x14141415,0x15151617,0x14141415,0x15151617,0x14141414,0x14151616,0x14141414,

	0x14141414,0x10101113,0x13141414,0x0F101112,0x13131414,0x0F0F1011,0x12131414,0x0E0F1011,
	0x11121314,0x0E0F1010,0x10131314,0x0D0E0F10,0x10111213,0x0D0E0F0F,0x10111213,0x0C0D0E0F,
	0x0C0D0E0F,0x090A0A0B,0x0B0D0D0E,0x09090A0A,0x0B0C0D0E,0x0909090A,0x0A0B0C0D,0x0909090A,
	0x0A0B0B0D,0x09090909,0x0A0A0B0C,0x08090909,0x090A0A0B,0x09090909,0x090A0A0B,0x09080909,
	0x08090909,0x05060708,0x08090909,0x04050707,0x08080909,0x04050607,0x07080809,0x03040506,
	0x07070809,0x03040406,0x06070809,0x02030405,0x05060708,0x01030304,0x05060707,0x01020304,
	0x01030304,0x00000101,0x01020304,0x00000001,0x01020203,0x00000000,0x00010203,0x1F1F0000,
	0x00010102,0x1E1F0000,0x00000102,0x1E1E0000,0x00000001,0x1C1E1F00,0x00000001,0x1B1C1E1F,

	0x1D1E1F00,0x1718191B,0x1C1D1F1F,0x1617181A,0x1A1B1E1F,0x16171719,0x191B1C1E,0x15161617,
	0x18191A1D,0x15161617,0x17181A1B,0x15151616,0x1617191A,0x14151516,0x15171819,0x14141516,
	0x15151616,0x14141414,0x15151516,0x14141414,0x14141515,0x14141414,0x14141415,0x13141414,
	0x14141514,0x12121414,0x14141414,0x11121414,0x14141414,0x10111213,0x13141414,0x10101313,
	0x12131414,0x0F101011,0x11111314,0x0E0F1010,0x10111212,0x0E0E0F0F,0x10111112,0x0D0E0E0F,
	0x0F0F1011,0x0B0D0E0E,0x0E0F1011,0x0B0C0D0E,0x0E0E0F10,0x0A0B0B0D,0x0D0E0E0F,0x0A0A0B0C,
	0x0C0D0E0E,0x0A0A0B0B,0x0B0C0D0E,0x090A0A0B,0x0A0C0C0D,0x09090A0A,0x0A0A0B0C,0x09090909,
	0x0A0A0A0B,0x09090909,0x09090A0A,0x08090909,0x0909090A,0x09090909,0x09090909,0x08080909,

	0x09090909,0x08090909,0x09090909,0x08090908,0x09090909,0x07070809,0x09080909,0x06070708,
	0x07080909,0x05060707,0x07070809,0x05050506,0x06070708,0x03040405,0x05060707,0x03030404,
	0x07080808,0x04050606,0x06060707,0x03040405,0x04050607,0x03040304,0x04040505,0x02020203,
	0x03030404,0x00020202,0x02030303,0x01010102,0x01020203,0x00000001,0x01010102,0x00000000,
	0x03030404,0x01020203,0x01020303,0x01010102,0x02010202,0x00000101,0x00010101,0x00000000,
	0x00000001,0x00000000,0x00000000,0x1F1F0000,0x00000000,0x1E1E1E1F,0x1E1F0000,0x1B1B1E1E,
	0x00010101,0x00000000,0x00010001,0x00000000,0x00000000,0x1F000000,0x1F000000,0x1E1E1F1F,
	0x1E1F1F1F,0x1D1D1D1E,0x1D1D1E1E,0x1A1A1B1B,0x1A1B1B1D,0x1819191A,0x191A1A1A,0x17171718,

	0x00000000,0x00000000,0x00001F00,0x1F1F1F1F,0x1E1F1F1F,0x1E1E1F1E,0x1D1E1D1E,0x1B1B1B1C,
	0x1B1A1B1B,0x191A1A1A,0x1919191A,0x17181818,0x17171718,0x16171617,0x16161617,0x16161616,
	0x001F0000,0x00001F00,0x1F1F1F1F,0x1F1E1E1F,0x1D1D1D1D,0x1D1D1D1D,0x1B1B1A1B,0x1B1A1B1A,
	0x19191A19,0x19191919,0x17171717,0x17171717,0x16161616,0x16161616,0x16161616,0x16151616,
	0x0000001F,0x00000000,0x1F1F1F1F,0x1F1F1F1F,0x1E1D1D1D,0x1E1E1E1E,0x1A1B1A1B,0x1C1D1B1B,
	0x1A191919,0x1A1A191A,0x17171717,0x18181818,0x16161616,0x17161717,0x15161615,0x16161616,
	0x00000000,0x01000000,0x00000000,0x00000000,0x1F1F1F1E,0x0000001F,0x1E1E1D1D,0x1F1F1E1E,
	0x1B1C1A1B,0x1E1D1D1C,0x1A191A19,0x1C1C1B1A,0x18181717,0x1A1A1918,0x16171616,0x18181717,

	0x01010100,0x03020102,0x00000000,0x02010101,0x00000000,0x01010100,0x00000000,0x00000000,
	0x001F1F1E,0x00000000,0x1E1E1D1D,0x00001F1F,0x1D1C1B1A,0x1F1E1E1D,0x1B1A1919,0x1E1D1D1B,
	0x04040303,0x06050504,0x03030202,0x05040403,0x02010201,0x04030303,0x01010100,0x04020202,
	0x01010000,0x02020201,0x00000000,0x01010100,0x00000000,0x01000000,0x00001F1E,0x00000000,
	0x08070707,0x09090809,0x07070606,0x09090808,0x06060504,0x08080707,0x05050403,0x07070706,
	0x04040303,0x07060605,0x03030202,0x06050404,0x03020201,0x05040403,0x02010101,0x04030302,
	0x09090909,0x0B0A0A0A,0x09090909,0x0A0A0909,0x09090909,0x0A090909,0x09090808,0x09090909,
	0x09090807,0x09090909,0x08080707,0x09090909,0x07070606,0x09090808,0x07060504,0x09090807,

	0x0E0D0C0C,0x10100F0F,0x0D0D0C0B,0x100F0F0E,0x0C0B0B0A,0x0F0E0E0D,0x0C0B0A0A,0x0E0E0D0C,
	0x0A090A09,0x0E0D0C0B,0x0A090A09,0x0D0C0A0B,0x09090909,0x0C0B0A0A,0x09090909,0x0A0A0A09,
	0x14131212,0x14141414,0x13121110,0x14141414,0x12111010,0x14141412,0x1110100F,0x14141312,
	0x10100F0E,0x14121211,0x0F0F0E0E,0x13121110,0x100E0E0D,0x12111010,0x0E0E0D0C,0x1110100F,
	0x16151514,0x19181716,0x15151414,0x18171616,0x15141414,0x17161615,0x14141414,0x16161515,
	0x14141414,0x16151514,0x14141414,0x15151415,0x14141413,0x15151414,0x14141312,0x15141414,
	0x1F1D1C1B,0x00000000,0x1E1D1B1A,0x0000001F,0x1D1B1918,0x00001F1E,0x1B1A1817,0x001F1E1E,
	0x1A191716,0x001F1E1B,0x19171716,0x1F1E1B1B,0x18171615,0x1E1C1B19,0x17161615,0x1E1A1A18,

	0x03020101,0x07060404,0x02020101,0x06050403,0x02020000,0x05040303,0x01010000,0x04030302,
	0x01000000,0x04030202,0x00000000,0x03030201,0x0000001F,0x03020101,0x00001F1E,0x02010100,
	0x09080807,0x0A090909,0x09080807,0x09090909,0x08080706,0x09090909,0x08070605,0x09090909,
	0x07070605,0x09090908,0x07060504,0x09090908,0x06050403,0x09080807,0x06050403,0x09090707,
	0x0D0C0B0A,0x110F0F0E,0x0D0B0A0A,0x100F0E0D,0x0C0B0A09,0x0F0F0E0D,0x0B0A0A09,0x0F0E0D0C,
	0x0A0A0909,0x0E0E0D0B,0x0A0A0909,0x0E0D0C0B,0x0A090909,0x0D0D0B0A,0x0A090909,0x0D0C0B0A,
	0x14131311,0x15141414,0x14131211,0x14141414,0x13121110,0x14141414,0x13121010,0x14141414,
	0x1211100F,0x14141413,0x11100F0F,0x14141413,0x11100F0E,0x14141312,0x10100F0E,0x14131311,

	0x17161615,0x1E1D1A19,0x17161615,0x1D1C1A18,0x16151514,0x1D1A1917,0x16151515,0x1A1A1817,
	0x16151414,0x1A191716,0x15151414,0x1A181716,0x15141414,0x19171615,0x15151414,0x18171615,
	0x03040507,0x00000202,0x03040506,0x00000202,0x03030406,0x00000002,0x02030405,0x00000101,
	0x02030405,0x00000101,0x02020304,0x00000001,0x02020304,0x00000000,0x01020304,0x1F000000,
	0x1E1F0000,0x16181A1B,0x1D1E0000,0x1617191A,0x1D1E1F00,0x1617181A,0x1B1D1F00,0x16171719,
	0x1B1D1E1F,0x16161719,0x1A1B1E1F,0x15161618,0x191A1D1E,0x15161617,0x181A1D1F,0x15161617,
	0x14151516,0x13141414,0x14141516,0x13141414,0x14151515,0x13131414,0x14141515,0x12141414,
	0x14141514,0x11131414,0x14141415,0x11121314,0x14141414,0x10121314,0x14141414,0x10111313,

	0x0F101112,0x0B0D0E0F,0x0F101112,0x0B0C0D0E,0x0F0F1011,0x0A0B0D0E,0x0E0F1011,0x0A0B0C0D,
	0x0E0F1010,0x0A0A0B0D,0x0D0E0F10,0x0A0A0B0C,0x0D0E0F0F,0x090A0B0B,0x0D0D0E0F,0x090A0A0B,
	0x09090A0A,0x08090909,0x09090A0A,0x07090809,0x0909090A,0x07080909,0x0909090A,0x07070809,
	0x09090909,0x06070808,0x09090909,0x05070708,0x09090909,0x05060708,0x09080909,0x04060707,
	0x04050607,0x01020303,0x04040607,0x00010203,0x03040506,0x01010102,0x03030405,0x00000102,
	0x02030405,0x00000101,0x02030304,0x00000001,0x01020304,0x00000001,0x01020303,0x00000000,
	0x00000000,0x1A1A1E1E,0x1F000000,0x181A1C1E,0x1E1F0000,0x17191B1D,0x1D1F0000,0x16181A1B,
	0x1C1E1F00,0x1617191A,0x1A1E1E00,0x1617181A,0x1A1C1E1F,0x16161719,0x191B1D1E,0x15161618,

	0x15161718,0x14151415,0x15161617,0x14141415,0x15151617,0x14141414,0x14151516,0x14141414,
	0x15151516,0x14141414,0x14141516,0x13141414,0x14141415,0x12131414,0x14141415,0x12131414,
	0x13141414,0x0F101112,0x12131314,0x0F0F1010,0x11121314,0x0E0F0F10,0x10121214,0x0D0E0F10,
	0x10111212,0x0D0E0E0F,0x0F101012,0x0C0D0E0F,0x0F0F1012,0x0A0C0D0E,0x0E0F1011,0x0A0C0D0D,
	0x0C0C0E0F,0x090A0A0B,0x0B0C0D0E,0x09090A0A,0x0A0C0C0D,0x0909090A,0x0A0A0B0D,0x09090909,
	0x0A0A0B0B,0x09090909,0x090A0A0B,0x09090909,0x09090A0A,0x08090909,0x0909090A,0x08090809,
	0x09090909,0x07080809,0x08090909,0x06070708,0x08090909,0x05060708,0x07080909,0x04050606,
	0x07070809,0x04040506,0x06070708,0x03040405,0x05060708,0x02030404,0x04050607,0x02020304,

	0x04050606,0x02020303,0x03040405,0x01020203,0x03030404,0x00010102,0x02030304,0x00000101,
	0x01010203,0x00000001,0x01010202,0x00000000,0x00000102,0x1F000000,0x00000001,0x1E1F1F00,
	0x00000101,0x00000000,0x00000001,0x1E1F0000,0x00000000,0x1E1E1F1F,0x1F000000,0x1B1B1E1E,
	0x1E1F0000,0x191B1B1D,0x1C1E1E1F,0x18191A1B,0x1A1C1E1E,0x1717181A,0x191A1B1D,0x16171718,
	0x1D1E1E1F,0x1A1A1A1C,0x1B1C1D1E,0x1819191A,0x191A1A1C,0x17171718,0x17181A1A,0x15161717,
	0x17171819,0x15161616,0x15161717,0x15151516,0x15161616,0x14141515,0x15151516,0x14141514,
	0x17171819,0x16161617,0x16161717,0x15151616,0x15161616,0x15151515,0x15151516,0x15141415,
	0x14151515,0x14141415,0x14141414,0x14141414,0x14141414,0x14141414,0x14141414,0x13131414,

	0x16151616,0x14151515,0x15151515,0x14151415,0x14141414,0x14141414,0x14141414,0x14141414,
	0x14141414,0x14141414,0x14141414,0x13131414,0x13131314,0x12121313,0x12121213,0x11111112,
	0x15151415,0x15151514,0x14141415,0x14141415,0x14141414,0x14141414,0x14141414,0x14141414,
	0x14141414,0x14141414,0x12131313,0x13121313,0x12121212,0x12121212,0x10101111,0x10101010,
	0x15151515,0x15151515,0x14141414,0x15141414,0x14141414,0x14141414,0x14141414,0x14141414,
	0x14141414,0x14141414,0x13131313,0x14141413,0x12121212,0x12131312,0x11111110,0x12111111,
	0x16161615,0x17171616,0x15151515,0x16161516,0x15151414,0x15151515,0x14141414,0x15141514,
	0x14141414,0x14141414,0x14141414,0x14141414,0x14141313,0x14141414,0x13131212,0x14141313,

	0x19181717,0x1B1B1A1A,0x17171616,0x1A191918,0x16161616,0x18171717,0x16151515,0x17161616,
	0x15151414,0x16161615,0x14141414,0x16151515,0x14141414,0x15151414,0x14141414,0x14141414,
	0x1F1E1E1D,0x00000000,0x1E1D1B1B,0x00001F1E,0x1B1B1A19,0x1F1F1E1D,0x1A191817,0x1E1D1D1B,
	0x18171617,0x1D1B1A19,0x17171616,0x1A1A1918,0x16161615,0x19181717,0x15151514,0x17171616,
	0x01010000,0x03030202,0x00000000,0x02020101,0x00000000,0x02010100,0x0000001F,0x01010000,
	0x001F1E1E,0x00000000,0x1F1E1E1C,0x00000000,0x1E1C1B1A,0x00001F1F,0x1B1B1919,0x001F1E1E,
	0x06050404,0x08080707,0x05040303,0x07070706,0x04040302,0x07060505,0x03020201,0x06050404,
	0x03020101,0x05040403,0x02010100,0x04040303,0x01010000,0x04030202,0x00000000,0x03020201,

	0x09090909,0x0A0A0909,0x09090909,0x0A090909,0x09090808,0x09090909,0x09080707,0x09090909,
	0x08070706,0x09090909,0x07070605,0x09090908,0x07060504,0x09090807,0x06050404,0x09090807,
	0x0E0C0C0B,0x10100F0E,0x0D0C0B0A,0x100F0E0E,0x0C0B0A0A,0x0F0F0E0D,0x0B0A0A09,0x0F0E0D0C,
	0x0A0A0909,0x0E0D0C0B,0x0A090909,0x0D0D0B0B,0x0A090909,0x0D0B0B0A,0x09090909,0x0C0B0A0A,
	0x14141212,0x15141414,0x13131210,0x14141414,0x13111110,0x14141413,0x1211100F,0x14141413,
	0x1110100E,0x14141312,0x100F0F0E,0x14131211,0x100F0E0D,0x13131210,0x0F0E0E0D,0x13121110,
	0x16161515,0x1B1A1917,0x16151514,0x1A191717,0x15151414,0x1A181716,0x15151514,0x18171616,
	0x15141414,0x17161615,0x14141414,0x17161615,0x14141414,0x16161515,0x14141414,0x16151514,

	0x00001F1E,0x02010000,0x001F1E1C,0x01010000,0x1F1E1D1B,0x01000000,0x1F1D1C1A,0x00000000,
	0x1E1D1A19,0x0000001F,0x1D1B1A18,0x00001F1E,0x1B1A1817,0x00001F1E,0x1A191717,0x001F1E1D,
	0x05040303,0x08080706,0x04030302,0x08070705,0x04030201,0x08070605,0x03030201,0x07060504,
	0x03020101,0x07060504,0x02020100,0x06050403,0x02010000,0x06040403,0x01010100,0x05040302,
	0x09090909,0x0C0B0A0A,0x09090909,0x0B0B0A09,0x09090908,0x0B0A0A09,0x09090908,0x0A0A0909,
	0x09090907,0x0A0A0909,0x09090807,0x0A090909,0x09080707,0x0A090909,0x09080706,0x09090909,
	0x100F0E0D,0x14131211,0x0F0F0E0D,0x13121110,0x0F0E0D0C,0x13121110,0x0F0E0D0B,0x1211100F,
	0x0E0D0C0B,0x1211100F,0x0E0D0B0A,0x11100F0F,0x0D0C0B0A,0x11100F0E,0x0D0B0A0A,0x10100F0E,

	0x14141414,0x17161615,0x14141414,0x17161515,0x14141414,0x16151514,0x14141413,0x16151515,
	0x14141413,0x16151414,0x14141312,0x15151414,0x14141312,0x15141414,0x14131311,0x15151414,
	0x01010303,0x1F000000,0x01010203,0x1E000000,0x00010203,0x1E1F0000,0x00010202,0x1E1F0000,
	0x00010102,0x1D1E0000,0x00000102,0x1D1F1F00,0x00000102,0x1B1E1F00,0x00000102,0x1A1E1E00,
	0x181A1B1E,0x15151617,0x17191A1D,0x14151616,0x16181A1D,0x15141616,0x16181A1B,0x14151516,
	0x1617191A,0x14141516,0x1617181A,0x14141515,0x1617181A,0x14141515,0x16161719,0x14141515,
	0x14141414,0x10111213,0x14141414,0x0F101113,0x13141414,0x0F101112,0x13141414,0x0F101112,
	0x13131414,0x0E0F1011,0x12131414,0x0E0F1011,0x12131414,0x0E0F1010,0x11131414,0x0D0E0F10,

	0x0C0D0E0F,0x09090A0B,0x0B0D0E0F,0x09090A0A,0x0B0C0D0E,0x0909090A,0x0B0B0D0E,0x0909090A,
	0x0A0B0D0E,0x0909090A,0x0A0B0C0D,0x09090909,0x0A0A0B0D,0x09090909,0x0A0A0C0D,0x09090909,
	0x08090909,0x04050607,0x07080909,0x03040607,0x07080909,0x03040506,0x07080909,0x03040506,
	0x07070809,0x03030405,0x06070808,0x02030405,0x06070709,0x02030304,0x05060708,0x01020304,
	0x01010203,0x1F000000,0x00010203,0x1E000000,0x00010102,0x1E1F0000,0x00000102,0x1C1E0000,
	0x00000102,0x1C1E1F00,0x00000001,0x1B1D1E00,0x00000001,0x1A1D1E1F,0x00000001,0x1A1A1D1F,
	0x181A1B1E,0x14161617,0x17191B1C,0x15151616,0x17181A1B,0x14151616,0x1617191B,0x14151516,
	0x1617181A,0x14141516,0x16161719,0x14141515,0x16161718,0x14141415,0x15161618,0x14141415,

	0x14141415,0x11121314,0x14141414,0x10111313,0x14141414,0x10111213,0x13141414,0x0F101112,
	0x13141414,0x0F101012,0x12131414,0x0E0F1011,0x12131414,0x0E0F1010,0x11121314,0x0D0E0F10,
	0x0E0E0F10,0x0A0B0B0D,0x0D0E0F0F,0x0A0A0B0C,0x0D0D0E0F,0x090A0A0B,0x0B0D0E0F,0x090A0A0B,
	0x0B0C0D0E,0x09090A0A,0x0A0B0D0E,0x0909090A,0x0A0B0C0D,0x0909090A,0x0A0A0B0D,0x09090909,
	0x09090909,0x07080909,0x09090909,0x07070809,0x09090909,0x06070708,0x09080909,0x05060708,
	0x08090909,0x04050607,0x07080809,0x04040607,0x07080909,0x03040506,0x06070808,0x03030405,
	0x04040506,0x01020203,0x03040506,0x00010202,0x03030405,0x00000102,0x02020304,0x00000101,
	0x01020304,0x00000001,0x01010203,0x00000000,0x01010202,0x1F000000,0x00000102,0x1E001F00,

	0x00000000,0x1D1E1F00,0x00000000,0x1A1C1E1E,0x1F000000,0x1A1A1C1E,0x1E1E0000,0x18191B1C,
	0x1C1E1F00,0x1718191A,0x1B1C1E1E,0x1617171A,0x191A1C1E,0x16161718,0x181A1B1D,0x15161617,
	0x17191A1B,0x15161617,0x1617181A,0x15151616,0x16171718,0x14151516,0x15161617,0x14141515,
	0x15151616,0x14141414,0x14151516,0x14141415,0x14141515,0x14141414,0x14141415,0x13141414,
	0x14141515,0x14141414,0x14141415,0x14141414,0x14141414,0x13141414,0x14141414,0x12131314,
	0x13141414,0x11121213,0x13131414,0x10101112,0x11121313,0x0F101011,0x10111213,0x0E0F0F10,
	0x13141414,0x12121313,0x12131314,0x11111112,0x11121213,0x10101011,0x10101112,0x0F0F0F10,
	0x0F101010,0x0E0E0F0F,0x0E0F0F0F,0x0C0D0E0E,0x0D0E0E0F,0x0C0C0D0D,0x0D0D0D0E,0x0A0B0B0C,

	0x10111112,0x10101010,0x0F101010,0x0F0F0F10,0x0F0F0F0F,0x0E0E0E0E,0x0E0E0E0F,0x0C0D0E0E,
	0x0C0D0D0E,0x0C0C0C0D,0x0B0B0C0D,0x0B0A0B0B,0x0A0B0B0B,0x0A0A0A0A,0x0A0A0A0A,0x0909090A,
	0x100F1010,0x0F10100F,0x0F0F0F0E,0x0F0F0E0F,0x0E0E0E0E,0x0E0E0E0E,0x0C0D0C0D,0x0C0D0C0D,
	0x0C0B0B0B,0x0B0B0B0B,0x0A0A0B0A,0x0A0A0A0A,0x090A090A,0x090A090A,0x09090909,0x09090909,
	0x10100F10,0x10101010,0x0F0E0F0F,0x0F0F0F0F,0x0E0E0E0E,0x0F0F0E0E,0x0D0D0C0D,0x0E0D0D0D,
	0x0B0B0B0B,0x0D0C0C0C,0x0B0A0B0A,0x0B0B0B0A,0x0A0A0A0A,0x0A0A0A0A,0x09090909,0x0A090909,
	0x12111111,0x13131212,0x10101010,0x12121111,0x100F0F0E,0x11101010,0x0E0E0E0E,0x100F0F0F,
	0x0E0E0D0D,0x0F0F0E0E,0x0C0C0C0B,0x0E0E0D0D,0x0B0B0B0A,0x0D0D0C0B,0x0A0A0A09,0x0C0C0B0B,

	0x14141413,0x14141414,0x14131312,0x14141414,0x13121211,0x14141413,0x12111010,0x14131312,
	0x1010100F,0x13121211,0x0F0F0F0E,0x12111010,0x0F0E0E0D,0x1110100F,0x0E0D0D0D,0x100F0F0E,
	0x15151415,0x17161615,0x14151414,0x16151515,0x14141414,0x15151514,0x14141414,0x15141514,
	0x14141413,0x14141414,0x14141312,0x14141414,0x13131211,0x14141414,0x12121110,0x14141413,
	0x1B191817,0x1F1F1D1B,0x19181716,0x1E1D1B1A,0x17171616,0x1D1A1A19,0x17161515,0x1A1A1817,
	0x15161515,0x1A181716,0x15151514,0x19171616,0x15151414,0x17161615,0x14141414,0x16161515,
	0x0000001F,0x02020100,0x0000001F,0x02010000,0x001F1F1E,0x01000000,0x001F1E1C,0x00000000,
	0x1F1E1C1A,0x0000001F,0x1E1C1A19,0x0000001F,0x1C1A1A18,0x00001E1E,0x1B191817,0x001F1E1C,

	0x05040403,0x08080706,0x04040302,0x08070605,0x04030202,0x07060504,0x03020201,0x07060504,
	0x03020101,0x06050403,0x02010100,0x05040303,0x01010000,0x05030302,0x01000000,0x04030201,
	0x09090909,0x0B0A0A09,0x09090909,0x0A0A0909,0x09090808,0x0A090909,0x09090807,0x09090909,
	0x09080707,0x0A090909,0x08080706,0x09090909,0x08070605,0x09090809,0x07070504,0x09090908,
	0x0F0E0D0C,0x1211100F,0x0E0D0C0C,0x1110100F,0x0E0D0B0B,0x11100F0E,0x0D0C0B0A,0x100F0F0E,
	0x0C0B0A09,0x100F0E0D,0x0B0A0A09,0x0F0E0E0D,0x0B0A0A09,0x0F0E0D0C,0x0A0A0909,0x0E0D0C0B,
	0x14141413,0x15151414,0x14141313,0x15151414,0x14141312,0x15141414,0x14131211,0x14141414,
	0x14131210,0x14141414,0x13121110,0x14141414,0x1311100F,0x14141413,0x1211100F,0x14141413,

	0x1A181716,0x001F1D1B,0x19171616,0x1F1E1C1B,0x18161615,0x1F1D1B19,0x17161615,0x1E1C1A19,
	0x17161515,0x1D1B1917,0x16161415,0x1B1A1817,0x16151514,0x1B191717,0x16141514,0x1A181716,
	0x01000000,0x04030302,0x01000000,0x04030201,0x0000001F,0x03030201,0x0000001F,0x03020101,
	0x0000001E,0x03020100,0x00001F1E,0x02010100,0x00001E1C,0x02010000,0x001F1E1B,0x01010000,
	0x08070705,0x09090909,0x08070605,0x09090909,0x07070504,0x09090908,0x07060504,0x09090908,
	0x07060403,0x09090807,0x06050403,0x09090807,0x06040303,0x08090707,0x05040402,0x09080706,
	0x0C0B0A0A,0x100F0E0D,0x0B0A0A09,0x0F0F0E0D,0x0B0A0A09,0x0F0E0D0C,0x0B0A0909,0x0F0E0D0B,
	0x0A0A0909,0x0E0D0D0B,0x0A090909,0x0E0D0C0B,0x0A090909,0x0E0D0C0A,0x09090909,0x0D0C0B0A,

	0x14131211,0x15141414,0x14131110,0x14141414,0x13121110,0x14141414,0x13121010,0x14141414,
	0x1211100F,0x14141413,0x1211100F,0x14141413,0x1110100E,0x14141413,0x11100F0E,0x14141312,
	0x00000101,0x1B1D1E00,0x00000001,0x1A1C1E00,0x00000001,0x1A1B1E1F,0x00000001,0x191A1D1F,
	0x1F000001,0x191B1D1E,0x00000000,0x181A1C1E,0x1F000000,0x181A1B1E,0x1F000000,0x17191A1D,
	0x15161719,0x14141415,0x15161618,0x14141415,0x15161718,0x14141414,0x15161617,0x14141414,
	0x14161617,0x14141415,0x15151616,0x14141414,0x14151617,0x13141414,0x14151616,0x13141414,
	0x11121314,0x0D0E0F10,0x11121314,0x0D0E0F10,0x10111214,0x0C0E0F0F,0x10111313,0x0C0D0E0F,
	0x10111213,0x0C0D0E0F,0x0F101213,0x0B0D0E0E,0x0F101113,0x0B0C0D0F,0x0F101113,0x0B0C0D0E,

	0x090A0B0C,0x09090909,0x090A0A0B,0x09080909,0x090A0A0C,0x08090909,0x09090A0B,0x08090909,
	0x09090A0B,0x07080909,0x09090A0A,0x07080909,0x09090A0A,0x07080909,0x0909090A,0x07080809,
	0x05060708,0x01020304,0x04050707,0x01020203,0x04050607,0x00020203,0x04050607,0x00010203,
	0x03040507,0x00010103,0x03040506,0x00010102,0x02040506,0x00000102,0x03030406,0x00000102,
	0x1F000000,0x191B1D1E,0x00000000,0x181A1B1D,0x1E000000,0x17191A1D,0x1F1F0000,0x17181A1D,
	0x1E1F0000,0x17181A1B,0x1D1E1F00,0x1617181A,0x1C1F1F00,0x1617181A,0x1C1E1F00,0x16161819,
	0x15161617,0x14141414,0x15151616,0x14141414,0x14151616,0x14141414,0x14151616,0x14141414,
	0x14151516,0x13141414,0x14151515,0x13141414,0x14141516,0x12131414,0x14141415,0x12131414,

	0x10121314,0x0D0E0F10,0x10101313,0x0D0D0E0F,0x10101212,0x0C0D0E0F,0x0F101113,0x0B0D0E0E,
	0x0F101112,0x0B0C0D0E,0x0F0F1011,0x0A0C0D0E,0x0E0F1011,0x0A0B0C0D,0x0E0F1010,0x0A0A0B0D,
	0x090A0B0C,0x09090909,0x090A0A0B,0x09080909,0x090A0A0B,0x08090909,0x09090A0A,0x08090809,
	0x0909090A,0x07080909,0x0909090A,0x07080908,0x09090909,0x06070809,0x09090909,0x06070809,
	0x06070708,0x02030404,0x05060708,0x02020304,0x04050707,0x01020303,0x04050607,0x01010203,
	0x03040506,0x00010203,0x03040506,0x00010102,0x03030405,0x00000102,0x02030405,0x00000001,
	0x00000101,0x1D1E1F00,0x00000001,0x1B1D1F00,0x00000000,0x1A1C1E1F,0x1F000000,0x191B1D1E,
	0x1E000000,0x181A1A1E,0x1E1F0000,0x17191A1C,0x1D1E1F00,0x1718191A,0x1B1E1F00,0x1616181A,

	0x1718191B,0x15151616,0x1617181A,0x14151516,0x16171719,0x14141515,0x16151618,0x14141415,
	0x15161617,0x14141514,0x15151616,0x14141414,0x14151516,0x14141414,0x14141516,0x13141414,
	0x14141414,0x12131414,0x14141414,0x11121414,0x14141414,0x10121212,0x13141414,0x10101112,
	0x12131414,0x0F101011,0x12121314,0x0E0F1010,0x10111213,0x0E0E0F10,0x10101213,0x0C0E0E0F,
	0x10101112,0x0E0E0F0F,0x0F0F1011,0x0D0D0E0E,0x0E0F0F10,0x0B0C0D0D,0x0D0E0F0F,0x0A0B0C0D,
	0x0C0D0E0E,0x0A0A0B0B,0x0B0C0D0E,0x090A0A0B,0x0B0B0C0D,0x09090A09,0x0A0A0B0C,0x0909090A,
	0x0B0C0D0D,0x0A0A0A0B,0x0A0B0B0C,0x09090A0A,0x0A0A0A0B,0x09090909,0x0A090A0A,0x09090909,
	0x09090909,0x09090909,0x09090909,0x09080909,0x09090909,0x08080809,0x09080909,0x07070808,

	0x0909090A,0x09090909,0x09090909,0x09090909,0x09090909,0x09090909,0x09090909,0x08080908,
	0x08090809,0x08070807,0x07080808,0x06060707,0x06070707,0x05050506,0x05050606,0x04040405,
	0x09090909,0x09090909,0x09090909,0x09090909,0x09090809,0x09080909,0x08080808,0x08080808,
	0x07070707,0x07070707,0x06050606,0x06050505,0x04050405,0x04040504,0x04030304,0x03040303,
	0x09090909,0x09090909,0x09090909,0x09090909,0x09080909,0x09090909,0x08080808,0x09080908,
	0x06070707,0x08080708,0x06060606,0x07070706,0x05050405,0x06060505,0x04030304,0x05040404,
	0x0A09090A,0x0B0A0A0A,0x09090909,0x0A0A0909,0x09090909,0x09090909,0x09090909,0x09090909,
	0x09090808,0x09090909,0x08080708,0x09090908,0x07070706,0x09080808,0x06060505,0x08070807,

	0x0D0D0C0B,0x0F0E0E0D,0x0C0B0B0A,0x0E0E0D0D,0x0B0A090A,0x0D0D0C0B,0x0A0A090A,0x0C0C0B0A,
	0x09090909,0x0B0B0A0A,0x09090909,0x0A0A0A09,0x09090909,0x0A090909,0x09090908,0x09090909,
	0x11101010,0x14131312,0x10100F0E,0x13131211,0x100F0E0E,0x12121110,0x0F0E0E0D,0x1111100F,
	0x0E0D0D0C,0x10100F0F,0x0D0D0B0B,0x100F0F0E,0x0C0B0B0A,0x0F0E0E0D,0x0C0B0A0A,0x0E0E0D0C,
	0x14141414,0x16151514,0x14141414,0x15151414,0x14141413,0x15141414,0x14141312,0x14141414,
	0x14131212,0x14141414,0x13121210,0x14141414,0x13111010,0x14141413,0x1110100F,0x14141312,
	0x19181716,0x1F1E1C1B,0x18171616,0x1E1D1B1A,0x17161615,0x1D1B1918,0x16161515,0x1B1A1917,
	0x15161514,0x1A191717,0x15151414,0x19181716,0x15141514,0x18171616,0x15141414,0x17161615,

	0x00000000,0x03020201,0x0000001F,0x03020100,0x00001F1E,0x02010100,0x00001E1E,0x01010000,
	0x1F1F1E1C,0x01000000,0x1F1E1D1A,0x01000000,0x1F1D1B1A,0x0000001F,0x1E1B1A18,0x0000001F,
	0x07060504,0x09090907,0x06050403,0x09080807,0x05050303,0x09080806,0x05040302,0x09070706,
	0x04030302,0x08070605,0x04030201,0x08070604,0x03020101,0x06060504,0x03020100,0x07050403,
	0x0A090909,0x0E0D0B0B,0x0A090909,0x0D0C0B0A,0x09090909,0x0D0B0A0A,0x09090909,0x0C0B0A09,
	0x09090908,0x0B0A0A09,0x09090908,0x0B0A0909,0x09080908,0x0A0A0A09,0x09090807,0x0A090909,
	0x11100F0F,0x14141312,0x10100F0E,0x14141312,0x100F0E0E,0x14131211,0x100F0E0D,0x14131210,
	0x0F0E0E0D,0x13121110,0x0E0E0D0C,0x13121010,0x0E0E0D0B,0x1211110F,0x0E0D0C0B,0x1211100E,

	0x15151414,0x19171616,0x15141414,0x18171615,0x15141414,0x18171615,0x14141414,0x17161615,
	0x15141414,0x16161515,0x14141414,0x16161514,0x14141413,0x16151514,0x14141413,0x16151414,
	0x001E1C1B,0x01000000,0x1F1E1C1A,0x01000000,0x1E1D1B19,0x00000000,0x1E1D1A19,0x0000001F,
	0x1E1A1A18,0x0000001F,0x1D1A1917,0x00001F1E,0x1B1A1817,0x00001F1E,0x1B191716,0x00001E1D,
	0x05040202,0x09080706,0x04030302,0x08070705,0x04030201,0x08070605,0x03030201,0x07070604,
	0x03020101,0x08060504,0x03020100,0x07060504,0x03010100,0x07050403,0x02010100,0x06050403,
	0x09090908,0x0D0B0A0A,0x09090909,0x0D0B0A0A,0x09090909,0x0C0B0A09,0x09090908,0x0B0B090A,
	0x09090908,0x0B0A0A09,0x09090908,0x0B090909,0x09090807,0x0A0A0909,0x09090807,0x0A0A0909,

	0x10100F0E,0x14141312,0x100F0E0D,0x14131311,0x100F0E0D,0x14131211,0x0F0F0E0D,0x14131210,
	0x0F0E0D0C,0x13131111,0x0F0E0E0C,0x13121110,0x0F0E0D0B,0x1312100F,0x0E0D0C0A,0x1311100F,
	0x1E000000,0x17191B1D,0x1E000000,0x17171A1C,0x1E1F0000,0x16181A1D,0x1E1F0000,0x16181A1B,
	0x1D1F0000,0x1617191A,0x1D1F1F00,0x1617191B,0x1D1E0000,0x1617191B,0x1C1E1F00,0x1616181A,
	0x14151516,0x13141414,0x14151516,0x13141414,0x14151516,0x13141414,0x14141516,0x14141414,
	0x14141516,0x12131414,0x14141516,0x11141414,0x14151416,0x12131414,0x14141515,0x12131314,
	0x0F101112,0x0A0B0D0E,0x0E101011,0x0A0B0D0E,0x0E0F1011,0x0A0C0C0E,0x0E0F1111,0x0A0B0C0D,
	0x0E0F1011,0x0A0B0C0E,0x0E0F1011,0x0A0A0B0D,0x0D0F0F10,0x0A0A0B0D,0x0E0F0F11,0x0A0A0C0D,

	0x0909090A,0x07070909,0x0909090A,0x06070809,0x0909090A,0x06070809,0x09090909,0x06070808,
	0x09090909,0x05070709,0x09090909,0x05060708,0x08090909,0x05060708,0x09090909,0x04060707,
	0x02040405,0x00000101,0x02030405,0x00000001,0x02020405,0x00000001,0x02030304,0x1F000001,
	0x01020404,0x00000001,0x01020304,0x1F000000,0x01020204,0x1F000000,0x01020303,0x1F000000,
	0x1B1D1E1F,0x16161719,0x1A1C1E00,0x16161718,0x1A1B1E1F,0x15161718,0x191A1E1F,0x15161617,
	0x191B1D1E,0x15151617,0x171A1C1E,0x15151617,0x181A1B1E,0x15151616,0x17191B1D,0x14151616,
	0x14141415,0x11121414,0x14141415,0x11121414,0x14141415,0x10121314,0x14141414,0x10111313,
	0x14141414,0x10111213,0x14141414,0x10101214,0x14141414,0x0F101213,0x13141414,0x0F111212,

	0x0D0E0F10,0x0A0B0B0D,0x0D0E0F10,0x090A0B0C,0x0D0E0F10,0x090A0A0B,0x0C0D0E0F,0x090A0A0B,
	0x0C0E0E0F,0x09090A0B,0x0B0D0D0F,0x09090A0A,0x0B0D0E0F,0x09090A0A,0x0B0C0D0E,0x0909090A,
	0x09090909,0x05070708,0x08090909,0x05060708,0x09090909,0x04050707,0x08090909,0x04050607,
	0x08080909,0x04050607,0x07090909,0x03050507,0x07080909,0x03040506,0x07080809,0x03040406,
	0x02030304,0x00000001,0x01020304,0x1F000001,0x01020303,0x1F000000,0x01010203,0x1F000000,
	0x00010202,0x1E1F0000,0x00010202,0x1E1F0000,0x00000102,0x1D1E0000,0x00000102,0x1D1E1F00,
	0x1A1C1E1F,0x16161719,0x1A1B1E1F,0x16151718,0x191A1C1E,0x15161617,0x181A1B1D,0x15151616,
	0x17181B1D,0x14151616,0x16181A1B,0x14151516,0x1617191A,0x14141516,0x1517181A,0x14141516,

	0x14141515,0x13141414,0x14141415,0x11131414,0x14141414,0x11121314,0x14141414,0x11121314,
	0x14141414,0x10111213,0x13141414,0x0F101113,0x13141414,0x0F101112,0x12131414,0x0F0F1011,
	0x0F101112,0x0C0D0E0E,0x0F0F1011,0x0B0C0D0E,0x0E0F0F10,0x0A0B0C0D,0x0D0E0F10,0x0A0A0C0D,
	0x0D0E0E0F,0x090A0B0B,0x0C0D0E0F,0x090A0A0B,0x0B0C0D0E,0x09090A0A,0x0B0B0D0E,0x0909090A,
	0x090A0A0B,0x09090909,0x09090A0A,0x08090909,0x0909090A,0x09090909,0x09090909,0x07080809,
	0x09090909,0x07080809,0x09090909,0x06070708,0x08090909,0x05060707,0x08080909,0x05050607,
	0x08080909,0x06060707,0x07070809,0x04050606,0x06070708,0x04040505,0x05060607,0x03030404,
	0x04040506,0x02020303,0x03040405,0x01020203,0x02030404,0x00010102,0x02020303,0x00000101,

	0x04040505,0x02030304,0x03030404,0x02020203,0x02020303,0x00020102,0x01020202,0x00000101,
	0x01000101,0x00000000,0x00000001,0x00000000,0x00000000,0x1F1F0000,0x00000000,0x1E1E1E1F,
	0x02030303,0x02020302,0x01020102,0x01010101,0x01010101,0x01010101,0x00000000,0x00000000,
	0x00000000,0x00000000,0x00001F00,0x1F1F1F1F,0x1E1E1E1F,0x1E1F1E1F,0x1C1D1D1E,0x1C1C1C1C,
	0x02030302,0x04040303,0x02020201,0x03020202,0x01010001,0x01020201,0x00000000,0x01010100,
	0x00000000,0x00000000,0x0000001F,0x00000000,0x1F1F1E1F,0x0000001F,0x1E1D1D1C,0x1F1F1E1E,
	0x05050404,0x07070606,0x04040303,0x06060504,0x03030302,0x05040404,0x02020201,0x04040303,
	0x01010101,0x03030202,0x01000100,0x03020201,0x00000000,0x02010101,0x00000000,0x01010000,

	0x08090808,0x09090909,0x09080707,0x09090909,0x07070706,0x09090808,0x07060505,0x09090807,
	0x06050404,0x09070707,0x05040303,0x08070606,0x04030302,0x07060505,0x03030202,0x06050404,
	0x0A0A0A09,0x0E0D0C0B,0x0A090909,0x0D0C0B0A,0x09090909,0x0C0B0A0A,0x09090909,0x0B0A0A0A,
	0x09090908,0x0B0A0909,0x09090909,0x0A090909,0x09080808,0x0A090909,0x09080807,0x09090909,
	0x10100F0E,0x14131212,0x100F0E0E,0x13131211,0x0F0F0E0D,0x12121110,0x0E0E0D0C,0x1211100F,
	0x0E0D0C0B,0x12100F0F,0x0D0D0C0A,0x10100F0E,0x0D0B0B0A,0x100F0E0E,0x0C0B0A0A,0x0F0F0E0D,
	0x14141414,0x16161515,0x14141414,0x16161514,0x14141414,0x15151414,0x14141413,0x15151514,
	0x14141312,0x15141414,0x14131312,0x15141414,0x14131211,0x14141414,0x13121110,0x14141414,

	0x1B1B1917,0x00001F1E,0x1A1A1817,0x00001E1E,0x1A191716,0x001F1E1C,0x19171716,0x1F1E1D1B,
	0x18161616,0x1F1E1B1A,0x17161615,0x1E1D1A19,0x16161615,0x1E1B1A18,0x16161514,0x1D1A1917,
	0x02010100,0x06050403,0x02010000,0x05040303,0x01010000,0x05040302,0x01000000,0x04030302,
	0x0100001F,0x04030201,0x0000001F,0x03030201,0x00001F1F,0x03020101,0x00001F1E,0x03020100,
	0x08090807,0x0A090909,0x09080706,0x09090909,0x09080706,0x09090908,0x08070705,0x09090909,
	0x08070605,0x09090909,0x07070504,0x09090908,0x07060504,0x09090808,0x07060403,0x09090907,
	0x0E0D0B0A,0x11100F0E,0x0E0C0B0A,0x11100F0E,0x0D0B0A0A,0x100F0F0E,0x0C0A0A0A,0x100F0E0D,
	0x0B0B0A09,0x100F0E0D,0x0B0A0A09,0x0F0E0D0D,0x0B0A0909,0x0F0E0D0C,0x0A0A0909,0x0F0E0D0B,

	0x14141312,0x15151414,0x14141312,0x15151414,0x14141312,0x15141414,0x14131211,0x15141414,
	0x14131210,0x14141414,0x13131110,0x14141414,0x13121110,0x15141414,0x1312100F,0x14141414,
	0x1A181716,0x001F1E1C,0x1A181716,0x001F1D1C,0x18171616,0x001E1D1B,0x18171615,0x1F1E1C1A,
	0x18161615,0x1F1D1B19,0x17161615,0x1E1D1B19,0x16161515,0x1E1C1A18,0x17161514,0x1D1C1A18,
	0x02010000,0x06040403,0x01010000,0x05040302,0x01000000,0x05040302,0x01010000,0x04040302,
	0x01000000,0x05030202,0x00000000,0x04030201,0x0000001F,0x03030201,0x0100001F,0x03030200,
	0x09080807,0x0A090909,0x09090707,0x0A090909,0x09080706,0x0A090909,0x09080706,0x09090909,
	0x08070705,0x09090909,0x08070605,0x09090909,0x08070605,0x09090909,0x08070604,0x09090909,

	0x0E0D0C0B,0x1211100F,0x0E0D0C0A,0x1211100F,0x0E0D0B0A,0x12100F0E,0x0E0B0B0A,0x11100F0E,
	0x0D0B0B0A,0x10100F0E,0x0C0B0A0A,0x10100E0E,0x0C0B0A09,0x100F0E0D,0x0C0B0A09,0x100F0E0E,
	0x1C1E1F00,0x1617181A,0x1C1E1F00,0x16161819,0x1B1E1F00,0x16161719,0x1B1D1F00,0x15161719,
	0x1B1D1F1F,0x16161719,0x1B1C1E00,0x16161719,0x1B1D1E00,0x15161719,0x1A1B1E00,0x15161718,
	0x14141415,0x11131414,0x14141415,0x11131414,0x14141515,0x11121314,0x14141415,0x11111414,
	0x14141415,0x11121314,0x14141415,0x11111314,0x14141415,0x10121314,0x14141415,0x11111314,
	0x0D0E0F10,0x090A0B0C,0x0D0E0F10,0x090A0B0C,0x0E0E0F10,0x0A090B0B,0x0D0E0F10,0x090A0A0B,
	0x0C0E0E10,0x090A0A0C,0x0D0E0F0F,0x090A0A0B,0x0C0E0E10,0x090A0A0C,0x0C0D0E0F,0x09090A0B,

	0x09090909,0x04060708,0x09080909,0x04050707,0x08090909,0x04050607,0x08090909,0x04050607,
	0x08090909,0x04050607,0x08080909,0x03050607,0x08090909,0x04040607,0x07090909,0x03040607,
	0x01020204,0x1F1F0000,0x01010203,0x1E000000,0x00020203,0x1E1F0000,0x00010203,0x1E1F0000,
	0x00010202,0x1E1F0000,0x00010203,0x1E1E0000,0x00010202,0x1D1F0000,0x00010102,0x1D1E0000,
	0x17191B1D,0x15141616,0x17191B1D,0x14151616,0x17181A1C,0x14151516,0x1618191C,0x14141516,
	0x17181A1B,0x14141516,0x1617191A,0x14141516,0x1617191B,0x14141515,0x1617191A,0x14141516,
	0x13141414,0x0F101112,0x13141414,0x0F101012,0x13141414,0x0F0F1012,0x13131414,0x0E0F1112,
	0x12131414,0x0E0F1011,0x12131414,0x0E0F1011,0x12131414,0x0E0F1011,0x12121414,0x0E0E0F10,

	0x0B0C0E0E,0x0909090A,0x0A0B0D0D,0x0909090A,0x0A0B0D0E,0x0909090A,0x0A0B0C0D,0x09090909,
	0x0A0B0C0D,0x09090909,0x0A0A0B0D,0x09090909,0x0A0B0B0D,0x09090909,0x0A0A0B0D,0x08090909,
	0x07070909,0x02030405,0x06070808,0x02030405,0x06070809,0x02030405,0x06070808,0x02020304,
	0x05070709,0x01020404,0x05060708,0x01020304,0x05060708,0x01020204,0x05060708,0x01020304,
	0x00000101,0x1B1D1F00,0x00000001,0x1B1D1E00,0x00000101,0x1A1C1E1F,0x1F000001,0x191B1D1F,
	0x00000001,0x191A1D1E,0x1F000000,0x181A1C1F,0x1F000001,0x181A1B1E,0x1F000000,0x17191A1D,
	0x16171819,0x14141415,0x16161718,0x14141415,0x15161718,0x14141415,0x15161618,0x14141415,
	0x15151617,0x14141414,0x15151617,0x14141414,0x14151616,0x14141414,0x14151616,0x13141414,

	0x12131414,0x0E0F1011,0x11131314,0x0E0F0F10,0x11121314,0x0D0E0F10,0x10121314,0x0D0E0F0F,
	0x10111213,0x0C0D0E0F,0x10111213,0x0B0D0E0F,0x0F101213,0x0C0C0E0F,0x0F101112,0x0B0C0D0E,
	0x0A0B0C0D,0x09090909,0x0A0A0B0D,0x09090909,0x090A0B0C,0x09090909,0x090A0A0B,0x09080909,
	0x090A0A0B,0x08090909,0x09090A0B,0x07090809,0x09090A0A,0x07080909,0x0909090A,0x07080909,
	0x07080809,0x03040506,0x06070809,0x03040505,0x06070708,0x02030405,0x05060708,0x02020304,
	0x04050707,0x01020303,0x04050607,0x01010203,0x03040506,0x01010203,0x03040506,0x00000102,
	0x01020203,0x00000000,0x00010102,0x00000000,0x00000102,0x1F1F0000,0x00000001,0x1E1E1F00,
	0x00000000,0x1B1E1E1F,0x1F000000,0x1A1C1D1F,0x1E1F0000,0x191A1B1D,0x1E1F0000,0x17191A1B,

	0x1E1F0000,0x1B1C1E1E,0x1D1E1E1F,0x1A1A1A1B,0x1B1B1D1E,0x1818191A,0x19191B1C,0x17171718,
	0x1719191A,0x16161617,0x16171819,0x15151516,0x16161717,0x14151515,0x15161517,0x14141515,
	0x1A1A1B1A,0x1A1A1A1A,0x18181919,0x18181818,0x16171717,0x17161717,0x15161616,0x15161616,
	0x15151516,0x15151515,0x15151515,0x14151415,0x14141415,0x14141414,0x14141414,0x14141414,
	0x1B1A1B1A,0x1E1D1D1C,0x19191918,0x1D1B1A1A,0x17171717,0x1A191918,0x16161616,0x18171717,
	0x16161515,0x17161615,0x15151415,0x16161516,0x14151414,0x15151415,0x14141414,0x15141514,
	0x00001F1E,0x00000000,0x1F1E1E1D,0x00000000,0x1E1D1B1B,0x00001F1F,0x1C1A1A19,0x001F1E1D,
	0x1A191817,0x1F1E1D1C,0x19181716,0x1E1B1B1A,0x17171616,0x1B1B1918,0x16161515,0x1B191817,

	0x03020101,0x05040403,0x02010100,0x04040302,0x00010000,0x04030202,0x00000000,0x03020201,
	0x00000000,0x02020100,0x0000001F,0x02010100,0x00001E1E,0x01010000,0x001F1E1C,0x01000000,
	0x08080706,0x09090909,0x08070605,0x09090909,0x07060504,0x09090808,0x07060404,0x09090807,
	0x06050403,0x09080707,0x05040303,0x08080706,0x05030302,0x08070605,0x04030201,0x07070605,
	0x0B0A0A09,0x0F0E0D0C,0x0A0A0909,0x0E0E0D0B,0x0A0A0909,0x0E0D0C0B,0x0A090909,0x0D0C0B0A,
	0x09090909,0x0D0B0B0A,0x09090909,0x0C0B0A0A,0x09090909,0x0B0A0A09,0x09090909,0x0B0A0A09,
	0x13121010,0x14141414,0x1211100F,0x14141413,0x11100F0F,0x14141313,0x11100F0E,0x14141312,
	0x100F0F0E,0x14131312,0x100F0E0D,0x14131211,0x0F0F0E0D,0x14131110,0x0F0E0D0C,0x13121110,

	0x16151515,0x1B1A1816,0x16151414,0x1A191716,0x15151414,0x1A181716,0x15141414,0x19171616,
	0x15151414,0x18171615,0x15141414,0x18171615,0x14141414,0x17161615,0x14141414,0x17161515,
	0x001F1F1E,0x02010100,0x001F1E1D,0x02010000,0x001F1E1B,0x02010000,0x001E1D1B,0x02000000,
	0x1F1F1B1A,0x01000000,0x1F1D1B19,0x01000000,0x1E1D1A19,0x0000001F,0x1E1B1A18,0x0100001F,
	0x06050403,0x09090807,0x06050402,0x09090807,0x05040302,0x09080707,0x05040302,0x09080706,
	0x04030302,0x08080706,0x04040201,0x09070705,0x04030201,0x08070605,0x03030101,0x08070604,
	0x0A0A0909,0x0E0D0C0B,0x09090909,0x0E0E0C0B,0x0A090909,0x0E0D0B0A,0x0A090909,0x0D0C0A0A,
	0x09090909,0x0D0C0B0A,0x09090909,0x0D0C0A0A,0x09090908,0x0D0B0A0A,0x09090909,0x0C0A0A0A,

	0x1211110F,0x14141413,0x1211100F,0x14141413,0x12100F0F,0x14141413,0x11100F0E,0x14141413,
	0x1110100E,0x14141312,0x11100E0E,0x14141312,0x100F0F0E,0x14141312,0x100F0E0D,0x14141311,
	0x16161514,0x1D1B1817,0x16151514,0x1C1A1817,0x16151514,0x1B1A1816,0x16151414,0x1B191716,
	0x15151514,0x1A191716,0x15151414,0x1A181716,0x15151414,0x1A181616,0x15141414,0x19171616,
	0x0000001E,0x04020101,0x00001F1E,0x03020101,0x00001F1E,0x03020100,0x00001F1D,0x03020000,
	0x00001E1D,0x02010100,0x001F1E1D,0x02010100,0x001F1E1B,0x02010000,0x001F1D1B,0x02010000,
	0x07070504,0x09090908,0x07060504,0x09090908,0x07060503,0x09090808,0x07060403,0x09090908,
	0x07050404,0x09080907,0x06050403,0x09090807,0x06050402,0x09090807,0x06040303,0x09090707,

	0x0B0A0A09,0x100F0E0D,0x0B0A0A09,0x0F0F0E0C,0x0C0A0A09,0x0F0E0D0D,0x0B0A0909,0x0F0E0E0C,
	0x0A0A0909,0x0F0E0D0C,0x0A0A0909,0x0F0E0D0B,0x0A0A0909,0x0F0D0D0C,0x0A090909,0x0F0E0D0B,
	0x1A1D1E1F,0x15161618,0x1A1C1E1F,0x15161618,0x1A1C1E1F,0x15161718,0x191B1E1F,0x15161618,
	0x1A1B1E1F,0x15161718,0x191B1E1F,0x15161618,0x1A1B1E1F,0x15161718,0x191B1E1F,0x15161618,
	0x14141515,0x10111313,0x14141414,0x11121314,0x14141414,0x10111314,0x14141414,0x10111314,
	0x14141415,0x10111213,0x14141414,0x10111214,0x14141414,0x10111213,0x14141414,0x10111214,
	0x0C0E0E0F,0x09090A0B,0x0C0D0E0F,0x09090A0B,0x0B0E0E0F,0x09090A0B,0x0C0D0E0F,0x09090A0B,
	0x0C0E0E0F,0x09090A0A,0x0C0D0E0F,0x09090A0A,0x0B0E0E0F,0x09090A0A,0x0C0D0E0F,0x09090A0A,

	0x07080909,0x04040507,0x07090909,0x04040507,0x08080909,0x03040507,0x07080909,0x03040506,
	0x07080809,0x03040506,0x07080909,0x03040506,0x08080909,0x03030506,0x07080909,0x02040506,
	0x00010102,0x1D1E0000,0x00010102,0x1C1E0000,0x00010102,0x1D1E1F00,0x00000102,0x1B1E1F00,
	0x00000202,0x1B1E1F00,0x00000102,0x1B1E1F00,0x00000102,0x1B1E1F00,0x00000102,0x1D1E1F00,
	0x1617181B,0x14151515,0x1617171A,0x14141515,0x1616181A,0x14141415,0x1616181A,0x14141415,
	0x16171819,0x14141515,0x1616181A,0x14141415,0x16171819,0x14141415,0x16161719,0x14141415,
	0x12131414,0x0E0F1010,0x12131314,0x0D0E0F10,0x11131414,0x0E0E0F10,0x12131414,0x0D0E0F10,
	0x11121314,0x0E0E0F10,0x11121314,0x0D0E0F10,0x11121314,0x0D0E0F10,0x11121414,0x0D0E0F10,

	0x090A0B0C,0x09090909,0x090A0B0C,0x08090909,0x090A0B0C,0x09090909,0x090A0B0C,0x08090909,
	0x090A0B0B,0x08090909,0x090A0A0C,0x08090909,0x090A0A0B,0x08090909,0x090A0A0C,0x08080909,
	0x04060708,0x01010303,0x05050708,0x01010203,0x04050707,0x01010204,0x04050707,0x00010203,
	0x04050607,0x00020203,0x04050607,0x00010203,0x03050608,0x00010103,0x04050607,0x00010203,
	0x1F1F0000,0x17191B1E,0x1E1F0000,0x17191B1D,0x1E1F0000,0x17181A1C,0x1E000000,0x16181A1C,
	0x1E1F0000,0x17181A1B,0x1D1F0000,0x1618191B,0x1E1F0000,0x1617191B,0x1E1F0000,0x1617191B,
	0x14151616,0x13141414,0x14151616,0x14141414,0x14151516,0x12141414,0x14141516,0x13141414,
	0x14151516,0x12131414,0x14141516,0x12141414,0x14151416,0x12131414,0x14141516,0x12131414,

	0x0F101112,0x0A0B0D0E,0x0E101011,0x0A0C0D0E,0x0F0F1012,0x0A0A0C0D,0x0E0F1111,0x0A0B0C0D,
	0x0E0F1011,0x0A0B0C0E,0x0E0F1011,0x0A0A0B0D,0x0D0F1011,0x0A0B0B0D,0x0E0F0F11,0x0A0A0B0D,
	0x0909090A,0x07070809,0x0909090A,0x06070809,0x09090909,0x06070809,0x08090909,0x05070709,
	0x09090909,0x05060708,0x09090909,0x05060708,0x09090909,0x05060708,0x08090909,0x05060708,
	0x03030405,0x00000102,0x02030405,0x00000001,0x02030304,0x00000001,0x01020305,0x00000001,
	0x02020304,0x1F000000,0x01020304,0x1F000000,0x00020203,0x1E000000,0x01020303,0x1F1F0000,
	0x1C1E1F00,0x1717191B,0x1B1C1E00,0x15171719,0x1A1B1E1F,0x16161718,0x191B1D1E,0x15161617,
	0x181A1C1E,0x15151617,0x17191B1D,0x15151516,0x17191A1D,0x14151516,0x17181A1C,0x14141516,

	0x14151516,0x14141414,0x14151516,0x14141414,0x14141415,0x14141414,0x14141414,0x13131414,
	0x14141414,0x11121314,0x14141414,0x10111212,0x13141414,0x0F101112,0x12131414,0x0E0F1010,
	0x14141414,0x14141414,0x13141414,0x13131313,0x12121313,0x12121212,0x11111112,0x11111011,
	0x10101010,0x100F100F,0x0F0E0F10,0x0F0E0E0F,0x0D0E0E0F,0x0E0D0E0D,0x0C0D0D0E,0x0D0C0C0C,
	0x14141414,0x14141414,0x14141414,0x14141414,0x13131312,0x14141414,0x12121111,0x14141313,
	0x11101010,0x14131212,0x100F0F0F,0x13121110,0x0F0F0E0E,0x12111010,0x0E0E0D0D,0x11100F0F,
	0x16151515,0x19181716,0x15151415,0x18171616,0x15141414,0x16161615,0x14141414,0x16161515,
	0x14141414,0x16151514,0x14141413,0x15151414,0x14141313,0x15141414,0x14131312,0x14141414,

	0x1E1E1B1B,0x00000000,0x1E1D1A19,0x0000001F,0x1D1A1A18,0x00001F1F,0x1B1A1817,0x00001E1D,
	0x1A191716,0x001F1E1C,0x19171716,0x1F1E1D1B,0x18161616,0x1F1E1B1A,0x17161615,0x1E1D1A19,
	0x03020201,0x07060504,0x03020101,0x07060403,0x02010100,0x06050403,0x02010000,0x05040303,
	0x01010000,0x05040302,0x01000000,0x04030302,0x0100001F,0x04030201,0x0000001F,0x04030201,
	0x09090808,0x0A0A0909,0x09090807,0x0B0A0909,0x09090807,0x0A090909,0x09080707,0x09090909,
	0x09080706,0x09090909,0x08070706,0x09090909,0x08080605,0x09090909,0x08070605,0x09090909,
	0x0F0E0D0B,0x1312100F,0x0E0D0C0B,0x1211100F,0x0E0D0C0B,0x1211100F,0x0E0D0B0B,0x11100F0F,
	0x0D0C0B0A,0x11100F0E,0x0D0B0B09,0x11100F0E,0x0D0B0A0A,0x10100E0E,0x0C0B0A09,0x100F0E0D,

	0x14141414,0x16161514,0x14141413,0x16161414,0x14141413,0x16151515,0x14141413,0x16151414,
	0x14141312,0x16151414,0x14141312,0x16141414,0x14141312,0x15151514,0x14141211,0x15141414,
	0x1D1B1917,0x0000001F,0x1D1B1917,0x0000001E,0x1C1A1816,0x00001F1E,0x1C1A1817,0x00001F1D,
	0x1B181716,0x00001E1D,0x1A181716,0x001F1E1C,0x1A181616,0x001F1E1B,0x1A181716,0x001F1E1B,
	0x03020101,0x08060505,0x03020200,0x07060504,0x03020100,0x07060504,0x02020000,0x07060403,
	0x02010100,0x07050404,0x02010100,0x06050403,0x02010000,0x06050403,0x02000000,0x06050402,
	0x09090908,0x0C0B0A09,0x09090908,0x0C0A0A09,0x09090808,0x0B0A0A09,0x09090908,0x0A0A0A09,
	0x09080907,0x0B0A0909,0x09090807,0x0A0A0909,0x09080808,0x0A0A0909,0x09090807,0x0A0A0909,

	0x100F0E0D,0x14131211,0x100F0E0D,0x14131211,0x100E0E0D,0x14131210,0x0F0E0D0C,0x14121110,
	0x0F0E0D0C,0x13131110,0x0F0E0D0C,0x13121110,0x0F0E0D0B,0x14121010,0x0E0E0C0B,0x13121010,
	0x15141414,0x19171616,0x14141414,0x19171616,0x15141414,0x18161615,0x14141414,0x18171615,
	0x15141414,0x18161615,0x14141414,0x17161614,0x14141414,0x17161515,0x14141414,0x17161615,
	0x1F1F1D1B,0x02010000,0x001E1D1B,0x01010000,0x1F1E1C1A,0x01000000,0x1F1E1B1A,0x01000000,
	0x1F1E1B19,0x01000000,0x1F1D1B19,0x01000000,0x1E1C1B19,0x01000000,0x1E1D1B19,0x01000000,
	0x06040402,0x09080807,0x05040302,0x09090707,0x05040303,0x09080706,0x05040202,0x09080706,
	0x05040302,0x08080706,0x04030301,0x09080706,0x05030202,0x08080706,0x04030301,0x09070705,

	0x0A090909,0x0E0D0C0B,0x09090909,0x0E0D0C0B,0x0A0A0909,0x0E0E0C0A,0x0A090909,0x0E0D0B0A,
	0x0A090909,0x0E0D0B0A,0x0A090909,0x0E0C0B0A,0x09090909,0x0D0C0B0A,0x0A090909,0x0D0C0B0A,
	0x1A1B1E1F,0x14161617,0x1A1B1D1F,0x15161617,0x191B1E1F,0x14161617,0x1A1B1E1F,0x15161617,
	0x1A1B1E1F,0x14161618,0x1A1B1D1F,0x15161618,0x191B1E1F,0x15151718,0x1A1B1E1F,0x15161717,
	0x14141415,0x10111213,0x14141414,0x0F111214,0x14141415,0x10111213,0x14141414,0x10111214,
	0x14141415,0x10111213,0x14141414,0x10111213,0x14141415,0x10111213,0x14141414,0x10111213,
	0x0B0D0D0F,0x09090A0A,0x0C0D0E0F,0x09090A0A,0x0B0C0E0F,0x09090A0B,0x0B0D0E0E,0x09090A0A,
	0x0C0C0E0F,0x09090A0A,0x0C0D0E0F,0x09090A0A,0x0C0D0E0F,0x09090A0A,0x0C0D0E0F,0x09090A0B,

	0x08080809,0x02040506,0x07080909,0x03040506,0x07080909,0x02040506,0x07080909,0x02040506,
	0x08080909,0x02040506,0x07080909,0x03040506,0x08080809,0x02040506,0x07080909,0x03040506,
	0x00000102,0x1B1E1F00,0x00000102,0x1B1E1F00,0x00010002,0x1B1E1F00,0x00000102,0x1B1E1F00,
	0x00000102,0x1B1E1F00,0x00000102,0x1C1E1F00,0x00000102,0x1B1E1F00,0x00000102,0x1B1D1F00,
	0x16161719,0x14141514,0x16161719,0x14141415,0x16161719,0x14141514,0x1616171A,0x14141415,
	0x16161719,0x14141514,0x1616181A,0x14141415,0x1616181A,0x14141415,0x1616181A,0x14141415,
	0x11121314,0x0C0E0E10,0x10121414,0x0D0E0F10,0x11121314,0x0C0E0E10,0x11121314,0x0D0E0F10,
	0x11121314,0x0C0E0E10,0x11121314,0x0D0E0F10,0x11121314,0x0D0E0F10,0x11121314,0x0D0E0F10,

	0x090A0A0B,0x08090909,0x090A0A0C,0x08080909,0x090A0A0C,0x08090909,0x090A0A0C,0x08090909,
	0x090A0A0B,0x08090909,0x090A0A0C,0x08080909,0x090A0A0C,0x08090909,0x090A0B0C,0x08090909,
	0x04050607,0x00010202,0x04050607,0x00010202,0x04050606,0x00010202,0x04050607,0x00010203,
	0x04050607,0x01000202,0x04050607,0x00010202,0x04050607,0x00010202,0x04050607,0x00010203,
	0x1D1E0000,0x1617191B,0x1D1F0000,0x16171A1B,0x1D1F0000,0x1617191A,0x1E1F0000,0x1617191B,
	0x1D1F0000,0x1617191B,0x1D000000,0x16171A1B,0x1E1F0000,0x1718191B,0x1E1F0000,0x17171A1B,
	0x14151416,0x12131414,0x14141516,0x12131414,0x14151416,0x12131314,0x14141516,0x12131414,
	0x14151416,0x12131414,0x14141516,0x12131414,0x14141515,0x13131414,0x14141516,0x13131414,

	0x0E0F1011,0x0A0A0C0C,0x0E0E1010,0x0A0A0B0D,0x0E0F1011,0x0A0A0C0C,0x0E0F0F11,0x0A0A0B0D,
	0x0E0F1011,0x0A0A0C0C,0x0E0E1010,0x0A0A0B0D,0x0E0F1011,0x0A0A0C0C,0x0E0F1010,0x0A0B0C0D,
	0x09090909,0x04050708,0x08090909,0x04060708,0x09090909,0x04060708,0x08090909,0x05060708,
	0x09090909,0x04060708,0x08090909,0x04060708,0x09090909,0x05060708,0x08090909,0x05060708,
	0x01010203,0x1E1F0000,0x01010204,0x1E1F0000,0x01020203,0x1E1F0000,0x01010203,0x1E1F0000,
	0x01010304,0x1E1F0000,0x01020203,0x1F000000,0x00020304,0x1F000000,0x01020304,0x1F000000,
	0x17181A1C,0x14141516,0x1618191B,0x14141516,0x16171A1B,0x14151416,0x16181A1B,0x14141516,
	0x1718191C,0x14141515,0x17171A1D,0x14141516,0x17191B1D,0x14151516,0x171A1B1D,0x14151616,

	0x11131414,0x0D0E0F10,0x11131414,0x0C0D0F10,0x10121314,0x0B0D0E0F,0x10121414,0x0A0C0E0F,
	0x10121414,0x0A0B0D0F,0x11141414,0x090B0E0F,0x12131414,0x090C0E10,0x13131414,0x0A0E1011,
	0x0B0B0B0D,0x0A0B0A0A,0x0A090A0B,0x0A0A0A0A,0x090A090A,0x09090909,0x09090909,0x09090909,
	0x09090909,0x09090809,0x08070809,0x09090807,0x05050608,0x08070706,0x03030304,0x07070504,
	0x0D0D0C0B,0x100F0F0E,0x0C0B0B0A,0x0F0F0E0D,0x0C0A0A0A,0x0F0E0D0C,0x0A0A0909,0x0E0D0C0B,
	0x0A090909,0x0D0D0B0B,0x09090909,0x0D0B0B0A,0x09090909,0x0C0B0A09,0x09090908,0x0B0A0A09,
	0x14131210,0x15141414,0x13121110,0x14141414,0x1311100F,0x14141413,0x1210100F,0x14141413,
	0x11100F0E,0x14141312,0x100F0F0E,0x14141312,0x110F0E0D,0x14131311,0x100F0E0D,0x14131211,

	0x16161515,0x1E1B1A18,0x16161514,0x1D1B1917,0x16151514,0x1C1A1817,0x16151414,0x1B191716,
	0x16151414,0x1B191716,0x15151414,0x1A181716,0x15141414,0x1A181616,0x15151414,0x19171616,
	0x0000001F,0x03020201,0x0000001E,0x03020201,0x00001F1E,0x03020100,0x00001F1D,0x02020000,
	0x00001E1C,0x02010100,0x001F1E1D,0x02010100,0x001F1E1B,0x02010000,0x001F1D1B,0x01010000,
	0x07070504,0x09090908,0x07060504,0x09090908,0x07060504,0x09090908,0x07060403,0x09090908,
	0x07050404,0x09090807,0x06050403,0x09090807,0x06050303,0x09080808,0x06050403,0x09090807,
	0x0C0A0A0A,0x100F0E0D,0x0C0A0A09,0x100F0E0D,0x0B0A0A09,0x0F0F0D0D,0x0B0A0A09,0x0F0E0D0C,
	0x0B0A0909,0x0F0E0D0C,0x0B0A0909,0x0F0E0E0C,0x0A0A0909,0x0F0E0D0B,0x0A0A0909,0x0F0E0C0B,

	0x14131311,0x15141414,0x14131211,0x14151414,0x14131210,0x15141414,0x14131110,0x14141414,
	0x13131111,0x14141414,0x13121110,0x14141414,0x14121010,0x15141414,0x13121110,0x15141414,
	0x19171616,0x1F1F1E1A,0x19171616,0x001E1D1B,0x18161615,0x1F1E1C1A,0x18171615,0x1F1E1D1A,
	0x18161615,0x1F1E1B1A,0x18161615,0x1F1E1B19,0x17161515,0x1F1E1A1A,0x17161515,0x1F1D1B19,
	0x02010000,0x06040302,0x02010000,0x05040402,0x01010000,0x05040302,0x02000000,0x05040302,
	0x01000000,0x05040302,0x01010000,0x05040202,0x0100001F,0x05040302,0x00000000,0x05030202,
	0x09080807,0x0A090909,0x09090807,0x0A0A0909,0x08090707,0x0A090909,0x09080706,0x0A090909,
	0x08080806,0x0A090909,0x09080706,0x0A090909,0x08080706,0x0A090909,0x09080706,0x0A090909,

	0x0F0D0C0B,0x1212110F,0x0E0D0C0B,0x1311100F,0x0E0D0C0B,0x1311110F,0x0E0E0C0B,0x1211100F,
	0x0E0D0B0A,0x1211100F,0x0E0D0B0A,0x1211100F,0x0D0D0B0A,0x12110F0F,0x0E0D0B0A,0x1211100F,
	0x15141414,0x16161515,0x14141414,0x17161514,0x14141414,0x16161514,0x14141413,0x17161515,
	0x14141414,0x16151514,0x14141413,0x16161514,0x14141413,0x16161515,0x14141413,0x16161414,
	0x1E1C1A18,0x0100001F,0x1E1D1A18,0x0100001F,0x1E1B1A18,0x0000001F,0x1E1B1918,0x0100001F,
	0x1E1C1917,0x0000001F,0x1D1B1917,0x0000001F,0x1E1A1A17,0x0000001E,0x1D1B1917,0x0000001F,
	0x04040201,0x09070705,0x04030201,0x08070605,0x04030201,0x08080605,0x04020201,0x08070605,
	0x04030201,0x08070605,0x04020101,0x08070605,0x03030201,0x08070605,0x03030200,0x08070604,

	0x09090909,0x0D0C0B0A,0x09090909,0x0D0C0B0A,0x09090909,0x0D0C0B0A,0x09090909,0x0D0B0B09,
	0x09090908,0x0D0B0A0A,0x09090909,0x0D0B0A0A,0x09090908,0x0C0C0A0A,0x09090909,0x0D0B0A0A,
	0x1A1B1E1F,0x15161618,0x1A1B1E1F,0x15161618,0x1A1C1E1F,0x15161718,0x1A1B1E1F,0x15161618,
	0x1A1C1E1F,0x15161718,0x1A1D1E00,0x15161718,0x1B1D1E00,0x16161719,0x1B1D1F00,0x16161719,
	0x14141415,0x10111213,0x14141414,0x11111314,0x14141414,0x10111314,0x14141415,0x10121314,
	0x14141415,0x10121314,0x14141415,0x11121314,0x14141415,0x10121314,0x14141415,0x11121314,
	0x0C0E0E0F,0x090A090B,0x0C0D0E0F,0x09090A0B,0x0C0D0F0F,0x0909090B,0x0C0D0E0F,0x09090A0B,
	0x0C0E0E0F,0x090A0A0B,0x0D0E0F0F,0x09090A0C,0x0C0E0E10,0x090A0A0B,0x0D0E0F10,0x090A0A0C,

	0x07080909,0x03040506,0x07090909,0x03040507,0x07090809,0x03040507,0x07090909,0x04040507,
	0x08090909,0x03040607,0x08080909,0x03050607,0x08090909,0x03040606,0x08090909,0x04050607,
	0x00000202,0x1B1E1F00,0x00000102,0x1D1E1F00,0x00000202,0x1C1F1F00,0x00010102,0x1C1E0000,
	0x00000202,0x1D1E1F00,0x00010203,0x1D1F0000,0x00010103,0x1D1F0000,0x00010203,0x1E1F0000,
	0x16171819,0x14141515,0x1616181A,0x14141415,0x1617181A,0x14141515,0x1616181A,0x14141515,
	0x1617191A,0x14141516,0x1617191B,0x14141516,0x1617191B,0x14151416,0x16171A1B,0x14141516,
	0x11131414,0x0E0E0F10,0x11131314,0x0D0E0F11,0x11131414,0x0E0E0F10,0x12131414,0x0E0F0F11,
	0x12131414,0x0E0F1010,0x12141414,0x0E0E1010,0x12131414,0x0E0F1011,0x13141414,0x0E0F1010,

	0x090A0B0C,0x09090909,0x090A0B0C,0x09090909,0x090A0B0B,0x09090909,0x090A0B0C,0x09090909,
	0x0A0A0C0C,0x08090909,0x0A0A0C0D,0x08090909,0x0A0A0B0C,0x09090909,0x0A0B0C0D,0x09090909,
	0x04050607,0x00020203,0x05050707,0x01010203,0x04050707,0x01010303,0x05060708,0x01020203,
	0x05060708,0x00020304,0x05060608,0x01020304,0x05060808,0x01020303,0x05070708,0x01020305,
	0x1E1F0000,0x16181A1C,0x1E000000,0x17181A1C,0x1E000000,0x17191A1D,0x1F000000,0x17191A1E,
	0x1F000000,0x17191B1D,0x1F000000,0x181A1B1E,0x1F000001,0x181A1C1E,0x00000001,0x191A1D1F,
	0x14151516,0x13141414,0x14151516,0x13141414,0x14151616,0x12141414,0x14151616,0x14141414,
	0x15141616,0x13141414,0x14151616,0x14141414,0x15151617,0x14141414,0x15161617,0x14141414,

	0x0E0F1011,0x090B0C0E,0x0E0F1112,0x0A0B0C0D,0x0F101012,0x0A0B0D0E,0x0E101012,0x0A0C0D0E,
	0x0F101112,0x0B0C0D0E,0x0F111113,0x0C0D0E0F,0x10111213,0x0B0D0D0F,0x10101313,0x0C0D0E0F,
	0x09090909,0x05070709,0x09090909,0x06070808,0x0909090A,0x06070809,0x0909090A,0x07070809,
	0x0909090A,0x07080909,0x09090A0A,0x07080809,0x09090A0A,0x08090909,0x090A0A0B,0x08080909,
	0x02020304,0x1F000001,0x02020404,0x1F000001,0x02020405,0x00000101,0x02040405,0x00000101,
	0x02040506,0x00000102,0x03050506,0x00010203,0x04050607,0x01010203,0x04050707,0x01020303,
	0x181A1B1F,0x15151617,0x191A1E1F,0x15161618,0x1B1D1E1F,0x16171719,0x1C1E1F00,0x1717181B,
	0x1E1F0000,0x18191B1B,0x1F1F0000,0x1A1A1C1E,0x1F000000,0x1C1E1E1F,0x00000001,0x1E1F1F00,

	0x14141414,0x14131313,0x14141415,0x15141414,0x14141515,0x16151415,0x15161616,0x17161615,
	0x16161617,0x19171616,0x18181819,0x1B1A1918,0x1A1A1A1B,0x1E1C1A1B,0x1D1D1D1E,0x1F1E1E1E,
	0x0201001C,0x07050403,0x01001F19,0x06040302,0x00001F19,0x05040302,0x00001E1A,0x05030201,
	0x00001F1D,0x05040201,0x01001F1E,0x05030201,0x0000001F,0x05040301,0x01000000,0x05040301,
	0x09090907,0x0C0A0909,0x09090807,0x0B0A0909,0x09080807,0x0A0A0909,0x09090706,0x0A0A0909,
	0x09080806,0x0A0A0909,0x09090706,0x0A0A0909,0x09090706,0x0A0A0909,0x09090807,0x0B0A0909,
	0x0F0E0E0C,0x14131211,0x0F0E0E0C,0x14131110,0x0F0E0D0C,0x13131110,0x0F0E0D0B,0x14121110,
	0x0F0E0D0C,0x13131010,0x0E0E0C0B,0x13121110,0x0F0E0D0B,0x14121110,0x0F0E0C0B,0x13121110,

	0x15141414,0x19171616,0x15141414,0x19171615,0x15141414,0x18161615,0x14141414,0x18171615,
	0x14141414,0x18161615,0x14141414,0x18171615,0x15141414,0x18161615,0x14141414,0x18171615,
	0x1F1F1D1A,0x02010000,0x001E1D1B,0x01010000,0x001E1C1A,0x01010000,0x1F1E1D1A,0x02010000,
	0x001E1C1A,0x01000000,0x1F1E1C1A,0x02000000,0x001E1C1A,0x01000000,0x1F1E1D1A,0x02010000,
	0x06040302,0x09080807,0x06040403,0x09090807,0x05040302,0x09080807,0x05040402,0x09090707,
	0x05040302,0x09090707,0x05040402,0x09080707,0x05040302,0x09090707,0x05040402,0x09090707,
	0x0A0A0909,0x0E0E0D0C,0x0A0A0909,0x0F0E0C0B,0x0A090909,0x0E0E0C0B,0x0A090909,0x0E0D0C0B,
	0x0A0A0909,0x0E0D0C0B,0x0A090909,0x0E0E0C0B,0x0A090909,0x0E0D0C0B,0x0A090909,0x0E0E0C0B,

	0x13121010,0x14141414,0x1312100F,0x15141414,0x13121010,0x14141413,0x13121010,0x14141414,
	0x1312100F,0x14141413,0x1312100F,0x14141414,0x1212110F,0x14141414,0x1312100F,0x14141414,
	0x17161515,0x1F1E1A19,0x17161615,0x1E1D1A19,0x17161615,0x1E1D1B19,0x17161515,0x1E1D1B19,
	0x17161515,0x1F1D1A18,0x17161515,0x1E1D1B19,0x16161515,0x1F1D1A19,0x17161515,0x1E1D1B19,
	0x0100001F,0x04030302,0x00000000,0x04040202,0x01000000,0x04030302,0x01000000,0x04040201,
	0x0100001F,0x04030201,0x01000000,0x04040202,0x0100001F,0x04030201,0x01000000,0x04040202,
	0x08080706,0x0A090909,0x09080706,0x0A090909,0x08080706,0x09090909,0x09080706,0x09090909,
	0x08080706,0x0A090909,0x09080706,0x09090909,0x08080706,0x09090909,0x09080706,0x09090909,

	0x0D0D0C0A,0x12100F0F,0x0E0D0B0A,0x1210100F,0x0D0D0C0A,0x12100F0F,0x0E0D0B0A,0x1210100E,
	0x0E0D0B0A,0x12100F0F,0x0E0C0A0A,0x1210100F,0x0E0C0B0A,0x1210100E,0x0E0C0B0A,0x12100F0F,
	0x14141413,0x16161514,0x14141413,0x16161514,0x14141313,0x16151514,0x14141413,0x16161514,
	0x14141313,0x16161514,0x14141413,0x16161414,0x14141412,0x16161515,0x14141413,0x16161414,
	0x1C1B1917,0x00001F1F,0x1D1B1917,0x0000001E,0x1D1A1917,0x0000001E,0x1D1B1917,0x0000001E,
	0x1D1A1917,0x00001F1F,0x1D1B1917,0x0000001E,0x1D1A1917,0x00001F1F,0x1D1B1917,0x0000001E,
	0x03030201,0x08070605,0x03030200,0x08070604,0x04020201,0x08070604,0x03030201,0x08070604,
	0x03030101,0x08070605,0x03030101,0x07070604,0x03030101,0x08070605,0x03030101,0x08070604,

	0x09090908,0x0D0C0A0A,0x09090909,0x0D0B0A0A,0x09090908,0x0D0B0A0A,0x09090909,0x0D0B0A0A,
	0x09090908,0x0D0B0A09,0x09090909,0x0D0B0A0A,0x09090909,0x0D0B0A09,0x09090909,0x0D0B0A0A,
	0x1A1D1F00,0x16161719,0x1B1E1F00,0x1616171A,0x1B1E1F00,0x15171819,0x1B1E1F00,0x1617171A,
	0x1C1F1F00,0x1616181A,0x1C1E0000,0x1617191B,0x1D1E0000,0x1617191A,0x1E1F0000,0x1617191B,
	0x14141514,0x11121313,0x14141415,0x11121314,0x14141515,0x11121314,0x14141415,0x11131414,
	0x14141515,0x12121414,0x14141516,0x12131414,0x14141516,0x12131414,0x14141516,0x12131414,
	0x0C0E0E10,0x09090B0B,0x0D0E0F10,0x090A0B0C,0x0E0E0F10,0x0A090B0C,0x0D0E0F11,0x090A0B0C,
	0x0E0F1010,0x0A0A0A0D,0x0E0E1010,0x0A0A0C0D,0x0D0F1011,0x0A0A0B0D,0x0E0F1010,0x0A0B0C0D,

	0x08090909,0x04050607,0x08090909,0x04050607,0x08090909,0x04050708,0x08090909,0x04060708,
	0x09090909,0x04060708,0x08090909,0x05060708,0x09090909,0x05060708,0x08090909,0x05070709,
	0x00010103,0x1E1F0000,0x00010203,0x1E1F0000,0x01010303,0x1E000000,0x01010303,0x1E000000,
	0x01020204,0x1F000000,0x01020204,0x1F000000,0x01020304,0x1F000000,0x01020404,0x00000001,
	0x17181A1B,0x14151515,0x17171A1B,0x14151516,0x17191B1D,0x14151616,0x17191A1D,0x14151616,
	0x17191B1D,0x15141616,0x181A1B1E,0x14151616,0x181A1C1E,0x15151617,0x181B1C1E,0x15161617,
	0x13141414,0x0E0F1011,0x13141414,0x0F0F1112,0x13141414,0x0F101112,0x14141414,0x0F101012,
	0x13141414,0x0F101112,0x14141414,0x0F111113,0x14141414,0x10111213,0x14141414,0x10111213,

	0x0A0B0C0E,0x09090909,0x0A0C0D0E,0x0909090A,0x0A0B0D0D,0x0909090A,0x0B0C0D0E,0x0909090A,
	0x0B0C0E0E,0x0909090A,0x0B0D0E0F,0x09090A0A,0x0C0C0E0E,0x09090A0A,0x0C0D0E0F,0x09090A0B,
	0x06070809,0x02030404,0x06070808,0x02020405,0x06070809,0x02030405,0x07070908,0x02030505,
	0x07080909,0x03040405,0x07080809,0x03040506,0x07090909,0x03040507,0x08090909,0x04050607,
	0x1F000000,0x191B1D1F,0x00000001,0x1A1B1E1F,0x00000101,0x1A1D1E00,0x00000101,0x1B1E1F00,
	0x00000102,0x1C1E1F00,0x00000102,0x1D1E0000,0x00010202,0x1E1F0000,0x00010203,0x1E1F0000,
	0x15161717,0x14141414,0x15161618,0x14141415,0x16161719,0x14141415,0x16161819,0x14141515,
	0x1617181A,0x14141515,0x1617191B,0x14141516,0x17181A1B,0x14151516,0x17181A1D,0x14151616,

	0x10121314,0x0D0E0F10,0x10121314,0x0D0E0F10,0x11131414,0x0E0F1010,0x12141414,0x0E0F1010,
	0x13131414,0x0F0F1011,0x14141414,0x0F101112,0x14141414,0x10101213,0x14141414,0x10111214,
	0x090A0A0B,0x09090909,0x0A0A0B0C,0x08090909,0x0A0A0B0D,0x09090909,0x0A0B0C0D,0x0909090A,
	0x0B0C0D0E,0x09090A0A,0x0B0D0D0E,0x09090A0A,0x0C0D0E0F,0x090A0A0C,0x0D0E0F0F,0x0A0A0B0C,
	0x05060708,0x02030305,0x06060808,0x03030505,0x07070809,0x04040506,0x07080909,0x04050607,
	0x08090909,0x05060707,0x09080909,0x06070708,0x09090909,0x07080809,0x09090909,0x08080909,
	0x00000101,0x1F000000,0x00010102,0x00000000,0x01020302,0x00000001,0x02030304,0x01010102,
	0x03030404,0x02020203,0x04040506,0x03020303,0x05050607,0x03040404,0x06070707,0x04050506,

	0x1E1F1F00,0x00001F1F,0x00000000,0x00000000,0x00000000,0x00000000,0x00000000,0x01010100,
	0x01010201,0x02020202,0x02020202,0x04020302,0x03030403,0x04040303,0x05050405,0x05050505,
	0x01010000,0x06040302,0x02020100,0x06050403,0x03020101,0x07060404,0x04030202,0x07070504,
	0x04040303,0x08070605,0x05050403,0x09080706,0x07060505,0x09080807,0x07070606,0x09090808,
	0x09080807,0x0A0A0909,0x09090807,0x0B0A0909,0x09090908,0x0B0A0909,0x09090908,0x0B0A0A09,
	0x09090908,0x0C0B0A09,0x09090909,0x0D0B0A0A,0x09090909,0x0D0C0B0A,0x0A090909,0x0E0D0B0A,
	0x0F0E0D0B,0x14141010,0x0F0E0D0D,0x14131110,0x0F0F0D0C,0x13131211,0x100F0E0D,0x14131211,
	0x100F0E0D,0x14131310,0x100F0F0E,0x14141311,0x11100E0E,0x14141312,0x12100F0E,0x14141312,

	0x14141414,0x18161615,0x15151414,0x18171615,0x15141414,0x18171616,0x14141414,0x19171616,
	0x15141414,0x19171616,0x15141414,0x1A181716,0x15151414,0x1A181616,0x16151414,0x1B191716,
	0x1F1E1C1A,0x01010000,0x001E1D1A,0x02010000,0x001E1D1B,0x01010000,0x001F1D1B,0x02010000,
	0x001F1D1B,0x02010000,0x001F1E1B,0x02000000,0x001F1E1B,0x02010000,0x00001E1D,0x02010100,
	0x05040302,0x09080807,0x06040402,0x09090807,0x06040303,0x09080807,0x06040402,0x09090807,
	0x06050403,0x09080807,0x06050403,0x09090807,0x06050403,0x09090907,0x07050403,0x09090807,
	0x0A090909,0x0F0D0C0B,0x0A090909,0x0F0E0C0B,0x0A0A0909,0x0E0E0D0B,0x0A0A0909,0x0F0E0C0C,
	0x0A0A0909,0x0E0E0D0B,0x0A0A0909,0x0F0E0C0C,0x0B0A0909,0x0F0E0D0C,0x0B0A0909,0x0F0E0D0C,

	0x13121010,0x15141413,0x1312100F,0x14141414,0x13121010,0x14141413,0x13121110,0x14141414,
	0x13121110,0x15141414,0x13121110,0x14141414,0x13131010,0x14141414,0x14131110,0x14141414,
	0x17161515,0x1E1C1B18,0x17161615,0x1E1D1B19,0x17161515,0x1F1D1A19,0x17161615,0x1F1D1B19,
	0x17161615,0x1F1D1B19,0x17161614,0x1F1D1B19,0x18161615,0x1F1E1B1A,0x18171615,0x1F1E1B1A,
	0x01000000,0x04030301,0x00000000,0x04040202,0x0100001F,0x04030302,0x00000000,0x04040202,
	0x0100001F,0x05040302,0x00000000,0x05040202,0x01010000,0x05040202,0x01000000,0x05040302,
	0x08080706,0x0A090909,0x09080706,0x0A090909,0x08080706,0x0A090909,0x09080706,0x0A090909,
	0x08080706,0x0A090909,0x09080706,0x0A090909,0x09080706,0x0A090909,0x09080706,0x0A090909,

	0x0E0D0B0A,0x1210100E,0x0E0C0C0A,0x1210100F,0x0E0D0B0A,0x12110F0E,0x0E0D0B0A,0x12110F0F,
	0x0D0D0B0A,0x1211100F,0x0E0D0B0A,0x1211100E,0x0E0D0C0A,0x1210100F,0x0E0D0C0A,0x1211100F,
	0x14141313,0x16161514,0x14141413,0x16161514,0x14141412,0x16151514,0x14141413,0x16151515,
	0x14141413,0x16161514,0x14141413,0x16161514,0x14141413,0x16161514,0x14141413,0x16161414,
	0x1D1A1917,0x00001F1F,0x1D1B1917,0x0000001E,0x1D1A1917,0x0000001E,0x1D1B1917,0x0000001F,
	0x1D1B1917,0x00001F1F,0x1D1B1917,0x0000001F,0x1E1A1A17,0x00001F1F,0x1E1B1A17,0x0000001F,
	0x03030201,0x08070505,0x03030200,0x08070604,0x03030201,0x08070605,0x03030200,0x08070604,
	0x04020201,0x08070604,0x04020201,0x08070605,0x04030201,0x08070605,0x04020200,0x08070605,

	0x09090908,0x0D0B0A09,0x09090909,0x0D0B0A0A,0x09090908,0x0C0C0A0A,0x09090909,0x0D0B0A0A,
	0x09090908,0x0D0C0A0A,0x09090909,0x0D0B0A0A,0x09090908,0x0D0B0A0A,0x09090909,0x0D0B0A0A,
	0x1E1F0000,0x17181A1B,0x1D1F0000,0x17171A1B,0x1F1F0000,0x16181A1B,0x1E000000,0x17191B1C,
	0x1F000000,0x17191A1D,0x00000000,0x181A1C1E,0x1F000000,0x181A1D1E,0x00000000,0x181B1C1E,
	0x14151515,0x13141414,0x14141516,0x13141414,0x14151516,0x13141414,0x14151616,0x13131414,
	0x14151616,0x13141414,0x14151616,0x14141414,0x15151617,0x14141414,0x15161617,0x14141414,
	0x0E0F1011,0x0A0B0C0E,0x0E0F1112,0x0A0B0C0D,0x0F101012,0x0A0C0C0E,0x0F0F1112,0x0A0B0D0E,
	0x0F101112,0x0B0C0D0E,0x0F101212,0x0B0C0D0E,0x10101213,0x0B0D0E0F,0x10111213,0x0C0D0E0E,

	0x09090909,0x06070809,0x09090909,0x06070808,0x0909090A,0x06070809,0x0909090A,0x07070909,
	0x0909090A,0x07080809,0x0909090A,0x07080809,0x09090A0A,0x07080909,0x09090A0B,0x07090809,
	0x02030304,0x00000001,0x02020405,0x00000001,0x02030405,0x00000001,0x02040405,0x00000101,
	0x03030406,0x00000102,0x02040506,0x00000102,0x03040506,0x00010102,0x03040507,0x00010203,
	0x191B1D1F,0x14161617,0x1A1B1E1F,0x15161618,0x1A1C1E1F,0x16161718,0x1A1D1F00,0x16161719,
	0x1C1E1F1F,0x1616181A,0x1B1E1F00,0x1617181A,0x1D1E0000,0x1617191B,0x1D1F0000,0x16181A1B,
	0x14141415,0x11111314,0x14141415,0x11121314,0x14141415,0x11121314,0x14141415,0x12121414,
	0x14151415,0x12131414,0x14141515,0x12141314,0x14141516,0x13141414,0x14151516,0x14141414,

	0x0C0E0E0F,0x090A0A0B,0x0D0E0F0F,0x090A0A0C,0x0D0E0F10,0x090A0B0C,0x0E0E0F10,0x0A0A0C0D,
	0x0D0F1010,0x0A0B0B0D,0x0E0F1011,0x0A0B0C0D,0x0F101011,0x0A0B0D0E,0x0F101012,0x0B0C0D0E,
	0x08080909,0x04050607,0x09090909,0x04060707,0x09090909,0x05060708,0x08090909,0x05070708,
	0x09090909,0x06070809,0x0909090A,0x07070808,0x0909090A,0x07080909,0x0909090A,0x07080809,
	0x01010203,0x1F000000,0x01020303,0x1F000000,0x01020304,0x00000001,0x02030304,0x00000001,
	0x02030405,0x00000101,0x03030405,0x00000102,0x03040506,0x00010102,0x03040507,0x00010203,
	0x181A1B1E,0x15151617,0x181A1D1E,0x15161617,0x1A1C1E1F,0x16161718,0x1A1D1E1F,0x16161719,
	0x1C1E1F00,0x1617191A,0x1E1E0000,0x17181A1A,0x1E1F0000,0x18191A1D,0x1F000000,0x191A1C1E,

	0x14141414,0x11121314,0x14141415,0x12131314,0x14141415,0x12131414,0x14141515,0x13141414,
	0x14151516,0x14141414,0x14151616,0x14141414,0x15151616,0x14141415,0x15161617,0x14141415,
	0x0E0F0F10,0x0A0B0C0D,0x0E0F1010,0x0B0C0D0E,0x0F101012,0x0C0C0E0E,0x10101113,0x0D0E0E0F,
	0x10121213,0x0E0E0F10,0x12121314,0x0F0F1010,0x12121414,0x0F101012,0x14141414,0x10101112,
	0x0909090A,0x09090909,0x09090A0A,0x09090909,0x0A0A0A0B,0x09090909,0x0A0B0B0C,0x0909090A,
	0x0B0B0C0D,0x090A0A0A,0x0C0D0D0E,0x0A0A0B0B,0x0D0E0E0F,0x0B0B0C0D,0x0E0E0F0F,0x0C0C0D0D,
	0x07070808,0x06060607,0x08080909,0x06080708,0x09090909,0x08080908,0x09090909,0x08090809,
	0x09090909,0x09090909,0x0909090A,0x09090909,0x0A0A0A0A,0x09090909,0x0A0A0B0B,0x0A0A0A0A,

	0x05060606,0x07060606,0x06070707,0x08070707,0x08080808,0x08080808,0x09090809,0x08090908,
	0x09090909,0x09090909,0x09090909,0x09090909,0x09090909,0x09090909,0x0A0A0A0A,0x0A0A0A0A,
	0x08080706,0x09090909,0x09090808,0x09090909,0x09090909,0x09090909,0x09090909,0x0A090A09,
	0x09090909,0x0A0A0A09,0x0A090909,0x0B0B0A0A,0x0A0A0A0A,0x0D0C0B0B,0x0B0B0A0A,0x0D0D0C0C,
	0x0A0A0909,0x0E0D0C0B,0x0B0A0A09,0x0F0E0D0C,0x0C0B0A0A,0x0F0E0E0D,0x0C0C0B0A,0x100F0E0E,
	0x0E0D0C0B,0x10100F0E,0x0E0E0C0C,0x1110100F,0x0F0E0E0D,0x12111010,0x100F0F0E,0x13121110,
	0x1211100F,0x14141413,0x12111010,0x14141413,0x14121110,0x14141414,0x14131211,0x14141414,
	0x14131211,0x14141414,0x14141312,0x15151414,0x14141413,0x15151414,0x14141414,0x16151415,

	0x16151414,0x1B1A1816,0x16161514,0x1C1A1817,0x16161515,0x1D1A1917,0x17161515,0x1E1B1A18,
	0x17161615,0x1E1C1B18,0x18161615,0x1F1E1B1A,0x19171616,0x1F1E1D1A,0x1A181716,0x001F1E1B,
	0x0000001D,0x03020100,0x00001F1E,0x03010100,0x00001F1F,0x03020101,0x0000001F,0x03030201,
	0x0000001F,0x04030201,0x01010000,0x04030201,0x01000000,0x05030302,0x01010000,0x05040302,
	0x07060503,0x09090908,0x07060504,0x09090908,0x07060504,0x09090808,0x07070604,0x09090909,
	0x08070605,0x09090909,0x08070605,0x09090909,0x08080706,0x09090909,0x09080706,0x09090909,
	0x0B0A0909,0x0F0E0E0C,0x0B0A0A09,0x100F0E0C,0x0C0A0A09,0x100E0E0D,0x0C0B0A09,0x100F0E0D,
	0x0C0B0A09,0x100F0E0D,0x0D0B0A0A,0x10100F0E,0x0D0C0B0A,0x11100E0E,0x0D0C0B0A,0x11100F0E,

	0x14131111,0x15141414,0x14131210,0x15141414,0x13131211,0x15151414,0x14131211,0x14141414,
	0x14141311,0x15141414,0x14141312,0x15151514,0x14141312,0x16151414,0x14141312,0x16141414,
	0x18161615,0x1F1E1B1A,0x18171615,0x001E1D1B,0x18171616,0x1F1F1D1A,0x19171616,0x001F1D1B,
	0x1A181616,0x001F1E1B,0x1A181716,0x001F1E1C,0x1B181716,0x00001E1D,0x1B191716,0x00001F1D,
	0x02000000,0x05040302,0x01010000,0x05040302,0x01010000,0x06040402,0x02010000,0x06040303,
	0x01010000,0x06050403,0x02010100,0x06050403,0x02010100,0x07050403,0x02020100,0x07050404,
	0x08090706,0x0A090909,0x09090707,0x09090909,0x09090807,0x0A0A0909,0x09090807,0x0A090909,
	0x09080807,0x0A0A0909,0x09090807,0x0A0A0909,0x09080907,0x0B0A0909,0x09090907,0x0B0A0909,

	0x0E0D0C0B,0x1211100F,0x0E0E0C0B,0x1311100F,0x0E0D0C0B,0x1311110F,0x0F0E0D0B,0x13121010,
	0x0F0D0D0B,0x1312100F,0x0F0E0D0B,0x13121110,0x0F0E0D0C,0x13131010,0x0F0E0D0C,0x13121110,
	0x14141414,0x16161515,0x14141414,0x17161514,0x14141414,0x16161515,0x14141414,0x17161515,
	0x15141413,0x17161615,0x14141414,0x17161515,0x14141414,0x17161615,0x14141414,0x18171615,
	0x1E1B1918,0x0000001F,0x1E1B1A18,0x0000001F,0x1E1B1A18,0x0000001F,0x1E1D1A18,0x0100001F,
	0x1F1C1B18,0x01000000,0x1F1C1B19,0x01000000,0x1E1E1A19,0x01000000,0x1F1E1B1A,0x01000000,
	0x04030201,0x08070605,0x04030201,0x08070605,0x04030201,0x09070705,0x04030201,0x09070705,
	0x04040201,0x09070705,0x04030302,0x09080706,0x04040202,0x08080706,0x05040202,0x09080706,

	0x09090909,0x0C0C0A0A,0x09090909,0x0D0C0B0A,0x09090908,0x0D0C0B0A,0x09090909,0x0D0C0B0A,
	0x09090909,0x0D0C0B0A,0x09090909,0x0D0C0B0A,0x0A090909,0x0E0D0C0A,0x0A090909,0x0E0D0B0A,
	0x00000001,0x191B1D1F,0x00000001,0x1A1B1E1F,0x00000001,0x1A1C1E1F,0x00000001,0x1B1C1E00,
	0x00000101,0x1B1D1F00,0x00000102,0x1B1E1F00,0x00010102,0x1C1E1F00,0x00010102,0x1D1E0000,
	0x15161617,0x14141414,0x15161618,0x14141414,0x15161718,0x14141415,0x16161718,0x14141415,
	0x16161719,0x14141415,0x1616181A,0x14141515,0x1617181A,0x14141516,0x1617191B,0x14141516,
	0x10111213,0x0C0D0E0F,0x11111214,0x0D0E0F0F,0x11121314,0x0C0E0F10,0x10131314,0x0D0E0F10,
	0x11131414,0x0E0E0F10,0x13131414,0x0E0F1010,0x12131314,0x0E0F1011,0x13141414,0x0F0F1011,

	0x09090A0B,0x08090909,0x090A0A0C,0x08090909,0x090A0A0B,0x09080909,0x090A0B0C,0x09090909,
	0x0A0A0B0D,0x09090909,0x0A0A0C0D,0x08090909,0x0A0B0C0D,0x09090909,0x0A0C0D0E,0x0909090A,
	0x04050607,0x00010202,0x04050607,0x01010203,0x04050707,0x01020303,0x05060708,0x01020204,
	0x05060708,0x02020304,0x06070709,0x02020404,0x06070809,0x02030405,0x07070809,0x03030405,
	0x1E1F0000,0x17181A1C,0x1E000000,0x17191B1D,0x1F000000,0x181A1B1E,0x1F000000,0x191A1D1E,
	0x00000001,0x1A1C1D1F,0x00000001,0x1A1B1E1F,0x00000101,0x1B1D1F00,0x00000102,0x1C1E1F00,
	0x14151616,0x13141414,0x14151616,0x14141414,0x15151517,0x14141414,0x15161617,0x14141414,
	0x15161718,0x14141415,0x16161718,0x14141415,0x15171819,0x14141515,0x1617191A,0x14141516,

	0x0F101113,0x0B0D0E0F,0x10111213,0x0C0D0E0F,0x10111213,0x0D0E0E0F,0x11111314,0x0D0E0F10,
	0x11121314,0x0E0F0F10,0x12121414,0x0E0F1011,0x12131414,0x0F0F1011,0x13141414,0x0F101112,
	0x09090A0A,0x08090909,0x09090A0B,0x08080909,0x090A0A0B,0x09090909,0x0A0A0B0C,0x09090909,
	0x0A0A0B0D,0x09090909,0x0A0B0C0D,0x0909090A,0x0B0B0D0E,0x0909090A,0x0B0D0D0E,0x09090A0A,
	0x04050607,0x01020203,0x04060707,0x01020304,0x05060708,0x02030304,0x06070808,0x02030405,
	0x07070809,0x03040406,0x07080908,0x03050506,0x08080909,0x04050607,0x08080909,0x05060707,
	0x00000000,0x1A1B1E1E,0x00000001,0x1A1D1E1F,0x00000001,0x1D1F1F00,0x00000102,0x1E1F1F00,
	0x00010102,0x1F000000,0x01010203,0x00000000,0x01020204,0x00000001,0x02030304,0x00000101,

	0x16161718,0x14141515,0x1617181A,0x14151516,0x1718191B,0x15151616,0x18191B1D,0x15161617,
	0x191B1D1D,0x16161718,0x1B1C1E1E,0x16171819,0x1C1D1F00,0x17181A1B,0x1D1F0000,0x181A1A1C,
	0x14141414,0x11121313,0x14141414,0x12131414,0x14141414,0x13141414,0x14141415,0x14141414,
	0x14151515,0x14141414,0x15151616,0x14141414,0x15161517,0x14141415,0x16161717,0x14151515,
	0x0F0F1010,0x0D0D0E0E,0x0F101111,0x0E0E0F0F,0x10111213,0x0F0F0F10,0x12121313,0x10101012,
	0x13131414,0x11111212,0x14141414,0x12121313,0x14141414,0x13131414,0x14141414,0x14141414,
	0x0B0C0C0D,0x0A0B0B0B,0x0D0D0D0E,0x0B0C0C0C,0x0D0E0E0E,0x0D0D0D0D,0x0F0F0F10,0x0E0E0E0E,
	0x100F1010,0x0F0F0F0F,0x11111112,0x10101110,0x11121212,0x11111112,0x13131314,0x12121313,

	0x0A0A0A0A,0x0B0B0A0A,0x0C0B0C0B,0x0C0C0C0B,0x0D0D0D0D,0x0D0D0D0D,0x0E0D0E0D,0x0E0E0E0E,
	0x0E0F0F0F,0x0F0F0F0F,0x1010100F,0x11101010,0x11111111,0x11111111,0x12121212,0x13131312,
	0x0D0C0C0B,0x0E0E0D0D,0x0E0D0D0C,0x0F0F0E0E,0x0F0E0E0E,0x100F0F0E,0x100F0F0F,0x11101110,
	0x1010100F,0x12121111,0x11111010,0x13131212,0x13121212,0x14141313,0x14131413,0x14141414,
	0x10100F0F,0x13131212,0x12111010,0x14141312,0x13121210,0x14141413,0x14131212,0x14141414,
	0x14141313,0x14141414,0x14141314,0x14151414,0x14141414,0x15151414,0x14141414,0x16151514,
	0x14141414,0x16161514,0x14141414,0x17161515,0x15141414,0x17161615,0x15151514,0x18171615,
	0x16151514,0x1A181716,0x16161515,0x1B191817,0x17161516,0x1B1B1918,0x18171716,0x1D1D1A1A,

	0x1B191816,0x001F1E1D,0x1D1A1917,0x00001F1E,0x1E1C1A19,0x0000001F,0x1E1E1A1A,0x0000001F,
	0x1F1E1D1A,0x01000000,0x001F1F1D,0x01000000,0x001F1F1E,0x02010000,0x0000001F,0x02010100,
	0x02010000,0x05040303,0x02010100,0x06050403,0x03020100,0x07050403,0x03020101,0x07060504,
	0x04030201,0x07070604,0x04030302,0x08070605,0x05040302,0x08070706,0x05040402,0x09080707,
	0x09080707,0x0A090909,0x09090807,0x0A090909,0x09080807,0x0A0A0909,0x09090908,0x0A0A0909,
	0x09090908,0x0B0A0A09,0x09090909,0x0B0A0A09,0x09090909,0x0C0B0A0A,0x09090909,0x0D0B0A0A,
	0x0E0D0B0A,0x12100F0F,0x0E0D0C0B,0x1211100F,0x0E0D0C0B,0x1211100F,0x0F0E0D0C,0x13121010,
	0x0F0E0D0C,0x13121010,0x0F0F0E0D,0x14131110,0x100F0E0D,0x13141211,0x10100F0E,0x14131311,

	0x14141413,0x16151414,0x14141413,0x16151515,0x14141413,0x16161514,0x14141414,0x17161514,
	0x14141414,0x16161515,0x14141414,0x17161615,0x15141414,0x18161615,0x14151414,0x18171616,
	0x1B1A1816,0x00001F1E,0x1C1A1817,0x00001F1E,0x1C1B1817,0x0000001E,0x1D1B1917,0x0000001F,
	0x1E1C1A18,0x0000001F,0x1E1D1A19,0x00000000,0x1F1D1B1A,0x01000000,0x1F1E1C1A,0x00000000,
	0x03010100,0x07060403,0x03010100,0x07060504,0x03020101,0x07060504,0x03030201,0x07070504,
	0x04020201,0x08070605,0x04030201,0x08070605,0x04030202,0x09070705,0x04040302,0x08080706,
	0x09090908,0x0B0A0909,0x09090908,0x0B0A0A09,0x09090808,0x0C0A0A09,0x09090909,0x0C0B0A09,
	0x09090908,0x0C0B0A09,0x09090909,0x0D0B0A0A,0x09090909,0x0D0C0A0A,0x09090909,0x0D0C0B0A,

	0x0F0E0E0C,0x14131110,0x100F0E0C,0x14131210,0x100E0E0D,0x14131211,0x100F0E0D,0x14131211,
	0x100F0E0D,0x14141311,0x10100F0E,0x14141312,0x110F0F0D,0x14141312,0x11100F0E,0x14141312,
	0x14141414,0x18161615,0x15141414,0x18171615,0x15151414,0x18171616,0x14141414,0x19171616,
	0x15141414,0x1A181616,0x15151514,0x1A181716,0x15151414,0x1A181616,0x15151414,0x1B191716,
	0x001D1B1A,0x01000000,0x1F1E1D1A,0x02000000,0x001E1D1A,0x01010000,0x001F1D1B,0x02010000,
	0x001F1E1B,0x01010000,0x001F1E1B,0x01010000,0x001F1E1B,0x02010000,0x00001E1D,0x02020100,
	0x05040302,0x09080706,0x05040302,0x09080706,0x05040302,0x08090707,0x06040403,0x09090807,
	0x06050303,0x09080807,0x06050403,0x09090807,0x06050403,0x09090807,0x07050403,0x09090808,

	0x0A090909,0x0D0D0B0A,0x0A090909,0x0E0E0C0B,0x0A090909,0x0E0D0C0A,0x0A090909,0x0E0D0C0B,
	0x0A0A0909,0x0F0E0D0C,0x0A0A0909,0x0F0E0D0B,0x0A0A0909,0x0F0D0D0B,0x0B0A0909,0x0F0E0D0C,
	0x00000203,0x1E1F0000,0x00010203,0x1E1F0000,0x01010203,0x1E000000,0x01020303,0x1F000000,
	0x01020204,0x1F000000,0x01020304,0x00000001,0x02030304,0x00000001,0x02020405,0x00000001,
	0x17181A1B,0x14151515,0x17171A1C,0x14151616,0x17191B1D,0x14151616,0x181A1B1E,0x15151616,
	0x191A1C1E,0x15161617,0x191B1D1E,0x15161617,0x1A1B1E1F,0x15151718,0x1A1D1E1F,0x16161719,
	0x13141414,0x0E101112,0x13141414,0x0F101112,0x14141414,0x10101113,0x14141414,0x10101214,
	0x14141414,0x10121213,0x14141414,0x10121314,0x14141515,0x11121314,0x14141415,0x12131414,

	0x0B0B0C0E,0x0909090A,0x0B0C0D0E,0x09090A0A,0x0B0D0E0F,0x09090A0A,0x0C0D0E0F,0x09090A0B,
	0x0D0E0E0F,0x090A0A0B,0x0D0E0F10,0x090A0B0C,0x0D0E0F10,0x0A0A0B0C,0x0E0F0F10,0x0A0B0B0D,
	0x07080809,0x02040506,0x07080909,0x03050506,0x08080909,0x04040607,0x08080909,0x04050607,
	0x09090909,0x04060707,0x09090909,0x05060708,0x08090909,0x06070709,0x09090909,0x06070808,
	0x00010102,0x1E1E0000,0x00010202,0x1E1F0000,0x01010103,0x1E000000,0x01010204,0x1F000000,
	0x01020204,0x00000000,0x01020404,0x00000001,0x02020404,0x00000101,0x02030505,0x00000102,
	0x1718191A,0x14151516,0x17181A1D,0x14151616,0x181A1A1E,0x15151616,0x191A1B1F,0x15161617,
	0x1A1B1D1F,0x16161718,0x1A1C1E1F,0x16161718,0x1C1D1F00,0x1616181A,0x1C1E1F00,0x1718191B,

	0x13141414,0x10101113,0x14141414,0x10101214,0x14141414,0x11121314,0x14141414,0x11121314,
	0x14141415,0x12131414,0x14141515,0x12141314,0x14141516,0x13141414,0x14151516,0x14141414,
	0x0C0D0E0F,0x090A0A0B,0x0D0E0E0F,0x090A0B0B,0x0D0E0F10,0x0A0A0B0D,0x0E0F0F11,0x0A0B0C0D,
	0x0F0F1011,0x0B0C0D0E,0x0F101012,0x0B0D0E0E,0x10101212,0x0D0D0E0F,0x10111213,0x0D0E0F0F,
	0x09090909,0x06070708,0x08090909,0x06070809,0x09090909,0x07080809,0x0909090A,0x08090909,
	0x09090A0A,0x09080909,0x090A0A0B,0x08090909,0x090A0A0B,0x09090909,0x0A0A0B0C,0x09090909,
	0x02030405,0x00000102,0x03040405,0x00010202,0x04040506,0x01020203,0x04050607,0x02020304,
	0x05060708,0x02030404,0x06070708,0x03040405,0x07070809,0x04040506,0x08080909,0x05050607,

	0x1F000000,0x1A1A1D1E,0x00000000,0x1B1E1F1F,0x00000001,0x1E1E1F00,0x00000101,0x1F1F0000,
	0x00010102,0x00000000,0x01010203,0x00000000,0x01020303,0x00000101,0x02030304,0x00010102,
	0x16171819,0x15151616,0x1718191A,0x16161616,0x191A1B1C,0x16161718,0x1A1B1D1D,0x1718191A,
	0x1C1E1E1F,0x18191A1A,0x1F1F1F00,0x1A1B1D1E,0x1F1F0000,0x1D1D1E1E,0x00000000,0x1E1E1F00,
	0x14141415,0x14141414,0x14151515,0x14141414,0x15151616,0x14141415,0x16161616,0x15151515,
	0x16161718,0x15161616,0x17181919,0x16161716,0x191A1A1B,0x17171818,0x1A1B1C1D,0x1819191A,
	0x14141414,0x13141413,0x14141414,0x14141414,0x14141414,0x14141414,0x14141414,0x14141414,
	0x15151515,0x14141515,0x16161616,0x15151515,0x16161616,0x16161616,0x17171718,0x16171617,

	0x13141313,0x14141313,0x14141414,0x14141414,0x14141414,0x14141414,0x14141414,0x14141414,
	0x14141514,0x15141514,0x15151515,0x15151515,0x16161516,0x16161616,0x17161717,0x17161716,
	0x14141413,0x14141414,0x14141414,0x14141414,0x14141414,0x15151414,0x14151414,0x15151515,
	0x15151515,0x15161615,0x16161516,0x17171616,0x17161616,0x17181716,0x18171717,0x1A1A1918,
	0x15151414,0x16161515,0x15151514,0x17161616,0x15161515,0x18171716,0x17161616,0x1A191817,
	0x18171716,0x1B1A1A18,0x1A181817,0x1E1C1A1A,0x1B1A1A19,0x1F1E1E1B,0x1D1C1B1A,0x1F1F1F1E,
	0x1A181716,0x1F1E1D1A,0x1B1A1918,0x001F1E1D,0x1C1B1A19,0x00001F1E,0x1E1E1B1A,0x00001F1F,
	0x1F1F1E1D,0x00000000,0x00001F1E,0x01000000,0x0000001F,0x01010000,0x00000000,0x02010100,

	0x0000001F,0x03020101,0x01000000,0x03030201,0x01010000,0x04030302,0x02010100,0x04040302,
	0x02020101,0x05040403,0x03030102,0x06050404,0x04030302,0x07060504,0x04040303,0x08070605,
	0x06050503,0x08090807,0x07060504,0x09090807,0x07070605,0x09090908,0x08070706,0x09090909,
	0x09080706,0x09090908,0x09080807,0x09090909,0x09090808,0x0A090909,0x09090909,0x0A0A0909,
	0x0A090909,0x0D0C0B0A,0x0A090909,0x0E0D0B0B,0x0A0A0909,0x0E0D0C0B,0x0B0A0A09,0x0F0E0D0C,
	0x0B0B0A09,0x0F0E0E0D,0x0C0B0A0A,0x100F0E0D,0x0D0C0B0A,0x110F0F0E,0x0E0D0C0B,0x11100F0E,
	0x11100F0E,0x14141312,0x11100F0F,0x14141313,0x1211100F,0x14141413,0x13111010,0x14141413,
	0x1312110F,0x14141414,0x14131210,0x14141414,0x14131212,0x15141414,0x14141312,0x15141414,

	0x15141414,0x19171616,0x15151414,0x1A181716,0x16151414,0x1B181716,0x16151514,0x1B1A1816,
	0x16161514,0x1C1A1917,0x17161515,0x1D1B1A18,0x17161615,0x1E1C1A18,0x18171615,0x1F1D1B1A,
	0x001F1D1A,0x02000000,0x001F1E1B,0x01010000,0x001F1E1C,0x02010000,0x00001F1D,0x02010100,
	0x00001F1F,0x03020100,0x0000001F,0x03020101,0x0000001F,0x03030201,0x00000000,0x04030201,
	0x05040302,0x09080706,0x05040303,0x09080707,0x06050402,0x09090807,0x06050403,0x09090807,
	0x07060403,0x09080907,0x07060504,0x09090908,0x07070504,0x09090908,0x07070605,0x09090909,
	0x0A090909,0x0D0C0B0A,0x0A090909,0x0E0D0B0A,0x0A090909,0x0E0D0C0B,0x0A0A0909,0x0E0E0C0B,
	0x0A0A0909,0x0F0E0D0B,0x0B0A0909,0x0F0E0D0C,0x0B0A0A09,0x0F0E0D0D,0x0B0B0A09,0x100F0E0D,

	0x11110F0E,0x14141413,0x12100F0F,0x14141413,0x1211100F,0x14141413,0x1311100F,0x14141413,
	0x1312110F,0x14141414,0x13121110,0x15141414,0x13131110,0x14141414,0x14131210,0x14141414,
	0x16151414,0x1A191716,0x16151515,0x1B1A1817,0x16161514,0x1C1A1817,0x16161414,0x1D1B1917,
	0x16161514,0x1E1B1A18,0x17161515,0x1E1C1A18,0x17161615,0x1E1C1B18,0x18171615,0x1F1D1B19,
	0x00001F1E,0x03020100,0x00001F1E,0x03010100,0x00001F1E,0x03020100,0x0000001E,0x03020201,
	0x0000001F,0x03030201,0x0000001F,0x04030101,0x01000000,0x04030201,0x01000000,0x04030302,
	0x06060503,0x09090908,0x07060504,0x09090908,0x07060504,0x09090808,0x07070504,0x09090909,
	0x08070605,0x09090909,0x08070605,0x09090909,0x08070605,0x09090908,0x09070705,0x09090909,

	0x0B0A0909,0x0F0E0D0C,0x0B0A0A09,0x0F0F0E0D,0x0C0A0A09,0x100F0E0D,0x0C0B0A09,0x100F0E0C,
	0x0C0B0A09,0x100F0E0D,0x0C0C0A0A,0x100F0E0D,0x0D0B0A0A,0x110F0F0E,0x0D0C0B0A,0x11100F0E,
	0x02040405,0x00000101,0x03030406,0x00000102,0x03040506,0x00000102,0x03040507,0x00010203,
	0x04050607,0x00010202,0x04050607,0x01010203,0x04060707,0x01020304,0x05060708,0x01020304,
	0x1B1D1F00,0x1517181A,0x1B1E1F00,0x1617181A,0x1D1E0000,0x1717191A,0x1E000000,0x17171A1C,
	0x1E1F0000,0x17191B1D,0x1E000000,0x181A1B1E,0x1F000000,0x191A1D1E,0x00000001,0x1A1B1E1F,
	0x14141515,0x12131414,0x14141516,0x13131414,0x15141516,0x13141414,0x14151615,0x14141414,
	0x14151616,0x14141414,0x15151616,0x14141414,0x15161617,0x14141414,0x15161618,0x14141415,

	0x0E0F1011,0x0A0B0C0D,0x0F0F1111,0x0B0B0D0E,0x0F101112,0x0B0C0D0E,0x0F111112,0x0B0D0E0F,
	0x10111213,0x0C0D0E0F,0x11111213,0x0D0E0F0F,0x11121314,0x0D0E0F10,0x11121414,0x0E0F0F11,
	0x0909090A,0x07070809,0x0909090A,0x07080909,0x09090A0A,0x08080909,0x09090A0B,0x08090909,
	0x090A0A0B,0x09090909,0x090A0B0C,0x09090909,0x0A0A0B0C,0x09090909,0x0A0B0C0D,0x09090909,
	0x03040406,0x00010102,0x03040506,0x00010203,0x04050607,0x01010203,0x04050607,0x01020303,
	0x05060708,0x02020304,0x06070708,0x02030404,0x06070809,0x03030405,0x07070908,0x03040506,
	0x1E1F0000,0x17191A1C,0x1E000000,0x18191B1D,0x1F000000,0x191B1D1E,0x00000000,0x1A1C1E1E,
	0x00000001,0x1B1D1E00,0x00000101,0x1C1E0000,0x00000102,0x1E1F0000,0x00010202,0x1F000000,

	0x15151616,0x14141414,0x15151617,0x14141414,0x16161718,0x14141415,0x16161718,0x14141515,
	0x1617181A,0x14151516,0x1718191B,0x14151616,0x17191B1B,0x15161616,0x191A1B1D,0x15161617,
	0x11121314,0x0E0F0F10,0x12121314,0x0F0F0F11,0x13131414,0x0F101112,0x13141414,0x10101112,
	0x14141414,0x10111213,0x14141414,0x12121414,0x14141514,0x12131414,0x14141415,0x13141414,
	0x0A0C0C0D,0x0909090A,0x0B0C0D0E,0x09090A0A,0x0C0C0E0E,0x090A0A0B,0x0D0E0E0F,0x0A0A0B0C,
	0x0E0E0F10,0x0A0B0C0D,0x0E0F1010,0x0C0C0D0E,0x0F101011,0x0C0D0E0E,0x10101212,0x0D0E0E0F,
	0x08090909,0x06070707,0x09090909,0x07070809,0x09090909,0x07080908,0x09090909,0x08090909,
	0x0909090A,0x09080909,0x090A0A0A,0x09090909,0x0A0A0B0B,0x09090909,0x0A0B0B0C,0x0909090A,

	0x03030405,0x01010203,0x04040506,0x02020303,0x05050607,0x03030304,0x06060707,0x03040405,
	0x07070808,0x04050506,0x07080909,0x05060707,0x08090809,0x06070708,0x08090909,0x07080809,
	0x00000001,0x1F000000,0x00000101,0x00000000,0x01010202,0x00000000,0x02020203,0x00000101,
	0x02030304,0x01010202,0x03040404,0x02020203,0x04040506,0x03030304,0x05060607,0x03040405,
	0x1D1E1E1F,0x1A1A1B1D,0x1E1F1F00,0x1B1D1E1F,0x00000000,0x1E1E1F1F,0x00000000,0x1F000000,
	0x00000001,0x00000000,0x01010101,0x00000000,0x01020202,0x00010101,0x02030203,0x02010202,
	0x19191A1A,0x18181818,0x1A1A1C1B,0x1A1A1A1A,0x1D1E1E1E,0x1B1B1B1D,0x1E1F1F1F,0x1E1E1E1E,
	0x00000000,0x1F1F1F00,0x00000000,0x00000000,0x00000000,0x00000000,0x01010101,0x00000101,

	0x18181817,0x18181818,0x191A191A,0x1A1A191A,0x1B1B1B1B,0x1B1C1C1B,0x1E1E1E1D,0x1F1E1E1E,
	0x1F1F1F1F,0x001F1F1F,0x00000000,0x00000000,0x00000000,0x00000000,0x00000000,0x01000000,
	0x1A191919,0x1C1B1A1A,0x1B1A1B1B,0x1F1D1D1C,0x1E1E1D1D,0x1F1F1F1E,0x1F1F1E1E,0x001F001F,
	0x00000000,0x00000000,0x00000000,0x00000000,0x00000000,0x01010100,0x01010101,0x02020101,
	0x1F1E1E1D,0x0000001F,0x001F1F1E,0x00000000,0x00000000,0x00000000,0x00000000,0x01010000,
	0x01000000,0x02020101,0x01010101,0x03030202,0x02020201,0x04030303,0x03030202,0x05040403,
	0x01000000,0x03020201,0x01010100,0x03030302,0x02020101,0x04040303,0x03030202,0x05050403,
	0x04030203,0x06060504,0x05040403,0x07070605,0x06050504,0x08070707,0x07060605,0x09080807,

	0x05050403,0x08080706,0x06060504,0x09090807,0x08070605,0x09090808,0x08070706,0x09090809,
	0x09080707,0x09090908,0x09090808,0x09090909,0x09090809,0x0A090909,0x09090909,0x0A0A0909,
	0x09090908,0x0B0A0A09,0x09090909,0x0B0A0A09,0x09090909,0x0C0C0A0A,0x0A090909,0x0D0C0B0A,
	0x0A0A0909,0x0E0D0C0C,0x0B0B0A09,0x0E0E0D0C,0x0C0B0A0A,0x0F0E0E0D,0x0D0C0C0B,0x100F0E0E,
	0x0E0D0D0B,0x1210100F,0x0F0E0D0D,0x12111010,0x0F0F0E0D,0x14121110,0x100F0F0E,0x14131211,
	0x10100F0F,0x14131312,0x1210100F,0x14141313,0x13111010,0x14141413,0x13121110,0x14141413,
	0x14141412,0x15151414,0x14141413,0x16141514,0x14141414,0x16151514,0x14141414,0x16161515,
	0x14141414,0x17161615,0x15141414,0x17161615,0x15151414,0x19171616,0x16151514,0x19181716,

	0x18171616,0x1F1E1D1B,0x19181716,0x001F1E1B,0x1B191816,0x001F1E1D,0x1C1A1917,0x00001F1E,
	0x1E1A1A18,0x0000001E,0x1E1D1B19,0x0000001F,0x1F1E1B1A,0x00000000,0x1F1E1D1B,0x01000000,
	0x01000000,0x04030302,0x01000000,0x05040302,0x02010000,0x05040302,0x02020000,0x06050403,
	0x03020100,0x06050403,0x03020101,0x07060504,0x03030201,0x07070504,0x04030202,0x08070605,
	0x08070605,0x09090909,0x08080706,0x09090909,0x09080706,0x09090909,0x09080807,0x0A090909,
	0x09090807,0x0A090909,0x09090808,0x0A0A0909,0x09090908,0x0B0A0909,0x09090909,0x0B0A0A09,
	0x0C0B0A0A,0x100F0E0D,0x0D0B0A0A,0x100F0F0E,0x0D0C0B0A,0x11100F0E,0x0E0D0B0A,0x11110F0E,
	0x0E0D0C0B,0x1210100F,0x0E0D0D0B,0x1211100F,0x0F0E0D0C,0x1312100F,0x0F0E0D0D,0x13121110,

	0x14131211,0x15141414,0x14141311,0x15141414,0x14131412,0x15151414,0x14141312,0x15151414,
	0x14141413,0x16151514,0x14141413,0x16151514,0x14141414,0x16161514,0x14141414,0x16161515,
	0x17171515,0x1F1E1D1A,0x19171616,0x001E1D1B,0x1A181716,0x001F1D1B,0x1A181716,0x001F1E1C,
	0x1B191716,0x00001E1D,0x1B191817,0x00001F1E,0x1D1B1917,0x00001F1E,0x1D1B1918,0x0000001F,
	0x01000000,0x05040301,0x01000000,0x05040302,0x02010000,0x05040302,0x02010000,0x06040403,
	0x02010100,0x06050403,0x03020100,0x07050403,0x03010100,0x07060504,0x03020101,0x07060504,
	0x08080706,0x09090909,0x09080706,0x0A090909,0x09090707,0x0A090909,0x09090807,0x0A090909,
	0x09080807,0x0A0A0909,0x09090907,0x0A0A0909,0x09090908,0x0B0A0909,0x09090908,0x0C0A0A09,

	0x0D0C0B0A,0x10100F0E,0x0E0D0B0A,0x1110100F,0x0E0D0C0A,0x1211100E,0x0E0D0C0A,0x1211100F,
	0x0E0D0C0C,0x1311100F,0x0F0E0D0B,0x13121010,0x0F0E0D0C,0x13121110,0x0F0E0D0C,0x14131110,
	0x05070708,0x02030304,0x06070809,0x02030405,0x07070808,0x03030405,0x07070909,0x03040506,
	0x07080809,0x03040506,0x08090909,0x04050607,0x08090909,0x04050607,0x09080909,0x05060708,
	0x00000001,0x1A1C1E1F,0x00000101,0x1B1E1F00,0x00000102,0x1C1E1F00,0x00010102,0x1E1F0000,
	0x00010203,0x1E1F0000,0x01010203,0x1F000000,0x00020303,0x1F000000,0x01020304,0x00000001,
	0x16161719,0x14141515,0x1616181A,0x14141515,0x1617191A,0x15141516,0x17181A1B,0x14151616,
	0x17191A1D,0x15151616,0x181A1B1E,0x15161616,0x191A1D1E,0x15151717,0x1A1C1E1F,0x16161718,

	0x12131414,0x0E0F1011,0x12141414,0x0F101012,0x13141414,0x0F101112,0x14141414,0x10111212,
	0x14141414,0x10111213,0x14141414,0x11121414,0x14141415,0x12131414,0x14141415,0x13131414,
	0x0A0B0D0E,0x0909090A,0x0B0C0D0E,0x09090A0A,0x0B0D0E0F,0x09090A0B,0x0C0D0E0F,0x090A0A0B,
	0x0D0E0F0F,0x0A0A0B0C,0x0E0E0F10,0x0A0B0B0D,0x0E0F1010,0x0A0B0C0D,0x0F0F1011,0x0B0C0D0E,
	0x07080909,0x04040507,0x08090809,0x05050607,0x08090909,0x05060707,0x09090909,0x06070708,
	0x09090909,0x06070808,0x09090909,0x07080909,0x0909090A,0x07080809,0x09090A0A,0x08090909,
	0x01010202,0x1F000000,0x01020303,0x00000001,0x02030304,0x00000001,0x02030405,0x00000102,
	0x02040405,0x00010102,0x03050506,0x01010203,0x04050607,0x01020303,0x05060707,0x02030304,

	0x1A1B1E1E,0x16161718,0x1A1D1E1F,0x1617181A,0x1D1F1F00,0x17181A1A,0x1E1F0000,0x18191A1C,
	0x1F000000,0x191B1C1E,0x00000000,0x1B1B1E1E,0x00000001,0x1B1E1F00,0x00000001,0x1E1E1F00,
	0x14141515,0x14141414,0x14151516,0x14141414,0x15151616,0x14141414,0x15161617,0x14141415,
	0x16161618,0x14141515,0x16171819,0x14151516,0x1618191B,0x15151616,0x18191B1B,0x15161617,
	0x10111213,0x0E0F0F10,0x11131314,0x0F0F1010,0x13131414,0x0F101111,0x13141414,0x10111112,
	0x14141414,0x11121313,0x14141414,0x12131314,0x14141414,0x13131414,0x14141415,0x14141414,
	0x0B0B0D0D,0x090A0A0A,0x0C0D0D0E,0x0A0A0A0B,0x0D0E0E0F,0x0A0B0C0C,0x0E0E0F0F,0x0B0C0D0D,
	0x0F0F1011,0x0C0D0D0E,0x0F101011,0x0D0E0E0F,0x10111112,0x0E0F0F0F,0x12121313,0x0F0F1010,

	0x09090909,0x08090809,0x09090909,0x09090909,0x09090A0A,0x09090909,0x090A0A0A,0x09090909,
	0x0A0A0B0B,0x0909090A,0x0B0B0C0D,0x090A0A0A,0x0C0D0D0E,0x0A0A0B0B,0x0D0D0E0E,0x0B0B0C0C,
	0x06070707,0x04050506,0x07070808,0x05060607,0x08090909,0x07070708,0x09080909,0x07080809,
	0x09090909,0x09090908,0x09090909,0x09090909,0x0909090A,0x09090909,0x090A0A0A,0x09090909,
	0x03030404,0x02020203,0x04040505,0x03030404,0x05050606,0x04040405,0x06070707,0x05050606,
	0x07070808,0x06070707,0x08090908,0x07070808,0x09080909,0x08090908,0x09090909,0x09080909,
	0x01020202,0x01020101,0x03030203,0x02020202,0x03030404,0x03030304,0x04050505,0x04040504,
	0x06060606,0x05050505,0x07060707,0x06070607,0x08080808,0x07080708,0x09080909,0x09090809,

	0x01020102,0x01010201,0x02020202,0x02020202,0x03030303,0x03040303,0x04040404,0x04050404,
	0x05050505,0x05050505,0x06060606,0x07070606,0x07080707,0x07070708,0x08080809,0x09090909,
	0x02020201,0x02030202,0x03020302,0x04030303,0x04040304,0x05050404,0x05050404,0x06060505,
	0x06060606,0x07060706,0x07070707,0x08080807,0x08080808,0x09080908,0x09080908,0x09090908,
	0x04040403,0x06050504,0x05050404,0x07070606,0x06060505,0x08070707,0x07070706,0x08080807,
	0x08080707,0x09090909,0x09090808,0x09090908,0x09090909,0x09090909,0x09090909,0x09090909,
	0x08070706,0x09080908,0x08080807,0x09090909,0x09090908,0x09090909,0x09090809,0x09090909,
	0x09090909,0x0A090909,0x0A090909,0x0A0A0A09,0x0A090909,0x0B0B0A0A,0x0A0A0A09,0x0D0C0B0B,

	0x09090909,0x0B0A0A09,0x0A090909,0x0B0B0A0A,0x0A0A0909,0x0D0C0B0A,0x0B0A0A0A,0x0E0D0C0B,
	0x0C0C0A0A,0x0E0E0D0D,0x0D0C0B0B,0x0F0F0E0D,0x0E0D0D0C,0x100F0F0E,0x0F0E0E0D,0x1110100F,
	0x0E0D0C0B,0x10100F0F,0x0F0E0D0D,0x1110100F,0x0F0F0E0D,0x13111010,0x100F0E0E,0x13121211,
	0x1110100F,0x14141211,0x12111010,0x14141313,0x12121210,0x14141413,0x14131211,0x14141414,
	0x14131312,0x14141414,0x14141312,0x14141414,0x14141414,0x15151414,0x14141414,0x15151414,
	0x14141414,0x16151514,0x14141414,0x16161515,0x15141414,0x17161615,0x15151415,0x18171616,
	0x16151515,0x1B191817,0x16161615,0x1C1B1917,0x17171515,0x1D1B1A19,0x18171616,0x1E1E1B1A,
	0x19181716,0x1F1E1C1B,0x1A1A1817,0x001F1E1D,0x1C1B1918,0x00001F1E,0x1E1C1A1A,0x0000001F,

	0x00001E1D,0x01010000,0x00001F1E,0x02010000,0x00001F1F,0x02020100,0x0000001F,0x02020101,
	0x00000000,0x03030201,0x01010000,0x04030202,0x01010000,0x04040302,0x03010100,0x05040402,
	0x04040302,0x08070706,0x05040303,0x09080706,0x06050403,0x08090707,0x07050404,0x09090807,
	0x07060505,0x09080908,0x07070605,0x09090908,0x08070706,0x09090909,0x09080706,0x09090909,
	0x09090908,0x0C0B0A09,0x0A090909,0x0D0B0A0A,0x09090909,0x0D0C0B0A,0x0A090909,0x0E0D0B0A,
	0x0A0A0909,0x0E0D0C0B,0x0B0A0909,0x0F0E0D0B,0x0B0A0A09,0x0F0E0D0C,0x0C0B0A0A,0x0F0F0E0D,
	0x0F0F0E0D,0x14131111,0x100F0E0D,0x14131211,0x110F0F0E,0x14141311,0x11100F0E,0x14141312,
	0x1210100F,0x14141413,0x1211100F,0x14141413,0x13121110,0x14141414,0x13121110,0x14141414,

	0x14141414,0x17161615,0x15141414,0x17171615,0x15141414,0x18161615,0x15151414,0x19171616,
	0x15151414,0x1A181716,0x16151514,0x1A191716,0x16161514,0x1C1A1817,0x17161515,0x1D1B1917,
	0x1E1D1A18,0x0000001F,0x1E1E1A19,0x00000000,0x1F1E1D1A,0x01000000,0x001E1D1B,0x01000000,
	0x001F1E1B,0x01010000,0x001F1E1D,0x02010000,0x00001F1E,0x02010100,0x00001F1E,0x03020100,
	0x03020201,0x07070604,0x04030202,0x08070605,0x05030202,0x08070705,0x05040302,0x08080706,
	0x05040302,0x09080706,0x06040303,0x09080707,0x06050403,0x09090807,0x07050403,0x09090808,
	0x09090809,0x0B0A0A09,0x09090909,0x0C0B0A09,0x09090909,0x0D0C0A0A,0x09090909,0x0D0B0A0A,
	0x09090909,0x0D0C0B0A,0x0A090909,0x0E0D0B0A,0x0A090909,0x0E0D0C0B,0x0A0A0909,0x0E0D0D0B,

	0x0F0F0E0D,0x14121211,0x100F0E0D,0x14131211,0x100F0E0D,0x14141311,0x10100F0E,0x14141312,
	0x11100F0E,0x14141312,0x11100F0F,0x14141413,0x1211100F,0x14141413,0x1211100F,0x14141413,
	0x09090909,0x05060708,0x08090909,0x06070809,0x09090909,0x07070809,0x0909090A,0x07080908,
	0x0909090A,0x07080909,0x09090A0A,0x08080909,0x09090A0B,0x09090909,0x090A0A0C,0x09090909,
	0x02030304,0x00000001,0x02030405,0x00000101,0x03030405,0x00000102,0x03040506,0x00010102,
	0x03040507,0x00010203,0x04050607,0x01020203,0x04060707,0x01020304,0x05060708,0x02030304,
	0x1A1D1E1F,0x16171819,0x1D1E0000,0x1617191A,0x1D1F1F00,0x17181A1B,0x1E1F0000,0x17191A1D,
	0x1F000000,0x181A1B1E,0x1F000000,0x1A1A1E1E,0x00000001,0x1A1D1E1F,0x00000001,0x1B1E1F00,

	0x14141515,0x13141414,0x14151516,0x13141414,0x14151616,0x14141414,0x15151616,0x14141414,
	0x15161617,0x14141415,0x15161718,0x14141415,0x16171719,0x14141515,0x1617181A,0x14151516,
	0x0F101112,0x0B0D0E0E,0x10101213,0x0D0D0E0F,0x10111213,0x0D0E0F10,0x11121314,0x0E0F0F0F,
	0x12131414,0x0E0F1011,0x13131414,0x0F101011,0x13141414,0x10101212,0x14141414,0x10101213,
	0x09090A0B,0x08090909,0x090A0A0C,0x09090909,0x0A0B0B0C,0x09090909,0x0A0B0C0D,0x0909090A,
	0x0B0B0C0E,0x09090A0A,0x0B0D0D0E,0x09090A0B,0x0C0D0E0F,0x090A0A0B,0x0D0E0F0F,0x0A0A0C0C,
	0x06070708,0x02030404,0x06070809,0x03040405,0x07080908,0x04040506,0x08080909,0x04050607,
	0x08090909,0x05060707,0x09090909,0x06070708,0x09090909,0x07070809,0x09090909,0x07080909,

	0x00000102,0x1E1F0000,0x00010202,0x1F000000,0x01020203,0x00000000,0x02020303,0x00000001,
	0x02030305,0x00000102,0x03030405,0x00010202,0x03040506,0x01020203,0x04050607,0x02020304,
	0x191B1C1E,0x16161718,0x1B1B1E1E,0x16171819,0x1C1E1F1F,0x17181A1B,0x1D1F1F00,0x181A1A1D,
	0x1F000000,0x1A1A1D1E,0x00000000,0x1B1D1F1F,0x00000001,0x1E1E1F00,0x00000101,0x1E1F0000,
	0x15141516,0x14141414,0x15151615,0x14141414,0x15151617,0x14141415,0x16161717,0x14141515,
	0x16171819,0x15151616,0x1718191A,0x15161616,0x181A1B1B,0x16161717,0x1A1A1C1D,0x16171818,
	0x12131314,0x10101111,0x13141414,0x10111213,0x14141414,0x12121213,0x14141414,0x13131414,
	0x14141414,0x14141414,0x14141415,0x14141414,0x14151515,0x14141414,0x15151616,0x14141415,

	0x0E0E0F0F,0x0C0C0D0D,0x0F0F0F10,0x0D0D0E0E,0x0F101011,0x0E0E0F0F,0x10121112,0x0F0F0F10,
	0x11121313,0x10101111,0x13131414,0x10111112,0x14141414,0x12121313,0x14141414,0x12141414,
	0x0A0A0B0B,0x09090A0A,0x0B0B0C0D,0x0A0A0A0B,0x0C0D0D0D,0x0A0B0C0B,0x0D0E0E0E,0x0C0C0D0C,
	0x0E0F0F0F,0x0D0D0E0E,0x0F100F10,0x0E0E0F0E,0x10101112,0x0F0F0F10,0x11111213,0x10101012,
	0x09090909,0x09090909,0x0909090A,0x09090909,0x0A0A0A0A,0x0909090A,0x0A0B0B0B,0x0A0A0A0A,
	0x0B0C0C0D,0x0A0B0B0C,0x0D0D0D0E,0x0C0C0C0D,0x0E0E0E0E,0x0E0D0D0E,0x0E0F0F10,0x0E0E0E0F,
	0x09090909,0x09080909,0x09090909,0x09090909,0x09090909,0x09090909,0x090A0A0A,0x0A090909,
	0x0A0A0A0A,0x0A0A0A0B,0x0B0B0C0B,0x0B0B0A0B,0x0D0C0D0D,0x0C0C0C0C,0x0E0E0E0E,0x0D0D0D0D,

	0x09090908,0x09080908,0x09090909,0x09090909,0x09090909,0x09090909,0x0A090909,0x09090909,
	0x090A0A0A,0x0A0A0A0A,0x0B0B0B0A,0x0B0B0B0B,0x0C0C0C0C,0x0C0C0C0C,0x0D0D0D0D,0x0D0D0D0D,
	0x09090909,0x09090909,0x09090909,0x09090909,0x09090909,0x0A0A0909,0x0A0A0A09,0x0A0A0A0A,
	0x0A0A0A0A,0x0B0B0B0B,0x0B0B0C0B,0x0D0C0C0C,0x0D0D0D0C,0x0E0D0D0D,0x0E0E0D0E,0x0F0E0E0E,
	0x09090909,0x0A0A0909,0x0A090909,0x0B0A0A0A,0x0A0A0A0A,0x0B0B0B0A,0x0C0B0B0A,0x0D0D0C0B,
	0x0D0C0C0B,0x0E0E0D0D,0x0E0D0D0D,0x0F0E0E0E,0x0F0E0E0E,0x10100F0E,0x100F0F0F,0x11101010,
	0x0B0B0A0A,0x0D0D0D0C,0x0D0C0C0B,0x0E0E0D0D,0x0E0D0D0C,0x0F0F0E0E,0x0E0E0E0D,0x100F0F0F,
	0x0F0F0F0E,0x11101010,0x10100F0F,0x12121111,0x11111010,0x13131212,0x12121111,0x14141313,

	0x0F0F0E0E,0x12111010,0x10100F0F,0x13121111,0x11111010,0x14131312,0x12121110,0x14141313,
	0x13131212,0x14141414,0x14141313,0x14141414,0x14141414,0x14141414,0x14141414,0x15151414,
	0x14141313,0x14141414,0x14141413,0x14151414,0x14141414,0x15151414,0x15141414,0x16151514,
	0x14141414,0x16161515,0x15151415,0x17161616,0x16151514,0x18171715,0x16161615,0x1A181716,
	0x16151514,0x19181716,0x16161615,0x1B191817,0x17161515,0x1D1A1A18,0x18171716,0x1E1C1B19,
	0x1A191717,0x1E1E1C1B,0x1A1A1918,0x1F1F1E1D,0x1D1B1A19,0x00001F1F,0x1E1E1C1A,0x0000001F,
	0x1F1E1D1A,0x0000001F,0x001F1D1C,0x01000000,0x001F1F1E,0x01010000,0x0000001F,0x02010000,
	0x00000000,0x02020100,0x01000000,0x03020200,0x01000000,0x04030202,0x02010100,0x04040302,

	0x02020101,0x06050503,0x03030201,0x07060504,0x04030302,0x07070605,0x04040302,0x08070706,
	0x05040403,0x09080706,0x06050404,0x09080807,0x07060504,0x09090808,0x07070605,0x09090908,
	0x09080807,0x09090909,0x09080807,0x0A090909,0x09090908,0x0A0A0909,0x09090908,0x0B0A0909,
	0x09090909,0x0C0A0A09,0x09090909,0x0C0B0A0A,0x0A090909,0x0D0C0B0A,0x0A0A0909,0x0E0D0B0B,
	0x0D0B0B0A,0x100F0E0E,0x0D0C0B0A,0x10100F0E,0x0E0D0C0B,0x11100F0F,0x0E0E0D0B,0x1211100F,
	0x0F0E0D0D,0x12121010,0x100F0E0D,0x13131110,0x0F0F0F0E,0x14131211,0x11100F0E,0x14141312,
	0x14141211,0x14141414,0x14141212,0x15151414,0x14141313,0x15141414,0x14141413,0x15151414,
	0x14141413,0x16151514,0x14141414,0x16151514,0x14141414,0x16161515,0x15141414,0x17161615,

	0x16161515,0x1E1B1A18,0x17171615,0x1E1D1A19,0x18171616,0x1F1E1D1A,0x1A181616,0x001E1E1A,
	0x1A191716,0x001F1E1D,0x1B1A1817,0x00001F1D,0x1D1A1917,0x00001F1F,0x1E1B1A18,0x0000001F,
	0x0000001F,0x03020101,0x0000001F,0x03030201,0x01000000,0x04030201,0x01000000,0x04030302,
	0x01010000,0x05040302,0x02010000,0x05040303,0x02010100,0x06050403,0x03020101,0x07060403,
	0x07060504,0x09090808,0x07070504,0x09090908,0x08070605,0x09090909,0x08070705,0x09090909,
	0x08080706,0x09090909,0x09080707,0x09090909,0x09090807,0x0A090909,0x09090807,0x0A090909,
	0x0B0A0909,0x0F0E0D0B,0x0B0A0A09,0x0F0E0D0C,0x0C0A0A09,0x0F0F0E0D,0x0C0B0A0A,0x100F0E0D,
	0x0D0B0A0A,0x100F0F0E,0x0D0C0B0A,0x11100F0E,0x0E0D0B0A,0x11100F0F,0x0E0D0C0B,0x1211100E,

	0x1312110F,0x14141414,0x13121110,0x14141414,0x14131110,0x14141414,0x14131211,0x15141414,
	0x14131312,0x15151414,0x14141312,0x15141414,0x14141312,0x15151414,0x14141413,0x16151414,
	0x0A0A0B0C,0x08090909,0x0A0A0B0D,0x09090909,0x0A0B0C0D,0x0909090A,0x0B0B0D0E,0x0909090A,
	0x0B0D0D0E,0x09090A0A,0x0C0D0E0F,0x090A0A0B,0x0D0E0E0F,0x090A0A0B,0x0D0E0F10,0x0A0A0B0C,
	0x06070809,0x02030405,0x07070809,0x03030405,0x07080809,0x03050506,0x07090809,0x04050607,
	0x08090909,0x04050707,0x08090909,0x05060708,0x09090909,0x06070708,0x09090909,0x07070808,
	0x00000101,0x1D1E1F00,0x00010102,0x1E000000,0x00010203,0x1F000000,0x01010203,0x00000000,
	0x01020303,0x00000001,0x02030305,0x00000001,0x02030405,0x00000102,0x03040405,0x00010102,

	0x16181A1A,0x14151616,0x18191B1C,0x15161616,0x191A1B1E,0x15161617,0x1A1B1E1E,0x16161718,
	0x1A1D1E1F,0x1617181A,0x1C1E0000,0x1618191A,0x1E1F0000,0x17191A1C,0x1E000000,0x181A1B1E,
	0x14141414,0x11121314,0x14141414,0x12121413,0x14141415,0x12131414,0x14141515,0x13141414,
	0x15141516,0x14141414,0x14151516,0x14141414,0x15151617,0x14141415,0x15161617,0x14141415,
	0x0E0F0F10,0x0A0B0C0D,0x0E0F1010,0x0B0C0D0E,0x0F101012,0x0C0D0E0E,0x10101112,0x0D0E0E0F,
	0x10111314,0x0D0E0E10,0x11121313,0x0E0F1011,0x12121414,0x0F0F1011,0x12141414,0x0F111112,
	0x0909090A,0x08090809,0x09090A0A,0x09090909,0x090A0A0B,0x09090909,0x0A0A0B0C,0x09090909,
	0x0A0B0C0D,0x0909090A,0x0B0C0D0D,0x09090A0A,0x0C0D0D0E,0x090A0A0B,0x0D0D0E0F,0x0A0A0B0C,

	0x05060707,0x02030404,0x06070708,0x03040405,0x07070809,0x04040506,0x07080909,0x05050607,
	0x08090909,0x06060708,0x09090909,0x07070808,0x09090909,0x07080909,0x09090909,0x08090909,
	0x00010102,0x00000000,0x01010203,0x00000000,0x01020303,0x00000001,0x02030304,0x00010102,
	0x03030405,0x01010202,0x04040506,0x01020303,0x04050607,0x02030304,0x05060707,0x03030405,
	0x1C1D1E1F,0x1718191B,0x1D1E1F00,0x191A1A1D,0x1F1F0000,0x1A1B1D1E,0x00000000,0x1C1E1E00,
	0x00000000,0x1E1F1F1F,0x00000001,0x1F000000,0x00010102,0x00000000,0x01010203,0x00000001,
	0x16161617,0x15141515,0x16161718,0x15151516,0x1717191A,0x16161616,0x18191A1A,0x16161617,
	0x1A1B1C1E,0x16171819,0x1B1D1D1E,0x18191A1B,0x1E1E0000,0x1A1A1B1C,0x1F1F0000,0x1B1D1E1E,

	0x14141414,0x14141414,0x14141414,0x14141414,0x14151515,0x14141414,0x15151516,0x14141415,
	0x16161616,0x14151515,0x16161617,0x15151616,0x17171819,0x16161616,0x18191A1B,0x16171718,
	0x12131313,0x11111112,0x13141414,0x12121313,0x14141414,0x13131414,0x14141414,0x14141414,
	0x14141414,0x14141414,0x14141515,0x14141414,0x15151516,0x14141415,0x16161516,0x15151515,
	0x10101110,0x0F0F0F10,0x11111112,0x10101110,0x12121313,0x11111112,0x13131413,0x12131313,
	0x14141414,0x13141314,0x14141414,0x14141414,0x14141415,0x14141414,0x14141415,0x14141414,
	0x0F0F0E0F,0x0E0E0E0E,0x100F1010,0x0F100F0F,0x10111011,0x10101110,0x12121212,0x11121112,
	0x13131313,0x13131313,0x13141414,0x14141314,0x14141414,0x14141414,0x14141414,0x14141414,

	0x0E0E0E0E,0x0E0E0E0E,0x0F0F100F,0x0F0F0F10,0x11101011,0x11101110,0x11111211,0x11111211,
	0x13131313,0x13131313,0x14141413,0x14141314,0x14141414,0x14141414,0x14141414,0x14141414,
	0x0E0F0F0F,0x0F0F0F0F,0x10100F0F,0x10111010,0x11111011,0x12111111,0x12121212,0x13121312,
	0x13131313,0x14141413,0x14141413,0x14141414,0x14141414,0x14141414,0x14141414,0x14141414,
	0x10101010,0x12111111,0x12111111,0x13131212,0x13131212,0x14141313,0x14131313,0x14141414,
	0x14141414,0x14141414,0x14141414,0x14141414,0x14141414,0x15151414,0x15141514,0x15151515,
	0x13141312,0x14141414,0x14141413,0x14141414,0x14141414,0x14141414,0x14141414,0x15141514,
	0x14141414,0x15151514,0x15151514,0x16161515,0x16151515,0x17161516,0x16161615,0x18171617,

	0x14141414,0x15151514,0x15141514,0x16151515,0x15151514,0x17161615,0x16161515,0x18171716,
	0x17161516,0x19181716,0x17171716,0x1B1A1918,0x19171817,0x1D1B1B1A,0x1A1A1A19,0x1E1E1D1B,
	0x17171516,0x1A1A1918,0x18171716,0x1D1B1A19,0x1A181817,0x1E1E1D1B,0x1B1A1A19,0x1F1F1E1D,
	0x1E1D1A1A,0x00001F1E,0x1F1E1E1C,0x0000001F,0x001F1E1E,0x00000000,0x0000001F,0x01000000,
	0x1F1E1E1D,0x00000000,0x00001F1E,0x01000000,0x00001F00,0x01010000,0x00000000,0x02010100,
	0x01000000,0x03020201,0x01010000,0x03030202,0x02010101,0x05040303,0x03020201,0x05040403,
	0x02020101,0x05040403,0x03020201,0x06050404,0x04030302,0x07060504,0x04040303,0x08070605,
	0x05050403,0x08080706,0x07060504,0x09080807,0x07070605,0x09090808,0x08070706,0x09090909,

	0x08070706,0x09090909,0x09080707,0x09090909,0x09090807,0x09090909,0x09090808,0x0A090909,
	0x09090908,0x0A0A0909,0x09090909,0x0B0A0A09,0x09090909,0x0C0B0A0A,0x0A090909,0x0D0C0B0A,
	0x0B0A0909,0x0E0D0D0B,0x0B0A0A0A,0x0F0E0D0C,0x0C0C0A0A,0x0F0F0E0D,0x0D0C0B0A,0x100F0F0E,
	0x0E0D0C0B,0x11100F0E,0x0E0E0D0C,0x1110100F,0x0F0E0D0D,0x13111010,0x100F0E0E,0x13121210,
	0x1110100F,0x14141312,0x1311100F,0x14141413,0x13121110,0x14141413,0x14131211,0x15141414,
	0x14131311,0x14141414,0x14141312,0x15141414,0x14141414,0x15151414,0x14141414,0x16141514,
	0x15141414,0x18171516,0x15151414,0x19171716,0x16151514,0x1A181716,0x16151514,0x1B191816,
	0x17161615,0x1C1B1917,0x17161615,0x1E1B1A19,0x18171616,0x1E1D1B1A,0x19181716,0x1F1E1D1A,

	0x1E1E1A1A,0x0000001F,0x1F1E1C1B,0x01000000,0x001F1D1B,0x01000000,0x001F1E1D,0x01010000,
	0x0000001E,0x02010100,0x0000001F,0x02020100,0x0000001F,0x03020101,0x01000000,0x03030202,
	0x03020201,0x07060504,0x04030201,0x07070605,0x04030302,0x08070605,0x05040302,0x08080706,
	0x05040303,0x09080707,0x06050404,0x09080807,0x07060504,0x09090807,0x07060504,0x09090908,
	0x09090808,0x0A0A0909,0x09090909,0x0B0A0A09,0x09090909,0x0B0A0A09,0x09090909,0x0C0B0A0A,
	0x09090909,0x0D0B0B0A,0x0A090909,0x0D0C0B0A,0x0A090909,0x0E0D0C0B,0x0A0A0909,0x0E0D0D0B,
	0x0E0E0D0C,0x1310110F,0x0F0E0D0C,0x12121110,0x0F0F0E0D,0x14121110,0x100F0E0D,0x14121211,
	0x100F0F0E,0x14141211,0x11100F0E,0x14141312,0x11100F0F,0x14141312,0x1211100F,0x14141413,

	0x14141413,0x16151514,0x14141414,0x16161514,0x14141414,0x16161515,0x14141414,0x17161615,
	0x15141414,0x18161615,0x15141414,0x18171615,0x15151414,0x19181716,0x16151414,0x1A181716,
	0x0E0F0F10,0x0A0B0C0D,0x0E0F1011,0x0A0B0D0D,0x0F101011,0x0B0C0D0E,0x0F101013,0x0C0D0E0F,
	0x10111213,0x0D0D0E0F,0x10111214,0x0D0E0F10,0x11121314,0x0E0F0F10,0x12121414,0x0E0F1011,
	0x0909090A,0x07080909,0x0909090A,0x07080909,0x09090A0A,0x08090909,0x090A0A0B,0x09090909,
	0x090A0A0B,0x08090909,0x0A0A0B0C,0x09090909,0x0A0B0C0D,0x0909090A,0x0B0B0D0E,0x0909090A,
	0x03040506,0x01010203,0x04050607,0x01020303,0x05060707,0x02020304,0x05060708,0x02030404,
	0x06070809,0x03030405,0x07070908,0x03040506,0x07080909,0x04050607,0x08090909,0x05060707,

	0x1F000000,0x1A1B1D1E,0x00000000,0x1B1C1E1F,0x00000001,0x1C1E1F00,0x00000101,0x1E1E0000,
	0x00010102,0x1F000000,0x01010203,0x00000000,0x01020303,0x00000000,0x02020304,0x00000001,
	0x16161718,0x14141515,0x16171819,0x14151516,0x1618191B,0x15151616,0x18191B1C,0x15161617,
	0x191B1C1D,0x16161618,0x1A1B1D1E,0x16171719,0x1B1D1F1F,0x1617191A,0x1D1E0000,0x17191A1B,
	0x14141414,0x10111213,0x14141414,0x11121213,0x14141414,0x11131314,0x14141415,0x13141414,
	0x14141515,0x13141414,0x14151516,0x14141414,0x15151616,0x14141414,0x15161517,0x14141415,
	0x0E0E0F10,0x0A0B0C0D,0x0E0F0F10,0x0B0C0D0E,0x0F0F1011,0x0C0D0E0E,0x10111113,0x0D0E0E0F,
	0x10111213,0x0E0E0F10,0x12121214,0x0F0F1010,0x12131414,0x0F101011,0x14141414,0x10101113,

	0x0909090A,0x09080909,0x090A0A0A,0x09090909,0x0A0A0A0B,0x09090909,0x0A0B0B0C,0x0909090A,
	0x0B0B0D0D,0x09090A0A,0x0C0D0D0E,0x0A0A0A0B,0x0D0D0E0F,0x0A0A0B0C,0x0E0E0F0F,0x0B0B0C0D,
	0x07070808,0x04040506,0x07080809,0x05050607,0x08090909,0x06060707,0x09080909,0x07070708,
	0x09090909,0x07080909,0x09090909,0x08090909,0x0909090A,0x09090909,0x09090A0A,0x09090909,
	0x02020303,0x00000101,0x03030304,0x01010102,0x03040405,0x01020203,0x04050506,0x02030304,
	0x05060607,0x03030404,0x06070708,0x04040506,0x07070809,0x05050607,0x08080909,0x06070707,
	0x00000000,0x1E1E1F1F,0x00000000,0x1F1F0000,0x00000101,0x00000000,0x01010102,0x00000000,
	0x01020203,0x00000101,0x02030303,0x01010102,0x03030404,0x01020203,0x04040505,0x02030303,

	0x1A1B1B1D,0x1718181A,0x1B1D1E1E,0x191A1A1B,0x1E1E1F1F,0x1A1B1D1E,0x1F000000,0x1D1E1E1F,
	0x00000000,0x1F1F001F,0x00000000,0x00000000,0x00000101,0x00000000,0x01010202,0x00000001,
	0x16161717,0x15161616,0x17171819,0x16161716,0x19191A1B,0x17171818,0x1A1B1B1B,0x18191A1A,
	0x1D1D1E1E,0x1A1A1A1C,0x1E1F1F1F,0x1C1D1E1E,0x00000000,0x1E1E1F1F,0x00000000,0x1F000000,
	0x15151515,0x14141415,0x15161616,0x15151516,0x16161617,0x16161616,0x17171818,0x16171617,
	0x19191A1A,0x17181818,0x1A1B1B1C,0x1A191A1A,0x1D1D1E1E,0x1B1B1C1C,0x1E1F1F1F,0x1E1E1E1E,
	0x14141415,0x14141414,0x15151515,0x15151515,0x15161615,0x15151515,0x16161616,0x16161616,
	0x17171717,0x16171617,0x18191919,0x18181818,0x1A1B1B1A,0x1A1A1A1A,0x1D1D1D1D,0x1B1B1B1C,

	0x14141414,0x14141414,0x14141414,0x15151514,0x15151615,0x15151515,0x16161615,0x16161616,
	0x16171617,0x17161617,0x18181818,0x18181818,0x1A1A1A1A,0x1A1A1A1A,0x1B1B1B1B,0x1C1C1B1C,
	0x15141414,0x15151414,0x15151515,0x15151515,0x16151615,0x16161615,0x16161616,0x17161716,
	0x17171717,0x18181817,0x19191919,0x1A1A1919,0x1B1B1B1A,0x1B1C1B1B,0x1D1D1D1D,0x1E1F1E1D,
	0x15151515,0x16161516,0x16161615,0x17161616,0x17161616,0x18181717,0x17181717,0x1A191918,
	0x1A1A1919,0x1C1B1A1A,0x1B1B1A1B,0x1E1D1D1C,0x1E1E1D1D,0x1F1F1E1E,0x001F1F1E,0x0000001F,
	0x17171616,0x19191817,0x19181717,0x1B1B1A19,0x1A1A1918,0x1D1C1B1B,0x1C1B1A1B,0x1F1E1E1D,
	0x1E1E1D1D,0x001F1F1F,0x1F1F1F1F,0x00000000,0x0000001F,0x00000000,0x00000000,0x01000000,

	0x1D1D1A1A,0x001F1E1E,0x1E1E1E1C,0x00001F00,0x001F1E1F,0x00000000,0x0000001F,0x00000000,
	0x00000000,0x01010000,0x00000000,0x02010101,0x01010100,0x03020201,0x02020101,0x03030302,
	0x00000000,0x01010100,0x00000000,0x02020101,0x01010000,0x03030202,0x02010101,0x04030302,
	0x03020201,0x05040403,0x03030302,0x06050404,0x04040303,0x07060605,0x06050404,0x08070706,
	0x03030302,0x06050504,0x04040303,0x07070605,0x05050403,0x07070706,0x06060504,0x09080707,
	0x07070605,0x08090808,0x08070707,0x09090908,0x09080807,0x09090909,0x09090808,0x09090909,
	0x09080707,0x09090908,0x09080808,0x09090909,0x09090809,0x0A090909,0x09090909,0x0A0A0909,
	0x09090909,0x0B0A0A09,0x09090909,0x0C0B0A0A,0x0A0A0909,0x0C0C0B0A,0x0B0A0A09,0x0E0D0C0B,

	0x0A0A0909,0x0E0D0C0B,0x0B0A0A09,0x0E0E0C0C,0x0C0C0A0A,0x0F0E0E0D,0x0D0C0B0A,0x100F0E0E,
	0x0E0D0C0B,0x10100F0E,0x0F0E0D0D,0x1110100F,0x0F0F0E0D,0x12121010,0x100F0E0E,0x13131111,
	0x10100F0E,0x14131211,0x11100F0F,0x14141212,0x12111110,0x14141413,0x12121110,0x14141414,
	0x14121211,0x14141414,0x14141312,0x14141414,0x14141413,0x15141414,0x14141413,0x15151414,
	0x14141414,0x15161515,0x14141414,0x16161614,0x15141414,0x17161615,0x15151514,0x18171616,
	0x16151514,0x1A181716,0x16161515,0x1A191817,0x16161615,0x1D1B1918,0x18171616,0x1E1C1A19,
	0x1B191717,0x00001E1D,0x1C1A1917,0x001F1F1E,0x1D1B1A19,0x00001F1E,0x1F1D1B1A,0x0000001F,
	0x1F1E1C1A,0x00000000,0x001F1E1D,0x01000000,0x00001F1E,0x01010000,0x00001F1F,0x02020100,

	0x01000000,0x05030302,0x01010000,0x05040302,0x02010100,0x05040403,0x03020101,0x06050403,
	0x03030201,0x07060504,0x04030201,0x07070605,0x04040302,0x08070605,0x05040303,0x08080706,
	0x08070605,0x09090809,0x08070706,0x09090909,0x09080707,0x09090909,0x09080807,0x0A090909,
	0x09090907,0x0A090909,0x09090808,0x0A0A0909,0x09090909,0x0B0A0A09,0x09090909,0x0B0A0A09,
	0x0B0A0A09,0x0F0E0D0C,0x0B0A0A09,0x0F0E0E0D,0x0C0C0A0A,0x100F0E0D,0x0D0C0B0A,0x100F0F0E,
	0x0D0D0B0A,0x11100F0E,0x0E0D0C0B,0x1110100F,0x0F0E0D0C,0x1211100F,0x0F0E0D0D,0x13121110,
	0x1311110F,0x14141413,0x13121110,0x14141414,0x14131110,0x14141414,0x14131212,0x15141414,
	0x14141312,0x15141414,0x14141313,0x15151414,0x14141413,0x16151414,0x14141414,0x16151514,

	0x16151514,0x1B191816,0x16161514,0x1C1A1917,0x16161515,0x1E1A1A18,0x17161615,0x1E1C1A19,
	0x18171616,0x1F1D1B19,0x19171616,0x1F1E1D1A,0x1A181716,0x001F1E1B,0x1A191716,0x001F1E1D,
	0x13131414,0x0F101011,0x14141414,0x0F111112,0x14141414,0x10111213,0x14141414,0x10121313,
	0x14141414,0x11131314,0x14141415,0x13141414,0x14141515,0x12141414,0x14141516,0x14141414,
	0x0B0D0D0E,0x09090A0A,0x0C0D0E0F,0x090A0A0C,0x0D0E0F0F,0x0A0A0B0C,0x0E0E0F10,0x0A0B0C0D,
	0x0E0F1010,0x0B0B0D0D,0x0F0F1111,0x0C0C0D0E,0x0F111112,0x0C0D0E0F,0x10111212,0x0D0E0F0F,
	0x08090909,0x05060708,0x09090909,0x06070808,0x09090909,0x07080909,0x0909090A,0x07080809,
	0x0909090A,0x08090909,0x09090A0A,0x09090909,0x090A0B0B,0x08090909,0x0A0A0B0C,0x09090909,

	0x02030404,0x00000102,0x03040405,0x00010102,0x03040506,0x01010203,0x05050607,0x01020303,
	0x05060707,0x02020404,0x06070708,0x03030505,0x07070809,0x03040506,0x07080809,0x04050607,
	0x1E1F0000,0x191A1B1E,0x1F000000,0x1A1B1D1E,0x00000000,0x1B1D1E1F,0x00000001,0x1D1E0000,
	0x00000102,0x1E1F0000,0x00010102,0x1F000000,0x01010203,0x00000000,0x01020303,0x00000001,
	0x16161717,0x14141515,0x16171718,0x14151516,0x1617191A,0x15151616,0x18191A1B,0x15161617,
	0x191A1B1D,0x16161618,0x1B1B1D1F,0x16171819,0x1B1E1E1F,0x1718191B,0x1E1F1F00,0x181A1B1C,
	0x14141414,0x11121313,0x14141414,0x11131314,0x14141414,0x13131414,0x14141415,0x14141414,
	0x14151515,0x14141414,0x15151516,0x14141414,0x15161616,0x14141415,0x16151717,0x14141515,

	0x0E0F1010,0x0C0D0D0E,0x0F101011,0x0D0D0E0F,0x10101112,0x0E0E0F0F,0x11121214,0x0F0F0F10,
	0x12131314,0x0F101111,0x12131414,0x10101112,0x14141414,0x11121213,0x14141414,0x12131314,
	0x0A0A0A0B,0x09090909,0x0A0B0B0C,0x0909090A,0x0B0C0D0D,0x090A0A0A,0x0C0D0D0E,0x0A0A0B0B,
	0x0D0E0E0F,0x0B0B0C0D,0x0E0F0F0F,0x0B0C0D0D,0x0F0F1010,0x0D0D0E0E,0x10101111,0x0E0E0F0F,
	0x09090909,0x07070808,0x09090909,0x08080908,0x09090909,0x09080909,0x0909090A,0x09090909,
	0x090A0A0A,0x09090909,0x0A0A0A0B,0x09090909,0x0A0B0B0C,0x09090A0A,0x0B0C0D0D,0x0A0A0B0B,
	0x05050607,0x03030404,0x06070707,0x04040505,0x07070808,0x05060607,0x08080908,0x06070707,
	0x09080909,0x07070808,0x09090909,0x08090908,0x09090909,0x08090909,0x09090909,0x09090909,

	0x02020203,0x01010101,0x03030304,0x01020202,0x03040405,0x02030204,0x04050506,0x03040404,
	0x06060707,0x04040505,0x07070708,0x05060606,0x08080809,0x07070707,0x09080909,0x07080808,
	0x00000000,0x00000000,0x00010101,0x00000000,0x01010202,0x00010101,0x02020303,0x01010202,
	0x03040304,0x02020302,0x04040405,0x03030404,0x05050606,0x04040405,0x06070707,0x05050606,
	0x00000000,0x1F1F1F00,0x00000000,0x00000000,0x00000000,0x00000000,0x01010101,0x00000001,
	0x01010202,0x01010201,0x02030302,0x02020202,0x03030404,0x03020304,0x04040505,0x04040404,
	0x1E1F1F1F,0x1E1F1E1E,0x00001F00,0x1F001F00,0x00000000,0x00000000,0x00000000,0x00000000,
	0x01010101,0x00000101,0x01020102,0x02010101,0x02030302,0x02020202,0x04030304,0x04030403,

	0x1E1E1F1E,0x1E1E1F1E,0x1F001F1F,0x00001F1F,0x00000000,0x00000000,0x00000000,0x00000000,
	0x00000000,0x01010000,0x01020101,0x01010102,0x02020202,0x02020202,0x03030303,0x03040304,
	0x1F1F1E1E,0x1F1F1F00,0x1F000000,0x00000000,0x00000000,0x00000000,0x00000000,0x00000000,
	0x01010101,0x02010101,0x02020101,0x02020202,0x03020303,0x03030302,0x03030303,0x05040404,
	0x00000000,0x00000000,0x00000000,0x00000000,0x00000000,0x01010100,0x01010101,0x02020101,
	0x02020201,0x02030202,0x03020302,0x04030303,0x04040303,0x05050404,0x05050405,0x06060505,
	0x00000000,0x01010101,0x01010100,0x02020201,0x02020201,0x03030302,0x03030202,0x05040303,
	0x04030303,0x05050505,0x05040504,0x06060605,0x06060505,0x07060706,0x07070606,0x08080808,

	0x02030202,0x04040403,0x04040303,0x06050404,0x05040403,0x07060605,0x06050504,0x07070706,
	0x07070606,0x09080707,0x08070707,0x09080908,0x08090808,0x09090809,0x09090809,0x09090909,
	0x07060505,0x09080707,0x07070706,0x08090908,0x08080707,0x09090809,0x09080908,0x09090909,
	0x09090908,0x09090909,0x09090909,0x0A090909,0x09090909,0x0A0A0A09,0x0A090909,0x0B0A0A0A,
	0x09090909,0x09090909,0x09090909,0x0A0A0909,0x09090909,0x0B0A0A0A,0x0A090909,0x0C0B0A0A,
	0x0A0A0A09,0x0D0C0B0B,0x0B0B0A0A,0x0E0D0D0C,0x0C0B0B0A,0x0F0E0E0D,0x0D0D0C0B,0x0F0F0E0E,
	0x0B0B0A0A,0x0E0E0D0C,0x0D0C0B0A,0x0F0E0E0D,0x0D0D0C0B,0x100F0F0E,0x0E0E0D0D,0x11100F0F,
	0x0F0F0E0D,0x12111010,0x100F0F0E,0x13121110,0x11100F0F,0x13131211,0x12111010,0x14141313,

	0x1010100F,0x14141212,0x1211100F,0x14141313,0x13121110,0x14141413,0x13131211,0x14141414,
	0x14141312,0x14141414,0x14141413,0x14151414,0x14141414,0x15151414,0x14141414,0x15151514,
	0x14141414,0x16151514,0x15141414,0x16161515,0x15141414,0x17161615,0x15151415,0x18161616,
	0x16151514,0x19181716,0x16161515,0x1B191816,0x17161516,0x1C1B1918,0x18171716,0x1E1C1A1A,
	0x19171716,0x1E1E1D1B,0x1A191916,0x1F1E1E1B,0x1C1A1918,0x00001E1D,0x1E1B1A19,0x00001F1E,
	0x1F1D1B1B,0x0000001F,0x1F1E1E1C,0x00000000,0x001F1E1D,0x01000000,0x00001F1F,0x02010000,
	0x00000000,0x02020101,0x00000000,0x03030201,0x01000000,0x04030202,0x02010000,0x04040302,
	0x02020100,0x05040403,0x03020101,0x06050403,0x03030201,0x07060505,0x04030302,0x07070605,

	0x06050503,0x09090707,0x07060504,0x09090807,0x07070605,0x09090908,0x08070605,0x09090908,
	0x08080706,0x09090909,0x09090807,0x09090909,0x09080807,0x0A090909,0x09090908,0x0A090909,
	0x09090909,0x0C0B0A0A,0x0A090909,0x0D0C0B0A,0x0A090909,0x0E0D0B0B,0x0A0A0A09,0x0E0D0D0B,
	0x0C0A0A09,0x0F0E0D0C,0x0C0B0A0A,0x0F0F0E0D,0x0D0B0B0A,0x100F0E0D,0x0E0C0B0B,0x10100F0E,
	0x0F0F0E0D,0x13131110,0x100F0F0E,0x13131211,0x11100F0E,0x14141312,0x1110100F,0x14141313,
	0x1311110F,0x14141413,0x13121110,0x14141414,0x14121210,0x14141414,0x14131311,0x14141414,
	0x14141414,0x16161515,0x14141414,0x17161515,0x15141414,0x17161615,0x15141514,0x18171616,
	0x16151414,0x19181616,0x16151514,0x1A191716,0x16161515,0x1B1A1817,0x17161515,0x1D1A1918,

	0x1D1A1917,0x00001F1E,0x1E1A1A18,0x0000001E,0x1E1C1B18,0x0000001F,0x1F1D1B1A,0x00000000,
	0x1F1E1D1B,0x01000000,0x001F1E1C,0x01010000,0x001F1F1E,0x02010000,0x00001F1E,0x02010100,
	0x14151616,0x14141414,0x15151616,0x14141414,0x15161617,0x14141415,0x16161718,0x14141415,
	0x16161819,0x14151515,0x1717191A,0x14151615,0x17191A1B,0x15151616,0x181A1A1D,0x15161617,
	0x11121313,0x0E0E0F10,0x11121313,0x0E0F1010,0x12131414,0x0F101011,0x14141414,0x0F111112,
	0x14141414,0x10111213,0x14141414,0x11121313,0x14141414,0x12121314,0x14141415,0x12131414,
	0x0A0B0C0D,0x0909090A,0x0B0C0D0E,0x09090A0A,0x0B0D0D0E,0x090A0A0B,0x0D0D0E0F,0x0A0A0B0B,
	0x0D0E0F10,0x0A0B0B0D,0x0E0F0F10,0x0B0B0D0D,0x0F0F1011,0x0B0D0D0E,0x0F101112,0x0D0D0E0F,

	0x08090909,0x05060707,0x09080909,0x06070708,0x09090909,0x07070808,0x09090909,0x07080909,
	0x0909090A,0x08080909,0x09090A0A,0x09090909,0x090A0A0B,0x09090909,0x0A0A0B0B,0x09090909,
	0x02030304,0x00000101,0x03030405,0x00010102,0x04040506,0x01010302,0x04050607,0x02020303,
	0x05060707,0x02030304,0x06070708,0x03040405,0x07070808,0x04040506,0x07080909,0x04050607,
	0x1F1F0000,0x1A1A1C1E,0x1F000000,0x1B1D1E1F,0x00000000,0x1E1E1F00,0x00000101,0x1E1F0000,
	0x00010102,0x1F000000,0x01010202,0x00000000,0x01020303,0x00000001,0x02030304,0x00000101,
	0x16171718,0x15151516,0x1718181A,0x15161516,0x18191A1B,0x15161717,0x1A1A1D1E,0x17171717,
	0x1A1D1E1F,0x1717191A,0x1D1F1F1F,0x18191B1B,0x1E1F0000,0x1A1B1C1E,0x1F000000,0x1B1C1D1F,

	0x14141414,0x13141414,0x14141415,0x14141414,0x14151515,0x14141414,0x15151615,0x14141414,
	0x15161616,0x14141415,0x16161617,0x14151516,0x16171819,0x15151615,0x1718191A,0x16151617,
	0x10111213,0x0F0F0F10,0x12121313,0x0F101011,0x13131413,0x10111112,0x14141414,0x11121213,
	0x14141414,0x12131314,0x14141414,0x13141414,0x14141415,0x14141414,0x14141515,0x14141414,
	0x0D0D0E0E,0x0A0B0B0C,0x0E0E0E0F,0x0B0C0D0D,0x0E0F0F10,0x0D0D0E0E,0x0F101011,0x0E0E0E0F,
	0x10101112,0x0F0F0F10,0x11111312,0x0F101011,0x12131314,0x10101112,0x13141414,0x11121312,
	0x090A0A0A,0x09090909,0x0A0A0A0B,0x0909090A,0x0B0B0B0C,0x0A0A0A0A,0x0B0C0D0D,0x0A0A0B0B,
	0x0D0D0E0E,0x0B0B0C0D,0x0E0E0F0F,0x0C0D0D0D,0x0F0F0F10,0x0D0E0E0E,0x10101011,0x0E0F0F0F,

	0x09090909,0x08080908,0x09090909,0x09090909,0x09090909,0x09090909,0x09090A0A,0x09090909,
	0x0A0A0A0B,0x0909090A,0x0B0B0B0C,0x0A0A0A0A,0x0C0C0D0D,0x0A0B0B0B,0x0D0D0E0E,0x0C0C0C0D,
	0x07070808,0x06070707,0x08090908,0x07070808,0x09080909,0x08090908,0x09090909,0x09090909,
	0x09090909,0x09090909,0x0909090A,0x09090909,0x0A0A0A0A,0x0909090A,0x0A0B0B0B,0x0A0A0A0A,
	0x05060606,0x05050505,0x07070707,0x06060607,0x07080808,0x07070707,0x09090809,0x08080809,
	0x08090909,0x09080909,0x09090909,0x09090909,0x09090909,0x09090909,0x090A0A0A,0x09090909,
	0x04050405,0x04040504,0x06060606,0x05050505,0x07070607,0x07070607,0x07080808,0x08070708,
	0x08090809,0x08090909,0x09090909,0x09090809,0x09090909,0x09090909,0x09090909,0x09090909,

	0x04040405,0x05040404,0x05050505,0x05050505,0x07070706,0x07070607,0x07070707,0x07070708,
	0x09090909,0x09090908,0x09080908,0x09080908,0x09090909,0x09090909,0x09090909,0x09090909,
	0x05050505,0x05050505,0x06060605,0x07060606,0x07060707,0x07070707,0x08080708,0x08080808,
	0x09080909,0x09090909,0x09090909,0x09090909,0x09090909,0x09090909,0x09090909,0x09090909,
	0x06060605,0x07060706,0x07070706,0x08070807,0x08080708,0x09090908,0x08090809,0x09090809,
	0x09090908,0x09090909,0x09090909,0x09090909,0x09090909,0x0A090909,0x0A0A0909,0x0A0A0A0A,
	0x08070807,0x08090908,0x09080908,0x09090908,0x09090908,0x09090909,0x09090909,0x09090909,
	0x09090909,0x0A0A0909,0x0A090909,0x0A0A0A0A,0x0A0A0A0A,0x0B0B0B0A,0x0B0B0B0A,0x0D0C0C0B,

	0x09090909,0x09090909,0x09090909,0x0A090909,0x09090909,0x0A0A0A0A,0x0A0A0909,0x0B0B0A0A,
	0x0B0A0A0A,0x0D0C0B0B,0x0C0B0B0B,0x0E0D0D0C,0x0D0D0C0C,0x0E0E0E0D,0x0E0E0D0D,0x0F0F0F0E,
	0x0A0A0A09,0x0C0B0B0A,0x0B0A0A0A,0x0D0D0C0B,0x0C0B0B0B,0x0E0E0D0D,0x0D0D0C0C,0x0F0F0E0E,
	0x0E0E0D0D,0x100F0F0F,0x0F0F0E0E,0x1110100F,0x100F0F0F,0x12111111,0x11101010,0x13131211,
	0x0E0E0D0D,0x10100F0F,0x0F0F0E0E,0x1110100F,0x100F0F0F,0x12121110,0x1110100F,0x13131211,
	0x12111111,0x14141313,0x13131211,0x14141413,0x14131313,0x14141414,0x14141413,0x14141414,
	0x13121111,0x14141413,0x14131312,0x14141414,0x14141313,0x14141414,0x14141414,0x14141414,
	0x14141414,0x15151514,0x14141414,0x16151514,0x15151414,0x16161515,0x15151415,0x17161616,

	0x15141414,0x16161515,0x15141414,0x16161615,0x15151515,0x18171616,0x16161515,0x19181717,
	0x17161516,0x1B1A1817,0x18171616,0x1D1A1A19,0x19181716,0x1E1E1B1B,0x1A1A1918,0x1F1E1E1B,
	0x1A181717,0x1F1E1D1A,0x1B1A1817,0x001E1E1D,0x1C1B1A19,0x00001F1E,0x1E1E1B1B,0x0000001F,
	0x001E1D1B,0x00000000,0x001F1F1E,0x01000000,0x0000001F,0x01010000,0x0000001F,0x01010100,
	0x0000001F,0x02010100,0x00000000,0x03020101,0x01000000,0x03030202,0x02010000,0x04040202,
	0x02020101,0x05040303,0x03020201,0x06050504,0x04030302,0x07060504,0x04040303,0x07070605,
	0x05050303,0x08070706,0x06050403,0x08080707,0x07060505,0x09090807,0x07070605,0x09090808,
	0x08070706,0x09090909,0x09080707,0x09090908,0x08090807,0x09090909,0x09090908,0x0A090909,

	0x09090909,0x0A0A0909,0x09090909,0x0C0A0A09,0x09090909,0x0C0B0A0A,0x0A090909,0x0D0C0B0A,
	0x0A0A0909,0x0E0D0C0B,0x0B0A0A09,0x0E0E0C0C,0x0B0B0A0A,0x0F0E0D0D,0x0D0B0B0A,0x100F0E0D,
	0x0E0D0C0B,0x11110F0F,0x0F0E0D0C,0x12111010,0x0F0F0E0D,0x1312110F,0x100F0E0E,0x13131211,
	0x10100F0E,0x14131211,0x1111100F,0x14141313,0x1211100F,0x14141414,0x12121110,0x14141414,
	0x14141313,0x15141414,0x14141413,0x15151414,0x14141413,0x15151514,0x14141414,0x16161514,
	0x14141414,0x16161515,0x15141414,0x17161615,0x15151414,0x18161616,0x15151415,0x19181716,
	0x17161615,0x1E1D1B19,0x18171616,0x1F1D1B1A,0x19181716,0x1F1E1D1B,0x1A1A1717,0x001F1E1C,
	0x1B1A1817,0x00001F1E,0x1E1B1A18,0x00001F1E,0x1E1D1A1A,0x0000001F,0x1F1E1C1B,0x00000000,

	0x0000001F,0x03020100,0x00000000,0x03020201,0x01000000,0x04030201,0x01010000,0x04030302,
	0x02010000,0x05040302,0x02010100,0x06040403,0x03020101,0x06050503,0x03030201,0x07060504,
};

const unsigned short rainbow_imageMap[1024] __attribute__((aligned(4))) __attribute__((visibility("hidden")))=
{
	0x0001,0x0002,0x0003,0x0004,0x0005,0x0006,0x0007,0x0008,
	0x0009,0x000A,0x000B,0x000C,0x000D,0x000E,0x000F,0x0010,
	0x0011,0x0012,0x0013,0x0014,0x0015,0x0016,0x0017,0x0018,
	0x0019,0x001A,0x001B,0x001C,0x001D,0x001E,0x001F,0x0020,
	0x0021,0x0022,0x0023,0x0024,0x0025,0x0026,0x0027,0x0028,
	0x0029,0x002A,0x002B,0x002C,0x002D,0x002E,0x002F,0x0030,
	0x0031,0x0032,0x0033,0x0034,0x0035,0x0036,0x0037,0x0038,
	0x0039,0x003A,0x003B,0x003C,0x003D,0x003E,0x003F,0x0040,

	0x0041,0x0042,0x0043,0x0044,0x0045,0x0046,0x0047,0x0048,
	0x0049,0x004A,0x004B,0x004C,0x004D,0x004E,0x004F,0x0050,
	0x0051,0x0052,0x0053,0x0054,0x0055,0x0056,0x0057,0x0058,
	0x0059,0x005A,0x005B,0x005C,0x005D,0x005E,0x005F,0x0060,
	0x0061,0x0062,0x0063,0x0064,0x0065,0x0066,0x0067,0x0068,
	0x0069,0x006A,0x006B,0x006C,0x006D,0x006E,0x006F,0x0070,
	0x0071,0x0072,0x0073,0x0074,0x0075,0x0076,0x0077,0x0078,
	0x0079,0x007A,0x007B,0x007C,0x007D,0x007E,0x007F,0x0080,

	0x0081,0x0082,0x0083,0x0084,0x0085,0x0086,0x0087,0x0088,
	0x0089,0x008A,0x008B,0x008C,0x008D,0x008E,0x008F,0x0090,
	0x0091,0x0092,0x0093,0x0094,0x0095,0x0096,0x0097,0x0098,
	0x0099,0x009A,0x009B,0x009C,0x009D,0x009E,0x009F,0x00A0,
	0x00A1,0x00A2,0x00A3,0x00A4,0x00A5,0x00A6,0x00A7,0x00A8,
	0x00A9,0x00AA,0x00AB,0x00AC,0x00AD,0x00AE,0x00AF,0x00B0,
	0x00B1,0x00B2,0x00B3,0x00B4,0x00B5,0x00B6,0x00B7,0x00B8,
	0x00B9,0x00BA,0x00BB,0x00BC,0x00BD,0x00BE,0x00BF,0x00C0,

	0x00C1,0x00C2,0x00C3,0x00C4,0x00C5,0x00C6,0x00C7,0x00C8,
	0x00C9,0x00CA,0x00CB,0x00CC,0x00CD,0x00CE,0x00CF,0x00D0,
	0x00D1,0x00D2,0x00D3,0x00D4,0x00D5,0x00D6,0x00D7,0x00D8,
	0x00D9,0x00DA,0x00DB,0x00DC,0x00DD,0x00DE,0x00DF,0x00E0,
	0x00E1,0x00E2,0x00E3,0x00E4,0x00E5,0x00E6,0x00E7,0x00E8,
	0x00E9,0x00EA,0x00EB,0x00EC,0x00ED,0x00EE,0x00EF,0x00F0,
	0x00F1,0x00F2,0x00F3,0x00F4,0x00F5,0x00F6,0x00F7,0x00F8,
	0x00F9,0x00FA,0x00FB,0x00FC,0x00FD,0x00FE,0x00FF,0x0100,

	0x0101,0x0102,0x0103,0x0104,0x0105,0x0106,0x0107,0x0108,
	0x0109,0x010A,0x010B,0x010C,0x010D,0x010E,0x010F,0x0110,
	0x0111,0x0112,0x0113,0x0114,0x0115,0x0116,0x0117,0x0118,
	0x0119,0x011A,0x011B,0x011C,0x011D,0x011E,0x011F,0x0120,
	0x0121,0x0122,0x0123,0x0124,0x0125,0x0126,0x0127,0x0128,
	0x0129,0x012A,0x012B,0x012C,0x012D,0x012E,0x012F,0x0130,
	0x0131,0x0132,0x0133,0x0134,0x0135,0x0136,0x0137,0x0138,
	0x0139,0x013A,0x013B,0x013C,0x013D,0x013E,0x013F,0x0140,

	0x0141,0x0142,0x0143,0x0144,0x0145,0x0146,0x0147,0x0148,
	0x0149,0x014A,0x014B,0x014C,0x014D,0x014E,0x014F,0x0150,
	0x0151,0x0152,0x0153,0x0154,0x0155,0x0156,0x0157,0x0158,
	0x0159,0x015A,0x015B,0x015C,0x015D,0x015E,0x015F,0x0160,
	0x0161,0x0162,0x0163,0x0164,0x0165,0x0166,0x0167,0x0168,
	0x0169,0x016A,0x016B,0x016C,0x016D,0x016E,0x016F,0x0170,
	0x0171,0x0172,0x0173,0x0174,0x0175,0x0176,0x0177,0x0178,
	0x0179,0x017A,0x017B,0x017C,0x017D,0x017E,0x017F,0x0180,

	0x0181,0x0182,0x0183,0x0184,0x0185,0x0186,0x0187,0x0188,
	0x0189,0x018A,0x018B,0x018C,0x018D,0x018E,0x018F,0x0190,
	0x0191,0x0192,0x0193,0x0194,0x0195,0x0196,0x0197,0x0198,
	0x0199,0x019A,0x019B,0x019C,0x019D,0x019E,0x019F,0x01A0,
	0x01A1,0x01A2,0x01A3,0x01A4,0x01A5,0x01A6,0x01A7,0x01A8,
	0x01A9,0x01AA,0x01AB,0x01AC,0x01AD,0x01AE,0x01AF,0x01B0,
	0x01B1,0x01B2,0x01B3,0x01B4,0x01B5,0x01B6,0x01B7,0x01B8,
	0x01B9,0x01BA,0x01BB,0x01BC,0x01BD,0x01BE,0x01BF,0x01C0,

	0x01C1,0x01C2,0x01C3,0x01C4,0x01C5,0x01C6,0x01C7,0x01C8,
	0x01C9,0x01CA,0x01CB,0x01CC,0x01CD,0x01CE,0x01CF,0x01D0,
	0x01D1,0x01D2,0x01D3,0x01D4,0x01D5,0x01D6,0x01D7,0x01D8,
	0x01D9,0x01DA,0x01DB,0x01DC,0x01DD,0x01DE,0x01DF,0x01E0,
	0x01E1,0x01E2,0x01E3,0x01E4,0x01E5,0x01E6,0x01E7,0x01E8,
	0x01E9,0x01EA,0x01EB,0x01EC,0x01ED,0x01EE,0x01EF,0x01F0,
	0x01F1,0x01F2,0x01F3,0x01F4,0x01F5,0x01F6,0x01F7,0x01F8,
	0x01F9,0x01FA,0x01FB,0x01FC,0x01FD,0x01FE,0x01FF,0x0200,

	0x0201,0x0202,0x0203,0x0204,0x0205,0x0206,0x0207,0x0208,
	0x0209,0x020A,0x020B,0x020C,0x020D,0x020E,0x020F,0x0210,
	0x0211,0x0212,0x0213,0x0214,0x0215,0x0216,0x0217,0x0218,
	0x0219,0x021A,0x021B,0x021C,0x021D,0x021E,0x021F,0x0220,
	0x0221,0x0222,0x0223,0x0224,0x0225,0x0226,0x0227,0x0228,
	0x0229,0x022A,0x022B,0x022C,0x022D,0x022E,0x022F,0x0230,
	0x0231,0x0232,0x0233,0x0234,0x0235,0x0236,0x0237,0x0238,
	0x0239,0x023A,0x023B,0x023C,0x023D,0x023E,0x023F,0x0240,

	0x0241,0x0242,0x0243,0x0244,0x0245,0x0246,0x0247,0x0248,
	0x0249,0x024A,0x024B,0x024C,0x024D,0x024E,0x024F,0x0250,
	0x0251,0x0252,0x0253,0x0254,0x0255,0x0256,0x0257,0x0258,
	0x0259,0x025A,0x025B,0x025C,0x025D,0x025E,0x025F,0x0260,
	0x0261,0x0262,0x0263,0x0264,0x0265,0x0266,0x0267,0x0268,
	0x0269,0x026A,0x026B,0x026C,0x026D,0x026E,0x026F,0x0270,
	0x0271,0x0272,0x0273,0x0274,0x0275,0x0276,0x0277,0x0278,
	0x0279,0x027A,0x027B,0x027C,0x027D,0x027E,0x027F,0x0280,

	0x0281,0x0282,0x0283,0x0284,0x0285,0x0286,0x0287,0x0288,
	0x0289,0x028A,0x028B,0x028C,0x028D,0x028E,0x028F,0x0290,
	0x0291,0x0292,0x0293,0x0294,0x0295,0x0296,0x0297,0x0298,
	0x0299,0x029A,0x029B,0x029C,0x029D,0x029E,0x029F,0x02A0,
	0x02A1,0x02A2,0x02A3,0x02A4,0x02A5,0x02A6,0x02A7,0x02A8,
	0x02A9,0x02AA,0x02AB,0x02AC,0x02AD,0x02AE,0x02AF,0x02B0,
	0x02B1,0x02B2,0x02B3,0x02B4,0x02B5,0x02B6,0x02B7,0x02B8,
	0x02B9,0x02BA,0x02BB,0x02BC,0x02BD,0x02BE,0x02BF,0x02C0,

	0x02C1,0x02C2,0x02C3,0x02C4,0x02C5,0x02C6,0x02C7,0x02C8,
	0x02C9,0x02CA,0x02CB,0x02CC,0x02CD,0x02CE,0x02CF,0x02D0,
	0x02D1,0x02D2,0x02D3,0x02D4,0x02D5,0x02D6,0x02D7,0x02D8,
	0x02D9,0x02DA,0x02DB,0x02DC,0x02DD,0x02DE,0x02DF,0x02E0,
	0x02E1,0x02E2,0x02E3,0x02E4,0x02E5,0x02E6,0x02E7,0x02E8,
	0x02E9,0x02EA,0x02EB,0x02EC,0x02ED,0x02EE,0x02EF,0x02F0,
	0x02F1,0x02F2,0x02F3,0x02F4,0x02F5,0x02F6,0x02F7,0x02F8,
	0x02F9,0x02FA,0x02FB,0x02FC,0x02FD,0x02FE,0x02FF,0x0300,

	0x0000,0x0000,0x0000,0x0000,0x0000,0x0000,0x0000,0x0000,
	0x0000,0x0000,0x0000,0x0000,0x0000,0x0000,0x0000,0x0000,
	0x0000,0x0000,0x0000,0x0000,0x0000,0x0000,0x0000,0x0000,
	0x0000,0x0000,0x0000,0x0000,0x0000,0x0000,0x0000,0x0000,
	0x0000,0x0000,0x0000,0x0000,0x0000,0x0000,0x0000,0x0000,
	0x0000,0x0000,0x0000,0x0000,0x0000,0x0000,0x0000,0x0000,
	0x0000,0x0000,0x0000,0x0000,0x0000,0x0000,0x0000,0x0000,
	0x0000,0x0000,0x0000,0x0000,0x0000,0x0000,0x0000,0x0000,

	0x0000,0x0000,0x0000,0x0000,0x0000,0x0000,0x0000,0x0000,
	0x0000,0x0000,0x0000,0x0000,0x0000,0x0000,0x0000,0x0000,
	0x0000,0x0000,0x0000,0x0000,0x0000,0x0000,0x0000,0x0000,
	0x0000,0x0000,0x0000,0x0000,0x0000,0x0000,0x0000,0x0000,
	0x0000,0x0000,0x0000,0x0000,0x0000,0x0000,0x0000,0x0000,
	0x0000,0x0000,0x0000,0x0000,0x0000,0x0000,0x0000,0x0000,
	0x0000,0x0000,0x0000,0x0000,0x0000,0x0000,0x0000,0x0000,
	0x0000,0x0000,0x0000,0x0000,0x0000,0x0000,0x0000,0x0000,

	0x0000,0x0000,0x0000,0x0000,0x0000,0x0000,0x0000,0x0000,
	0x0000,0x0000,0x0000,0x0000,0x0000,0x0000,0x0000,0x0000,
	0x0000,0x0000,0x0000,0x0000,0x0000,0x0000,0x0000,0x0000,
	0x0000,0x0000,0x0000,0x0000,0x0000,0x0000,0x0000,0x0000,
	0x0000,0x0000,0x0000,0x0000,0x0000,0x0000,0x0000,0x0000,
	0x0000,0x0000,0x0000,0x0000,0x0000,0x0000,0x0000,0x0000,
	0x0000,0x0000,0x0000,0x0000,0x0000,0x0000,0x0000,0x0000,
	0x0000,0x0000,0x0000,0x0000,0x0000,0x0000,0x0000,0x0000,

	0x0000,0x0000,0x0000,0x0000,0x0000,0x0000,0x0000,0x0000,
	0x0000,0x0000,0x0000,0x0000,0x0000,0x0000,0x0000,0x0000,
	0x0000,0x0000,0x0000,0x0000,0x0000,0x0000,0x0000,0x0000,
	0x0000,0x0000,0x0000,0x0000,0x0000,0x0000,0x0000,0x0000,
	0x0000,0x0000,0x0000,0x0000,0x0000,0x0000,0x0000,0x0000,
	0x0000,0x0000,0x0000,0x0000,0x0000,0x0000,0x0000,0x0000,
	0x0000,0x0000,0x0000,0x0000,0x0000,0x0000,0x0000,0x0000,
	0x0000,0x0000,0x0000,0x0000,0x0000,0x0000,0x0000,0x0000,
};

//}}BLOCK(rainbow_image)
