
//{{BLOCK(shared)

//======================================================================
//
//	shared, 8x5584@8, 
//	Transparent color : 00,00,FF
//	+ palette 96 entries, not compressed
//	+ 698 tiles not compressed
//	Total size: 192 + 44672 = 44864
//
//	Time-stamp: 2026-07-26, 23:03:18
//	Exported by Cearn's GBA Image Transmogrifier, v1.22.1-8-ga34ae840
//	( http://www.coranac.com/projects/#grit )
//
//======================================================================

const unsigned int sharedTiles[11168] __attribute__((aligned(4))) __attribute__((visibility("hidden")))=
{
	0x00000000,0x00000000,0x00000000,0x00000000,0x00000000,0x00000000,0x00000000,0x00000000,
	0x00000000,0x00000000,0x00000000,0x00000000,0x00000000,0x00000000,0x00000000,0x00000000,
	0x08080808,0x08080808,0x08080808,0x08080808,0x080F0808,0x08080808,0x0F0F080F,0x08080F08,
	0x0F0F0F0F,0x08080F0F,0x1F0F0F1F,0x08081F0F,0x1F1F1F08,0x0808081F,0x08080808,0x08080808,
	0x08080808,0x08080808,0x08080808,0x08080808,0x08080808,0x0808080F,0x08080808,0x0808080F,
	0x08080808,0x0808081F,0x0808080F,0x08080808,0x08080808,0x08080808,0x08080808,0x08080808,
	0x08062C2C,0x08080808,0x081F062C,0x08080808,0x0808062C,0x08080808,0x081F062C,0x08080808,
	0x08062C2C,0x080F0808,0x08062C2C,0x081F0F08,0x08182C2C,0x08080F08,0x0808062C,0x08081F08,

	0x08080808,0x08080808,0x08080808,0x08080808,0x08080808,0x08080F08,0x08080808,0x08080F08,
	0x08080808,0x08081F08,0x08080808,0x08080808,0x08080808,0x08080808,0x08080808,0x08080808,
	0x08080808,0x08080808,0x08080808,0x080F0808,0x08080808,0x0F010808,0x08080808,0x0F080808,
	0x08080808,0x01080808,0x08080F08,0x08080808,0x0808010F,0x08080808,0x0808080F,0x08080808,
	0x08080808,0x08080808,0x0F080808,0x08080808,0x08080808,0x08080808,0x08080F08,0x08080808,
	0x08080F08,0x08080808,0x08080808,0x08080808,0x08080808,0x08080808,0x08080808,0x08080F08,
	0x08080808,0x08080808,0x08080808,0x08080808,0x08080F08,0x08080808,0x08080F08,0x08080808,
	0x08080108,0x08080808,0x08080808,0x08080808,0x08080808,0x08080808,0x08080808,0x08080808,

	0x08080808,0x08080808,0x08080808,0x08080808,0x08080808,0x08080808,0x08080808,0x08080808,
	0x08080808,0x08080808,0x08080808,0x08080808,0x08080808,0x08080808,0x08080808,0x08080808,
	0x08080808,0x08080808,0x08080808,0x08080808,0x08080808,0x08080808,0x08080808,0x08080808,
	0x0F080808,0x080F0808,0x0F080808,0x08010F08,0x0F080808,0x08080F08,0x01080808,0x08080108,
	0x08080808,0x08080808,0x08080808,0x08080808,0x08080808,0x08080F08,0x08080808,0x08080F08,
	0x08080808,0x08080108,0x08080808,0x08080808,0x08080808,0x08080808,0x08080808,0x08080808,
	0x08080808,0x08080808,0x08080808,0x08080808,0x080F0808,0x08080808,0x0F0F080F,0x08080F08,
	0x0F0F0F0F,0x08080F0F,0x010F0F01,0x0808010F,0x01010108,0x08080801,0x08080808,0x08080808,

	0x08080808,0x08080808,0x08080808,0x08080808,0x08080808,0x0808080F,0x08080808,0x0808080F,
	0x08080808,0x08080801,0x0808080F,0x08080808,0x08080808,0x08080808,0x08080808,0x08080808,
	0x08080808,0x08080808,0x08080808,0x08080808,0x080F0808,0x08080808,0x0F0F080F,0x08080F08,
	0x0F0F0F0F,0x08080F0F,0x0F010F01,0x0808010F,0x01010108,0x08080801,0x08080808,0x08080808,
	0x08080808,0x08080808,0x08080808,0x08080808,0x08080808,0x08080808,0x08080808,0x08080808,
	0x080F0808,0x08080808,0x0F0F080F,0x08080F08,0x0F0F0F0F,0x08080F0F,0x010F0F01,0x0808010F,
	0x08080808,0x08080808,0x08080808,0x08080808,0x0E0E0808,0x08080808,0x0E0E1B0F,0x08080F1B,
	0x1F1F0E0E,0x08080E0E,0x010F0E0E,0x08080E0E,0x0E0E1B1F,0x08081F1B,0x0E0E1F08,0x0808081F,

	0x08080808,0x08080808,0x08080808,0x08080808,0x08080808,0x0808080F,0x08080808,0x0808080F,
	0x08080808,0x08080E01,0x0808080F,0x080E1F0E,0x08080808,0x081F0E1F,0x08080808,0x08081F08,
	0x08080808,0x08080808,0x08080808,0x08080808,0x08080C08,0x080F0808,0x080C0C08,0x081F080F,
	0x0C0C1F0C,0x0808080F,0x1F1F0C1F,0x08080808,0x1F0C1F0C,0x0808080C,0x0C0C1F0C,0x0808080C,
	0x08080F08,0x08080808,0x08081F0F,0x08080808,0x0808080F,0x08080808,0x0F08081F,0x0808080F,
	0x0F080808,0x0808080F,0x08080808,0x08080808,0x08080808,0x08080808,0x08080808,0x08080808,
	0x081F062C,0x08080808,0x0808182C,0x08080808,0x08081F06,0x08080808,0x08081F06,0x08080808,
	0x0808182C,0x0F080808,0x081F062C,0x1F080808,0x081F182C,0x08080808,0x08062C2C,0x08080808,

	0x08080808,0x08080808,0x08080808,0x08080808,0x08080808,0x08080808,0x08080808,0x08080808,
	0x080F0808,0x08080808,0x080F080F,0x08080808,0x080F080F,0x08080808,0x081F081F,0x08080808,
	0x08080801,0x08080808,0x08080808,0x08080808,0x08080808,0x08080F08,0x0F080808,0x080F0F08,
	0x0F080808,0x0F0F0F0F,0x01080808,0x0F0F010F,0x08080808,0x01010101,0x08080808,0x08080808,
	0x08080808,0x08080808,0x08080808,0x08080808,0x08080808,0x08080808,0x0F08080F,0x08080808,
	0x0F08080F,0x08080808,0x01080801,0x08080808,0x08080808,0x08080808,0x08080808,0x08080808,
	0x08080808,0x0F080808,0x08080808,0x0F080F08,0x08080808,0x01080F08,0x08080808,0x08080108,
	0x08080808,0x08080808,0x08080808,0x08080808,0x08080808,0x08080808,0x08080808,0x08080808,

	0x08080808,0x08080808,0x08080808,0x08080808,0x08080808,0x08080F08,0x08080808,0x08080808,
	0x08080808,0x08080808,0x08080808,0x08080808,0x08080808,0x08080808,0x08080808,0x08080808,
	0x08080808,0x08080808,0x08080808,0x08080808,0x08080F08,0x08080808,0x08080808,0x08080808,
	0x08080808,0x0F080808,0x08080808,0x01080808,0x08080808,0x08080808,0x08080808,0x08080808,
	0x08080808,0x08080808,0x08080808,0x08080808,0x08080808,0x08080808,0x08080808,0x08080808,
	0x080F0808,0x08080808,0x080F080F,0x08080808,0x080F080F,0x08080808,0x08010801,0x08080808,
	0x08080808,0x08080808,0x08080808,0x08080808,0x08080808,0x080F0808,0x08080808,0x08010808,
	0x08080808,0x08080808,0x08080808,0x08080808,0x08080808,0x0808080F,0x08080808,0x08080808,

	0x08080F08,0x08080808,0x0808010F,0x08080808,0x0808080F,0x08080808,0x08080801,0x08080808,
	0x0F080808,0x08080808,0x08080808,0x08080808,0x08080808,0x08080808,0x08080808,0x08080808,
	0x08080808,0x08080808,0x08080808,0x08080808,0x08080F08,0x08080F08,0x0F080808,0x080F0F08,
	0x0F080808,0x0F0F0F0F,0x01080808,0x0F0F010F,0x08080808,0x01010101,0x08080808,0x08080808,
	0x01010108,0x08080801,0x08080808,0x08080808,0x08080808,0x08080F08,0x0808080F,0x0808010F,
	0x080F080F,0x0808080F,0x08080801,0x08080801,0x08080808,0x08080808,0x08080808,0x08080808,
	0x1F1F0808,0x08080808,0x08080808,0x08080808,0x08080808,0x080F0808,0x08080808,0x08010808,
	0x08080808,0x0E080808,0x08080808,0x1F0E0808,0x08080808,0x0E1F080F,0x08080808,0x1F080808,

	0x08080F08,0x08080808,0x0808010F,0x08080808,0x0808080F,0x08080808,0x08080801,0x08080808,
	0x0F080808,0x08080808,0x0808080E,0x08080808,0x0808081F,0x08080808,0x08080808,0x08080808,
	0x1F1F0C0C,0x08080C1F,0x1F0C0C0C,0x08080C1F,0x0C0C0C0C,0x0808081F,0x0C1F1F0C,0x0808080C,
	0x1F0C0C0C,0x0808081F,0x0C0C0C0C,0x08080C1F,0x1F1F0C0C,0x0808080C,0x1F0C0C0C,0x08080C1F,
	0x08080808,0x08080808,0x08080808,0x08080808,0x08080808,0x08080808,0x08080808,0x08080808,
	0x080F0808,0x08080808,0x0F0F080F,0x08080F08,0x0F0F0F0F,0x08080F0F,0x1F0F0F1F,0x08081F0F,
	0x08080808,0x08080808,0x08080808,0x08080808,0x2B0F0808,0x2B082B2B,0x082B080F,0x082B0808,
	0x082B0F0F,0x082B3232,0x082B0F01,0x2B083232,0x272C0108,0x2B080808,0x27080808,0x2B2B0827,

	0x08080808,0x08080808,0x0808082B,0x08080808,0x2B082B08,0x08082B2B,0x082B0808,0x082B0808,
	0x322B0808,0x082B0832,0x32082B08,0x162B0832,0x08082B27,0x16162708,0x082B2B2B,0x08162727,
	0x08080808,0x08080808,0x08080808,0x080F0808,0x08080808,0x0F1F0808,0x08080808,0x0F080808,
	0x08080808,0x1F080808,0x08080F08,0x08080808,0x08081F0F,0x08080808,0x0808080F,0x08080808,
	0x08080808,0x08080808,0x08080808,0x080F0808,0x08080808,0x261F0808,0x08080808,0x17260808,
	0x08080808,0x04172608,0x08080F08,0x04101726,0x26081F0F,0x10101017,0x2608080F,0x04090410,
	0x08080808,0x08262608,0x26260808,0x26171026,0x10172626,0x10040410,0x09091010,0x10040410,
	0x09091004,0x04041009,0x09041004,0x04040404,0x04100404,0x04040404,0x10101010,0x04040404,

	0x08262608,0x08080808,0x26101726,0x080F2626,0x10040410,0x26261710,0x10040410,0x10100909,
	0x09100404,0x04100909,0x04040404,0x04100409,0x04040404,0x04041004,0x04040404,0x10101010,
	0x08080808,0x08080808,0x0F080808,0x08080808,0x08080826,0x08080808,0x08082617,0x08080808,
	0x08261704,0x08080808,0x35261004,0x08080808,0x17171010,0x08080835,0x17100904,0x08080F35,
	0x0C1F1F0C,0x0808080C,0x1F1F0C0C,0x0808081F,0x0C0C0C0C,0x08081F0C,0x1F0C0C0C,0x080C1F1F,
	0x0C0C0C0C,0x0F080C1F,0x1F0C0C0C,0x0F08080C,0x0C0C0C0C,0x1F080C1F,0x1F1F0C0C,0x08081F1F,
	0x1F1F1F08,0x0808081F,0x08080808,0x08080808,0x08080808,0x08080F08,0x0808080F,0x08081F0F,
	0x080F080F,0x0808080F,0x0808081F,0x0808081F,0x08080808,0x08080808,0x08080808,0x08080808,

	0x2B080808,0x082B2B2B,0x082B0808,0x08082B08,0x082B0808,0x32082B08,0x2B080808,0x3208272B,
	0x16080808,0x08272728,0x08080808,0x16161616,0x08080808,0x1608080F,0x08080808,0x08080808,
	0x2B2B0808,0x0808302B,0x082B0808,0x08162B08,0x082B0832,0x16162B08,0x2B270832,0x1616162B,
	0x2E272708,0x16161616,0x16161616,0x08081616,0x08080816,0x08080808,0x08080808,0x08080808,
	0x08080808,0x08080808,0x08080808,0x08080808,0x08080808,0x080F0808,0x08080808,0x081F0808,
	0x08080808,0x08080808,0x08080808,0x08080808,0x08080808,0x0808080F,0x08080808,0x08080808,
	0x08080F08,0x08080808,0x08081F0F,0x08080808,0x0808080F,0x080C0808,0x0F08081F,0x080C0C08,
	0x0F080808,0x0C0C0C0C,0x08080808,0x1F1F0C1F,0x0C080808,0x0C1F0C1F,0x08080808,0x0C0C0C08,

	0x0808081F,0x08080808,0x08080808,0x0C080C08,0x0C080C0C,0x1F0C1F1F,0x0C1F1F1F,0x1F1F0C1F,
	0x1F0C0C1F,0x0C1F0C0C,0x1F0C0C0C,0x0C0C0C0C,0x0C0C0C0C,0x0C0C0C0C,0x0C0C0C0C,0x0C0C0C0C,
	0x08080808,0x08080808,0x0C080808,0x08080808,0x1F1F1F0C,0x1F0C080C,0x1F0C1F0C,0x1F1F0C1F,
	0x1F0C1F1F,0x1F0C1F0C,0x0C0C0C1F,0x1F0C0C0C,0x0C0C0C0C,0x0C0C0C0C,0x0C0C0C0C,0x0C0C0C0C,
	0x1726081F,0x04091026,0x10172608,0x10100404,0x0410260C,0x04040404,0x0410261F,0x04090904,
	0x1017261F,0x10090904,0x1726260C,0x04101010,0x10101726,0x04100404,0x04101026,0x10100404,
	0x04040410,0x04040404,0x04040404,0x04040404,0x04040410,0x04040404,0x10101010,0x04040404,
	0x04100404,0x04040404,0x09041004,0x04040409,0x09091004,0x04040409,0x09041010,0x04040409,

	0x04040404,0x10040404,0x04040404,0x04040404,0x04040404,0x10040404,0x04040404,0x10101010,
	0x04040404,0x04041004,0x09040404,0x04100409,0x09090404,0x04100909,0x09040404,0x10100409,
	0x26100904,0x08083517,0x10101010,0x08351717,0x17100404,0x1F351726,0x10090904,0x1F352617,
	0x10090910,0x1F351717,0x17101009,0x1F352617,0x10101709,0x35261726,0x17171010,0x35261717,
	0x0C1F0C1F,0x08080808,0x0C0C1F1F,0x08080C0C,0x1F1F0C0C,0x0808080C,0x0C1F1F0C,0x08080808,
	0x0F080C0C,0x080F0808,0x0F080808,0x081F0F08,0x0F080808,0x08080F08,0x1F080808,0x08081F08,
	0x08080808,0x08080808,0x08080808,0x08080808,0x08080808,0x08080F08,0x08080808,0x08080F08,
	0x08080808,0x08081F08,0x08080808,0x08080808,0x080E0808,0x08080808,0x0E1F0E08,0x08080808,

	0x08080808,0x08080808,0x08080808,0x08080808,0x08080F08,0x08080808,0x08080F08,0x0C080808,
	0x08080108,0x1F0C0808,0x08080808,0x0C080808,0x08080808,0x0C1F080C,0x1F080808,0x1F0C0C0C,
	0x08080808,0x08080808,0x08080808,0x08080808,0x08080808,0x08080808,0x1F0C0808,0x08080808,
	0x0C1F1F0C,0x0808080C,0x1F1F0C1F,0x08080808,0x0C0C0C0C,0x08080C0C,0x0C0C0C1F,0x0808081F,
	0x08080808,0x08080808,0x08080808,0x080F0808,0x2B080808,0x2B012B2B,0x082B0808,0x082B0808,
	0x082B0808,0x082B3232,0x082B0F08,0x2B083232,0x272C010F,0x2B080808,0x2708080F,0x2B2B0827,
	0x08080808,0x08080808,0x0F08082B,0x08080808,0x2B082B08,0x08082B2B,0x082B0808,0x082B0808,
	0x322B0808,0x082B0832,0x32082B08,0x162B0832,0x08082B27,0x16162708,0x082B2B2B,0x08162727,

	0x08080808,0x08080808,0x08080808,0x08080808,0x2B080808,0x2B082B2B,0x082B0808,0x082B0808,
	0x082B0808,0x082B3232,0x082B0808,0x2B083232,0x272C0808,0x2B080808,0x27080808,0x2B2B0827,
	0x08080808,0x08080808,0x08080808,0x08080808,0x08080808,0x08080808,0x08080808,0x08080808,
	0x0F080808,0x080F0808,0x0F080808,0x081F0F08,0x0F080808,0x08080F08,0x1F080808,0x08081F08,
	0x1F080808,0x0C1F1F1F,0x0C080808,0x0C0C0C1F,0x08080808,0x0C0C1F0C,0x0C080808,0x0C0C0C1F,
	0x1F0C0808,0x0C0C1F1F,0x1F080808,0x0C0C0C0C,0x08080808,0x0C1F1F1F,0x08080808,0x1F1F0C0C,
	0x0C0C0C0C,0x0C0C0C0C,0x0C0C0C0C,0x0C0C0C0C,0x0C0C0C0C,0x0C0C0C0C,0x0C0C0C0C,0x0C0C0C0C,
	0x0C0C0C0C,0x0C0C0C0C,0x0C0C0C0C,0x0C0C0C0C,0x0C0C0C0C,0x0C0C0C0C,0x0C0C0C0C,0x0C0C0C0C,

	0x0C0C0C0C,0x0C0C0C0C,0x0C0C0C0C,0x0C0C0C0C,0x0C0C0C0C,0x0C0C0C0C,0x080C0C0C,0x0C0C080C,
	0x080C0808,0x0C0C0808,0x0C0C0C08,0x0C0C0C08,0x0C1F1F0C,0x0C0C0C0C,0x0C0C0C0C,0x0C0C0C0C,
	0x04102626,0x10101004,0x1017260C,0x04100410,0x10260C0C,0x04101004,0x1726200C,0x10101710,
	0x2620200C,0x17101026,0x3520200C,0x10171717,0x3504350C,0x17352626,0x35240C0C,0x26353535,
	0x10100404,0x04040410,0x04100404,0x10040410,0x04041004,0x04101010,0x04041010,0x04041004,
	0x04101010,0x04041010,0x10171010,0x04101010,0x17101710,0x10171010,0x17102617,0x26171717,
	0x04040410,0x04040404,0x10040410,0x04040404,0x10101004,0x04040404,0x04100404,0x04041004,
	0x10100404,0x04040410,0x10101010,0x10040410,0x10101017,0x10101010,0x17171717,0x10040410,

	0x17101010,0x35262617,0x17171004,0x26101726,0x10101004,0x10040410,0x04040404,0x04040410,
	0x04040404,0x04041004,0x09090404,0x04040404,0x09090904,0x04040409,0x09090904,0x04040404,
	0x0C26260C,0x0C0C0C0C,0x26101726,0x0C0C2626,0x10040410,0x26261710,0x10040410,0x10100909,
	0x09100404,0x04100909,0x04040404,0x04100409,0x04040404,0x04041004,0x04040404,0x10101010,
	0x0C0C0C0C,0x0C0C0C0C,0x0C0C0C0C,0x0C0C0C0C,0x0C0C0C26,0x0C0C0C0C,0x0C0C2617,0x0C0C0C0C,
	0x0C261704,0x0C0C0C0C,0x35261004,0x0C0C0C0C,0x17171010,0x0C0C0C35,0x17100904,0x0C0C0C35,
	0x0C0C0C0C,0x0C0C0C0C,0x0C0C0C0C,0x0C0C0C0C,0x0C0C0C0C,0x0C0C0C0C,0x0C0C0C0C,0x0C0C0C0C,
	0x0C0C0C0C,0x0C0C0C0C,0x0C0C0C0C,0x0C0C0C0C,0x0C0C0C0C,0x0C0C0C0C,0x0C0C0C0C,0x0C080C0C,

	0x0C0C0C0C,0x0C0C0C0C,0x0C0C0C0C,0x0C0C0C0C,0x0C0C0C0C,0x0C0C0C0C,0x0C0C0C0C,0x0C0C0C0C,
	0x0C0C0C0C,0x0C0C0C0C,0x0C0C0C0C,0x0C0C0C0C,0x0C0C0C0C,0x0C0C0C0C,0x0C0C0C08,0x0C0C0C0C,
	0x08080808,0x08080808,0x08080808,0x08080E08,0x08080F08,0x080E1F0E,0x08080808,0x081F0E1F,
	0x08080808,0x0F081F08,0x08080808,0x1F080808,0x08080808,0x08080808,0x08080808,0x08080808,
	0x1F0E1F08,0x08080808,0x081F0808,0x08080808,0x08080808,0x08080808,0x08080808,0x08080808,
	0x080F0808,0x08080808,0x080F080F,0x08080808,0x080F080F,0x08080808,0x081F081F,0x08080808,
	0x08080808,0x0C0C1F0C,0x081F0808,0x1F1F1F1F,0x1F0C0C08,0x1F0C1F0C,0x1F080808,0x0C0C0C08,
	0x08080808,0x1F08081F,0x08080808,0x0C08080C,0x08080808,0x08080808,0x08080808,0x08080808,

	0x0C0C0C0C,0x08080C1F,0x1F0C0C0C,0x080C1F0C,0x1F0C0C0C,0x08080C1F,0x1F1F0C1F,0x080C080C,
	0x0C1F1F0C,0x08080808,0x080C0808,0x08080808,0x08080C08,0x08080808,0x08080808,0x08080808,
	0x2B080801,0x082B2B2B,0x082B0808,0x08082B08,0x082B0808,0x32082B08,0x2B080808,0x3208272B,
	0x2E080808,0x08272728,0x01080808,0x2E2E1E2E,0x08080808,0x1E010101,0x08080808,0x08080808,
	0x2B2B0808,0x0808302B,0x082B0808,0x08162B08,0x082B0832,0x16162B08,0x2B270832,0x1616162B,
	0x2E272708,0x16161616,0x1E16161E,0x08081616,0x08080816,0x08080808,0x08080808,0x08080808,
	0x2B080808,0x082B2B2B,0x082B0808,0x08082B08,0x082B0F08,0x32082B08,0x2B080808,0x3208272B,
	0x16080808,0x08272728,0x08080808,0x1E161616,0x08080808,0x16080808,0x08080808,0x08080808,

	0x2B2B0808,0x0808302B,0x082B0808,0x08162B08,0x082B0832,0x16162B08,0x2B270832,0x1616162B,
	0x16272708,0x16161616,0x162E162E,0x08081616,0x080F082E,0x08080808,0x08010801,0x08080808,
	0x08080808,0x08080808,0x08080808,0x08080808,0x08080F08,0x08080808,0x08080808,0x08080808,
	0x08080808,0x0F080808,0x08080808,0x1F080808,0x08080808,0x08080808,0x08080808,0x08080808,
	0x0C080808,0x0C0C1F1F,0x08080808,0x0C1F1F0C,0x0C080808,0x0C0C0C1F,0x08080808,0x0C0C1F1F,
	0x0C080808,0x0C1F1F0C,0x0808080F,0x0C0C0C1F,0x0C08080F,0x0C0C1F1F,0x0C08081F,0x0C1F1F1F,
	0x0C0C0C0C,0x0C0C0C0C,0x0C0C0C0C,0x0C0C0C0C,0x0C0C0C0C,0x0C0C0C0C,0x0C0C1F0C,0x0C0C0C0C,
	0x1F0C1F0C,0x0C0C1F0C,0x1F0C0C0C,0x0C0C1F1F,0x1F0C0C0C,0x0C0C0C1F,0x0C0C0C0C,0x0C0C0C1F,

	0x350C0C0C,0x35142024,0x0C0C0C0C,0x14141D20,0x0C0C0C0C,0x1D141D20,0x0C0C0C0C,0x1D1D2020,
	0x0C0C0C0C,0x2004200C,0x0C0C0C0C,0x35240C0C,0x0C0C0C0C,0x0C0C0C0C,0x0C0C0C0C,0x0C0C0C0C,
	0x26171735,0x26262617,0x26262635,0x35262635,0x3535351D,0x24353520,0x24200420,0x11113520,
	0x24352420,0x11241135,0x11112435,0x11111111,0x11111111,0x11111111,0x11110C0C,0x0C0C0C11,
	0x17171726,0x04041026,0x10172635,0x10100404,0x04102635,0x04040404,0x04102635,0x04090904,
	0x10172611,0x10090904,0x17262611,0x04101010,0x10101726,0x04100404,0x04101026,0x10100404,
	0x04040410,0x04040404,0x04040404,0x04040404,0x04040410,0x04040404,0x10101010,0x04040404,
	0x04100404,0x04040404,0x04041004,0x04040409,0x09041004,0x04040909,0x09041010,0x04040409,

	0x26100904,0x0C0C3517,0x10101010,0x0C351717,0x17100404,0x0C351726,0x10090904,0x0C352617,
	0x10090910,0x0C351717,0x17101009,0x0C352617,0x10101709,0x35261726,0x17171010,0x35261717,
	0x0C0C0C0C,0x080C0C0C,0x0C0C0C0C,0x080C0C08,0x0C0C0C0C,0x0C0C0C08,0x0C0C0C0C,0x0C0C0C0C,
	0x0C0C0C0C,0x0C0C0C0C,0x0C0C0C0C,0x0C0C0C0C,0x0C0C0C0C,0x0C0C0C0C,0x0C0C0C0C,0x0C0C0C0C,
	0x08080808,0x08080808,0x08080808,0x080F0808,0x0E0E0808,0x0F010808,0x0E0E1B08,0x0F08081B,
	0x1F1F0E0E,0x01080E0E,0x08080E0E,0x08080E0E,0x0E0E1B1F,0x08081F1B,0x0E0E1F0F,0x0808081F,
	0x08080808,0x08080808,0x0F080808,0x08080808,0x08080808,0x08080808,0x08080F08,0x08080808,
	0x08080F08,0x08080E08,0x08080808,0x080E1F0E,0x08080808,0x081F0E1F,0x08080808,0x08081F08,

	0x08080808,0x08080808,0x08080808,0x08080808,0x2B080F08,0x2B082B2B,0x082B0F08,0x082B0808,
	0x082B0108,0x082B3232,0x082B0808,0x2B083232,0x272C0808,0x2B080808,0x27080808,0x2B2B0827,
	0x08080808,0x1F0C0C0C,0x08080808,0x1F0C1F0C,0x08080808,0x0C1F1F08,0x08080808,0x1F0C0C08,
	0x08080808,0x0C0C081F,0x0808080F,0x0C080808,0x08080808,0x08080808,0x08080808,0x08080808,
	0x0C0C0C0C,0x0C0C0C0C,0x0C0C0C1F,0x1F0C0C0C,0x1F0C1F1F,0x1F0C1F0C,0x1F0C1F0C,0x1F1F0C1F,
	0x1F1F1F0C,0x1F0C080C,0x0C080808,0x08080808,0x08080808,0x08080808,0x0808080F,0x08080808,
	0x0C0C0C0C,0x0C0C0C0C,0x0C0C1F0C,0x0C0C0C0C,0x0C0C1F0C,0x0C0C0C0C,0x0C1F1F1F,0x0C0C0C1F,
	0x0C1F0C0C,0x0C0C0C1F,0x1F0C0C08,0x0C0C0C1F,0x1F0C0808,0x0C0C1F0C,0x08080808,0x0C0C1F0C,

	0x0C0C0C0C,0x0C0C0C0C,0x0C0C0C0C,0x0C0C0C0C,0x0C0C0C0C,0x0C0C0C0C,0x0C0C0C0C,0x0C0C0C0C,
	0x0C0C0C0C,0x0C0C0C0C,0x0C0C0C0C,0x1F0C0C0C,0x0C0C0C0C,0x1F0C0C0C,0x0C0C0C0C,0x0C0C0C0C,
	0x0C0C0C0C,0x0C0C0C0C,0x0C0C0C0C,0x0C0C0C0C,0x0C0C0C0C,0x0C0C0C0C,0x0C1F0C0C,0x0C0C0C0C,
	0x0C1F1F0C,0x0C1F0C1F,0x0C0C1F0C,0x0C1F1F1F,0x0C0C0C0C,0x0C0C1F1F,0x0C0C0C0C,0x0C0C1F0C,
	0x10040410,0x04041010,0x10040410,0x04041004,0x10101004,0x04100404,0x04100404,0x10100404,
	0x10100404,0x10101004,0x17101010,0x17101010,0x17101017,0x35101717,0x17261717,0x26171726,
	0x26101010,0x35262617,0x17101004,0x0C353535,0x17171004,0x0C113526,0x26351010,0x0C203526,
	0x35101017,0x0C042035,0x26261717,0x11242035,0x26171726,0x11243535,0x35261735,0x11113524,

	0x0C0C0C0C,0x0C0C0C0C,0x0C0C0C0C,0x0C0C0C0C,0x2B0C0C0C,0x2B0C2B2B,0x082B0C0C,0x082B0808,
	0x082B0C0C,0x082B3232,0x082B0C0C,0x2B083232,0x272C0C0C,0x2B080808,0x270C0C0C,0x2B2B0827,
	0x0C0C0C0C,0x0C0C0C0C,0x0C0C0C2B,0x0C0C0C0C,0x2B0C2B08,0x0C0C2B2B,0x082B0808,0x0C2B0808,
	0x322B0808,0x0C2B0832,0x32082B08,0x2F2B0832,0x08082B27,0x2F2F2708,0x082B2B2B,0x0C2F2727,
	0x1F0C0C0C,0x08080C1F,0x0C1F1F0C,0x0808080C,0x1F1F0C0C,0x0808081F,0x0C0C0C0C,0x0808081F,
	0x1F1F0C0C,0x080F0C1F,0x1F0C0C0C,0x081F080C,0x0C1F0C0C,0x08080808,0x1F0C0C0C,0x0808080C,
	0x1F1F0801,0x08080808,0x08080808,0x08080808,0x08080808,0x08080F08,0x0F080808,0x080F0F08,
	0x0F080808,0x0E0F0F0F,0x01080808,0x1F0E010F,0x08080808,0x0E1F0101,0x08080808,0x1F080808,

	0x08080808,0x08080808,0x08080808,0x08080808,0x08080808,0x08080808,0x0F08080F,0x08080808,
	0x0F08080F,0x08080808,0x0108080E,0x08080808,0x0808081F,0x08080808,0x08080808,0x08080808,
	0x2B080808,0x082B2B2B,0x082B0808,0x08082B08,0x082B0808,0x32082B08,0x2B080808,0x3208272B,
	0x16080808,0x08272728,0x08080808,0x16161616,0x08080808,0x16080808,0x08080808,0x08080808,
	0x2B2B0808,0x0808302B,0x082B0808,0x08162B08,0x082B0832,0x16162B08,0x2B270832,0x1616162B,
	0x16272708,0x16161616,0x16161616,0x08081616,0x08080816,0x08080808,0x08080808,0x08080808,
	0x0808081F,0x08080808,0x08080808,0x08080808,0x08080808,0x08080F08,0x0F080808,0x080F0F08,
	0x0F080808,0x0F0F0F0F,0x1F080808,0x0F0F1F0F,0x08080808,0x1F1F1F1F,0x08080808,0x08080808,

	0x08080808,0x0C0C1F0C,0x0C080808,0x0C1F1F1F,0x0C080808,0x0C0C1F1F,0x0808080F,0x0C0C0C1F,
	0x0C08080F,0x0C1F1F0C,0x1F08081F,0x0C0C0C1F,0x1F0C0808,0x0C0C0C0C,0x0C080808,0x0C0C1F1F,
	0x0C0C0C0C,0x0C0C0C0C,0x0C0C0C0C,0x0C0C0C0C,0x0C0C0C0C,0x0C0C0C0C,0x0C0C0C0C,0x0C0C0C0C,
	0x0C0C0C0C,0x0C0C0C0C,0x0C0C0C0C,0x0C0C0C0C,0x0C0C0C0C,0x0C1F0C0C,0x0C0C0C0C,0x0C1F0C0C,
	0x0C0C0C0C,0x0C0C0C0C,0x0C0C0C0C,0x0C0C0C0C,0x0C0C0C0C,0x0C0C0C0C,0x0C0C0C0C,0x0C0C0C0C,
	0x0C0C1F0C,0x0C0C0C0C,0x0C0C1F1F,0x0C0C0C0C,0x0C0C0C1F,0x0C0C0C0C,0x0C0C0C0C,0x0C0C0C0C,
	0x350C0C0C,0x35142024,0x0C0C0C0C,0x14141D20,0x0C0C0C0C,0x1D141D20,0x0C0C1F0C,0x1D1D2020,
	0x1F0C1F0C,0x2004200C,0x1F0C0C0C,0x35241F1F,0x1F0C0C0C,0x0C0C0C1F,0x0C0C0C0C,0x0C0C0C1F,

	0x26352626,0x26172635,0x35262635,0x35262635,0x20353535,0x1D353520,0x20352411,0x20202004,
	0x35113411,0x20203524,0x34111111,0x35353434,0x340C0C0C,0x11111134,0x0C0C0C0C,0x110C0C1F,
	0x11352635,0x0C111124,0x201D3535,0x0C111111,0x201D141D,0x0C111111,0x20201D1D,0x0C0C1111,
	0x11202004,0x0C0C1111,0x11112024,0x0C0C0C11,0x11111124,0x0C0C0C0C,0x0C0C1111,0x0C0C0C0C,
	0x2B0C0C0C,0x082B2B2B,0x082B0C0C,0x08082B08,0x082B0C0C,0x32082B08,0x2B0C0C0C,0x3208272B,
	0x2F0C0C0C,0x08272728,0x0C0C0C0C,0x2F2F2F2F,0x0C0C0C0C,0x2F0C0C0C,0x0C0C0C0C,0x0C0C0C0C,
	0x2B2B0808,0x0C0C302B,0x082B0808,0x0C2F2B08,0x082B0832,0x2F2F2B08,0x2B270832,0x2F2F2F2B,
	0x2F272708,0x2F2F2F2F,0x2F2F2F2F,0x0C0C2F2F,0x0C0C0C2F,0x0C0C0C0C,0x0C0C0C0C,0x0C0C0C0C,

	0x1F1F1F0C,0x0808081F,0x0C1F0C0C,0x08081F1F,0x0C1F0C0C,0x08081F1F,0x0C0C0C0C,0x0C1F0C1F,
	0x0C0C0C0C,0x1F0C1F0C,0x0C0C0C0C,0x1F0C0C0C,0x0C0C0C0C,0x0C0C0C0C,0x0C0C0C0C,0x0C0C0C0C,
	0x08080808,0x08080808,0x08080808,0x08080808,0x0808080C,0x0C080C08,0x0C080C1F,0x1F0C1F1F,
	0x0C1F1F1F,0x1F1F0C1F,0x1F0C0C0C,0x0C1F0C0C,0x1F0C0C0C,0x0C0C0C0C,0x0C0C0C0C,0x0C0C0C0C,
	0x08080808,0x08080808,0x08080808,0x08080808,0x08080F08,0x0E0E0808,0x08080F08,0x0E0E1B08,
	0x08080108,0x1F1F0E0E,0x08080808,0x08080E0E,0x08080808,0x0E0E1B1F,0x08080808,0x0E0E1F08,
	0x08080808,0x08080808,0x08080808,0x08080808,0x08080808,0x08080808,0x0808081B,0x08080808,
	0x08080E0E,0x08080808,0x08080E0E,0x08080808,0x08081F1B,0x08080808,0x0808081F,0x08080808,

	0x08062C2C,0x08080808,0x08062C2C,0x08080808,0x0808182C,0x08080808,0x081F062C,0x08080F08,
	0x0F1F062C,0x080F0F08,0x0F182C2C,0x0F0F0F0F,0x1F062C2C,0x0F0F1F0F,0x081F062C,0x1F1F1F1F,
	0x08080808,0x08080808,0x08080808,0x08080808,0x08080808,0x0808080F,0x08080808,0x0808080F,
	0x0808080F,0x0808081F,0x0808080F,0x08080808,0x0808081F,0x08080808,0x08080808,0x08080808,
	0x08080808,0x08080808,0x08080808,0x08080808,0x080F0808,0x0E0E0808,0x0F0F080F,0x0E0E1B08,
	0x0F0F0F0F,0x1F1F0E0E,0x0F010F01,0x08080E0E,0x01010108,0x0E0E1B1F,0x08080808,0x0E0E1F08,
	0x08080808,0x08080808,0x08080808,0x08080808,0x08080808,0x08080808,0x0808081B,0x08080808,
	0x080F0E0E,0x08080808,0x0F0F0E0E,0x08080F08,0x0F0F1F1B,0x08080F0F,0x010F0F1F,0x0808010F,

	0x0C0C0C0C,0x0C0C0C0C,0x0C0C0C0C,0x0C0C0C0C,0x0C0C1F1F,0x0C0C0C0C,0x1F0C1F0C,0x1F0C1F0C,
	0x0C1F1F08,0x1F0C1F1F,0x080C1F08,0x1F1F1F0C,0x08080C08,0x08080808,0x08080808,0x08080808,
	0x0C0C0C0C,0x0C0C0C0C,0x0C0C0C0C,0x0C0C0C0C,0x0C0C0C1F,0x0C0C1F0C,0x0C1F0C1F,0x0C0C1F0C,
	0x0C1F1F0C,0x1F1F0C1F,0x1F0C1F0C,0x0C080C1F,0x08080808,0x08080808,0x08080808,0x08080F08,
	0x0C0C0C0C,0x0C0C0C0C,0x0C0C0C2B,0x0C0C0C0C,0x2B0C2B08,0x0C1F2B2B,0x082B0808,0x0C2B0808,
	0x322B0808,0x0C2B0832,0x32082B08,0x2F2B0832,0x08082B27,0x2F2F2708,0x082B2B2B,0x0C2F2727,
	0x08080808,0x1F1F0808,0x08080808,0x0F080F08,0x08080808,0x01080F08,0x08080808,0x08080108,
	0x08080808,0x08080808,0x08080808,0x08080808,0x08080808,0x08080808,0x08080808,0x08080808,

	0x0808062C,0x08080808,0x0808182C,0x08080808,0x081F1F06,0x08080808,0x1F1F0706,0x1F080808,
	0x1F071806,0x1F1F1F1F,0x07180606,0x18071F1F,0x18060606,0x06181807,0x062C2C06,0x06060618,
	0x08080F08,0x08080808,0x08081F0F,0x08080808,0x0808081F,0x08080808,0x1F1F1F08,0x1F080808,
	0x1F1F1F1F,0x1F1F1F1F,0x1F181807,0x071F1F1F,0x07060618,0x18071818,0x18062C2C,0x06180606,
	0x0808081F,0x08080808,0x08080808,0x08080808,0x08080808,0x08080808,0x08081F1F,0x1F081F1F,
	0x1F1F1F1F,0x1F1F1F1F,0x1F1F1818,0x181F1F1F,0x07180606,0x061F1818,0x18060606,0x06070606,
	0x08080808,0x08080808,0x08080808,0x08080808,0x08080808,0x08080808,0x1F081F1F,0x0808081F,
	0x1F1F1F1F,0x1F1F1F1F,0x1F1F1807,0x1F1F1F1F,0x18070618,0x07181818,0x06180606,0x18060606,

	0x0808081F,0x08080808,0x08080808,0x08080808,0x08080808,0x08080F08,0x0F080808,0x080F0F08,
	0x0F080808,0x0F0F0F0F,0x1F08081F,0x0F0F1F0F,0x08081F1C,0x1F1F1F1F,0x081F1C18,0x08080808,
	0x08080808,0x08080808,0x08080808,0x08080808,0x08080808,0x08080808,0x0F08080F,0x08080808,
	0x0F08080F,0x08080808,0x1F08081F,0x08080808,0x08080808,0x08080808,0x08080808,0x08080808,
	0x08080808,0x1F1F0808,0x08080808,0x08080808,0x08080F08,0x08080F08,0x0F080808,0x080F0F08,
	0x0F080808,0x0F0F0F0F,0x01080808,0x0F0F010F,0x08080808,0x01010101,0x08080808,0x08080808,
	0x08080808,0x08080808,0x08080808,0x08080808,0x08080808,0x08080F08,0x0F080808,0x080F0F08,
	0x0F080808,0x0F0F0F0F,0x1F080808,0x0F0F1F0F,0x08080808,0x1F1F1F1F,0x08080808,0x08080808,

	0x2B0C0C0C,0x082B2B2B,0x082B0C0C,0x08082B08,0x082B0C0C,0x32082B08,0x2B0C1F0C,0x3208272B,
	0x2A0C1F0C,0x08272728,0x1F0C0C0C,0x2F2F2A2A,0x1F0C0C0C,0x2F0C0C1F,0x0C0C0C0C,0x0C0C0C1F,
	0x2B0C0C0C,0x082B2B2B,0x082B0C0C,0x08082B08,0x082B0C0C,0x32082B08,0x2B0C0C0C,0x3208272B,
	0x2F0C0C0C,0x08272728,0x0C0C080C,0x2F2F2F16,0x0C0C080C,0x2F0C0C0C,0x0C0C0C0C,0x0C0C0C0C,
	0x2B2B0808,0x0C0C302B,0x082B0808,0x0C2F2B08,0x082B0832,0x2F2F2B08,0x2B270832,0x2F2A2F2B,
	0x2F272708,0x2F2A2A2A,0x2F2F2F2F,0x0C0C2A2A,0x0C0C0C2F,0x0C0C1F0C,0x0C0C0C0C,0x0C0C0C0C,
	0x2C2C2C06,0x2C2C2C2C,0x2C2C0629,0x2C2C2C2C,0x2C2C0629,0x262C2C2C,0x2C2C0629,0x17262C2C,
	0x2C2C0629,0x0417262C,0x2C062929,0x04101726,0x26062929,0x10101017,0x26062929,0x04090410,

	0x2C2C2C2C,0x2C262606,0x26262C2C,0x26171026,0x10172626,0x10040410,0x09091010,0x10040410,
	0x09091004,0x04041009,0x09041004,0x04040404,0x04100404,0x04040404,0x10101010,0x04040404,
	0x2C26262C,0x06062C2C,0x26101726,0x062C2626,0x10040410,0x26261710,0x10040410,0x10100909,
	0x09100404,0x04100909,0x04040404,0x04100409,0x04040404,0x04041004,0x04040404,0x10101010,
	0x2C2C2C06,0x2C062C2C,0x2C2C2C06,0x2C062C2C,0x2C2C2C26,0x2C2C2C2C,0x2C062617,0x2C2C2C2C,
	0x2C261704,0x2C2C2C2C,0x35261004,0x2C2C062C,0x17171010,0x2C2C0635,0x17100904,0x2C2C0635,
	0x08080808,0x08080808,0x08080808,0x08080808,0x0E080F08,0x08080808,0x1F0E0F08,0x0808080E,
	0x0E1F0108,0x0808081F,0x1F080808,0x08080808,0x08080808,0x08080808,0x08080808,0x08080808,

	0x08080808,0x08080808,0x08080808,0x08080808,0x08080808,0x08080808,0x0E080808,0x08080808,
	0x1F0E0808,0x0808080E,0x0E1F0808,0x0808081F,0x1F0E0E08,0x08080808,0x1B0E0E1B,0x08080808,
	0x08080808,0x08080808,0x08080808,0x080F0808,0x08080808,0x0E0E0808,0x08080808,0x0E0E1B08,
	0x08080808,0x1F1F0E0E,0x08080F08,0x08080E0E,0x0808010F,0x0E0E1B1F,0x0808080F,0x0E0E1F08,
	0x08080808,0x08080808,0x0F080808,0x08080808,0x08080808,0x08080808,0x08080F1B,0x08080808,
	0x08080E0E,0x08080808,0x08080E0E,0x08080808,0x08081F1B,0x08080808,0x0808081F,0x08080F08,
	0x17262929,0x04091026,0x10172629,0x10100404,0x04102629,0x04040404,0x04102629,0x04090904,
	0x10172629,0x10090904,0x17262629,0x04101010,0x10101726,0x04100404,0x04101026,0x10100404,

	0x26100904,0x2C2C3517,0x10101010,0x2C351717,0x17100404,0x2C351726,0x10090904,0x2C352617,
	0x10090910,0x18351717,0x17101009,0x18352617,0x10101709,0x35261726,0x17171010,0x35261717,
	0x08080808,0x0E080808,0x08080808,0x0E080F08,0x08080808,0x1F080F08,0x080E0808,0x08080108,
	0x0E1F0E08,0x08080808,0x1F0E1F08,0x08080808,0x081F0808,0x08080808,0x08080808,0x08080808,
	0x0E1F1F0E,0x0808080E,0x0E08080E,0x0808080E,0x1B0E0E1B,0x08080F1F,0x1F0E0E1F,0x08080808,
	0x081F1F08,0x0808080E,0x0E080808,0x08080E1F,0x1F080808,0x08081F0E,0x08080808,0x0808081F,
	0x08080801,0x1F1F0808,0x08080808,0x08080808,0x08080808,0x08080F08,0x0F080808,0x080F0F08,
	0x0F080808,0x0F0F0F0F,0x01080808,0x0F0F010F,0x08080808,0x01010101,0x08080808,0x08080808,

	0x04102626,0x10101004,0x10172608,0x04100410,0x10260808,0x04101004,0x1726200F,0x10101710,
	0x2620200F,0x17101026,0x35202001,0x10171717,0x35043508,0x17352626,0x35240808,0x26353535,
	0x26101010,0x35262617,0x17101004,0x29353535,0x17171004,0x292D3526,0x26351010,0x08203526,
	0x35101017,0x08042035,0x26261717,0x22242035,0x26171726,0x22243535,0x35261735,0x22223524,
	0x2C2C2C06,0x2C2C2C2C,0x2C2C0629,0x2C2C2C2C,0x2C2C0629,0x262C2C2C,0x2C2C0629,0x17262C2C,
	0x2C2C0629,0x0417262C,0x2C061A29,0x04101726,0x2606071A,0x10101017,0x2606291A,0x04090410,
	0x08080808,0x08080808,0x08080808,0x080F0808,0x08080808,0x26010808,0x08080808,0x17260808,
	0x08080808,0x04172608,0x08080F08,0x04101726,0x2608010F,0x10101017,0x2608080F,0x04090410,

	0x08080808,0x08080808,0x08080808,0x08080808,0x08080826,0x08080808,0x08082617,0x08080808,
	0x08261704,0x08080808,0x35261004,0x08080F08,0x17171010,0x08080F35,0x17100904,0x08080135,
	0x08080808,0x08080808,0x08080808,0x08080808,0x08080808,0x08080808,0x08080808,0x08080808,
	0x08080808,0x08080808,0x08080808,0x08080808,0x080E0808,0x08080808,0x0E1F0E08,0x08080808,
	0x08080808,0x08080808,0x08080808,0x08080808,0x0E080808,0x08080808,0x1F0E0808,0x0808080E,
	0x0E1F0808,0x080F081F,0x1F080808,0x08010F08,0x0F080808,0x08080F08,0x01080808,0x08080108,
	0x08080808,0x08080808,0x08080808,0x08080808,0x08080808,0x08080F08,0x0E080808,0x08080F08,
	0x1F0E0808,0x0808010E,0x0E1F0808,0x0808081F,0x1F0E0E08,0x08080808,0x1B0E0E1B,0x08080808,

	0x35080808,0x35142024,0x08080808,0x14141D20,0x08080808,0x1D141D20,0x08080808,0x1D1D2020,
	0x08080808,0x20042008,0x08080808,0x35240808,0x08080808,0x0808080F,0x08080808,0x08080808,
	0x26171735,0x26262617,0x26262635,0x35262635,0x3535351D,0x24353520,0x24200420,0x22223520,
	0x24352420,0x22242235,0x22222435,0x22222222,0x22222222,0x22222222,0x22220808,0x08080822,
	0x26352626,0x26172635,0x35262635,0x35262635,0x20353535,0x1D353520,0x20352422,0x20202004,
	0x35222222,0x20203524,0x22222222,0x35352222,0x22080808,0x22222233,0x08080808,0x22080808,
	0x22352635,0x08222224,0x201D3535,0x08222222,0x201D141D,0x08222222,0x20201D1D,0x08082222,
	0x33202004,0x08082222,0x22222024,0x08080822,0x22222224,0x08080808,0x08082222,0x08080808,

	0x17262907,0x04091026,0x10172629,0x10100404,0x04102629,0x04040404,0x04102629,0x04090904,
	0x10172629,0x10090904,0x17262629,0x04101010,0x10101726,0x04100404,0x04101026,0x10100404,
	0x17260801,0x04091026,0x10172608,0x10100404,0x04102608,0x04040404,0x04102608,0x04090904,
	0x10172608,0x10090904,0x17262608,0x04101010,0x10101726,0x04100404,0x04101026,0x10100404,
	0x26100904,0x08083517,0x10101010,0x08351717,0x17100404,0x08351726,0x10090904,0x08352617,
	0x10090910,0x08351717,0x17101009,0x08352617,0x10101709,0x35261726,0x17171010,0x35261717,
	0x08080808,0x0F080808,0x08080808,0x0F080E08,0x08080808,0x010E1F0E,0x08080808,0x081F0E1F,
	0x08080808,0x08081F08,0x08080808,0x08080808,0x08080808,0x08080808,0x08080808,0x08080808,

	0x1F0E1F08,0x08080808,0x081F0808,0x08080808,0x08080808,0x08080F08,0x08080808,0x08080808,
	0x08080808,0x08080808,0x08080808,0x08080808,0x08080808,0x08080808,0x08080808,0x08080808,
	0x08080808,0x0E080808,0x08080808,0x0E080808,0x08080F08,0x1F080808,0x080E0808,0x08080808,
	0x0E1F0E08,0x0F080808,0x1F0E1F08,0x01080808,0x081F0808,0x08080808,0x08080808,0x08080808,
	0x0E1F1F0E,0x0808080E,0x0E08080E,0x0808080E,0x1B0E0E1B,0x0808081F,0x1F0E0E1F,0x08080808,
	0x081F1F08,0x0808080E,0x0E0F080F,0x08080E1F,0x1F0F080F,0x08081F0E,0x08010801,0x0808081F,
	0x2C262606,0x2C2C2C2C,0x26101726,0x2C2C2626,0x10040410,0x26261710,0x10040410,0x10100909,
	0x09100404,0x04100909,0x04040404,0x04100409,0x04040404,0x04041004,0x04040404,0x10101010,

	0x2C2C2C2C,0x2C2C2C06,0x062C2C2C,0x2C2C2C06,0x062C2C26,0x2C2C2C06,0x062C2617,0x2C2C2C06,
	0x06261704,0x2C2C2C06,0x35261004,0x2C2C2C06,0x17171010,0x2C2C2C35,0x17100904,0x2C2C0635,
	0x08080808,0x08080808,0x08080808,0x08080808,0x08080808,0x26080808,0x08080808,0x17260808,
	0x0F080808,0x04172608,0x0F080808,0x04101726,0x26080808,0x10101017,0x26080808,0x04090410,
	0x26101010,0x35262617,0x17101004,0x08353535,0x17171004,0x08223526,0x26351010,0x08203526,
	0x35101017,0x08042035,0x26261717,0x22242035,0x26171726,0x22243535,0x35261735,0x22223524,
	0x08080808,0x06060808,0x08080808,0x152C0606,0x06080808,0x15151519,0x06080808,0x2C2C2C19,
	0x19060808,0x15151921,0x21060808,0x15152121,0x21060808,0x2C2C2121,0x21060808,0x2C2C1921,

	0x06060606,0x06060606,0x15151515,0x15151515,0x2C2C2C15,0x1515152C,0x1515152C,0x15151515,
	0x15151515,0x15151515,0x15152C15,0x152C1515,0x1515152C,0x2C2C2C2C,0x2C2C2C2C,0x0606062C,
	0x06080808,0x06060606,0x15060606,0x15151515,0x2C151515,0x152C2C2C,0x152C1515,0x2C151515,
	0x15152C2C,0x15151515,0x15151515,0x152C1515,0x2C2C1515,0x2C151515,0x2C2C2C2C,0x2C2C2C2C,
	0x08080606,0x08080808,0x06062C15,0x08080808,0x19151515,0x08080F06,0x192C2C2C,0x08080F06,
	0x21191515,0x08080619,0x21211515,0x08080621,0x21212C2C,0x08080621,0x21192C2C,0x08080621,
	0x08080808,0x08080808,0x08080808,0x08080808,0x0E0E0808,0x08080808,0x0E0E1B08,0x0808081B,
	0x1F1F0E0E,0x080F0E0E,0x0F080E0E,0x08010E0E,0x0E0E1B1F,0x08081F1B,0x0E0E1F08,0x0808011F,

	0x08080808,0x08080808,0x08080808,0x08080808,0x08080808,0x08080F08,0x08080808,0x08080F08,
	0x08080808,0x08080E08,0x08080808,0x080E1F0E,0x08080808,0x081F0E1F,0x08080808,0x08081F08,
	0x35080808,0x35142024,0x08080808,0x14141D20,0x08080F08,0x1D141D20,0x0F080808,0x1D1D2020,
	0x0F080808,0x2004200F,0x01080808,0x3524010F,0x08080808,0x01010101,0x08080808,0x08080808,
	0x26171735,0x26262617,0x26262635,0x35262635,0x3535351D,0x24353520,0x24200420,0x22223520,
	0x24352420,0x22242235,0x22222435,0x22222207,0x22222222,0x22222222,0x22220808,0x08080822,
	0x17171726,0x04041026,0x10172635,0x10100404,0x04102635,0x04040404,0x04102635,0x04090904,
	0x10172622,0x10090904,0x17262622,0x04101010,0x10101726,0x04100404,0x04101026,0x10100404,

	0x26100904,0x2C2C3517,0x10101010,0x2C351717,0x17100404,0x2C351726,0x10090904,0x06352617,
	0x10090910,0x18351717,0x17101009,0x18352617,0x10101709,0x35261726,0x17171010,0x35261717,
	0x17260808,0x04091026,0x10172608,0x10100404,0x04102608,0x04040404,0x04102608,0x04090904,
	0x10172608,0x10090904,0x17262608,0x04101010,0x10101726,0x04100404,0x04101026,0x10100404,
	0x26100404,0x26171717,0x04041010,0x35261710,0x04040410,0x35261004,0x04090904,0x35261004,
	0x04090910,0x22261710,0x10101004,0x22262617,0x04041004,0x26171010,0x04041010,0x26101004,
	0x26352626,0x26172635,0x35262635,0x35262635,0x20353535,0x1D353520,0x20352422,0x20202004,
	0x35222222,0x20203524,0x22222222,0x35352222,0x22080808,0x22222222,0x08080808,0x22080808,

	0x22352635,0x08222224,0x201D3535,0x08222222,0x201D141D,0x08222222,0x20201D1D,0x08082222,
	0x22202004,0x08082222,0x22332024,0x08080822,0x22332224,0x08080808,0x08012207,0x08080808,
	0x21180808,0x2C2C2121,0x19180808,0x2C061921,0x19180F08,0x06060621,0x19180808,0x2C2C0619,
	0x18080808,0x06060619,0x18080808,0x06060606,0x08080808,0x06061818,0x08080808,0x18180808,
	0x0606062C,0x2C2C2C06,0x2C2C2C2C,0x2C2C2C2C,0x2C2C2C2C,0x2C2C2C2C,0x06060606,0x2C060606,
	0x2C2C2C06,0x0606062C,0x06060606,0x06060606,0x06060606,0x18181806,0x18181818,0x29292918,
	0x06060606,0x2C060606,0x2C2C2C2C,0x2C2C2C2C,0x2C060606,0x2C2C2C2C,0x06060606,0x06060606,
	0x2C060606,0x062C2C2C,0x062C2C2C,0x06060606,0x06060606,0x06060606,0x18181818,0x18181818,

	0x21212C2C,0x08081821,0x2119062C,0x08081819,0x21060606,0x29291819,0x19062C2C,0x29291819,
	0x19060606,0x29292918,0x06060606,0x29292918,0x18180606,0x08292929,0x29071818,0x08082929,
	0x1F1F0808,0x08080808,0x08080808,0x08080808,0x08080F08,0x08080808,0x08080808,0x08080808,
	0x08080808,0x0E080808,0x08080808,0x1F0E0808,0x08080808,0x0E1F0808,0x08080808,0x1F080808,
	0x08080808,0x08080808,0x08080808,0x08080808,0x08080808,0x08080808,0x08080808,0x08080808,
	0x080F0808,0x08080808,0x080F080E,0x08080808,0x080F081F,0x08080808,0x08010801,0x08080808,
	0x08080808,0x08080808,0x08080808,0x08080808,0x0E0F0808,0x08080808,0x1F0E080F,0x08080F0E,
	0x0E1F0F0F,0x08080F1F,0x1F0F0F01,0x0808010F,0x01010108,0x08080801,0x08080808,0x08080808,

	0x08080808,0x08080808,0x08080808,0x08080808,0x08080808,0x0808080F,0x0E080808,0x0808080F,
	0x1F0E0808,0x0808080E,0x0E1F080F,0x0808081F,0x1F0E0E08,0x08080808,0x1B0E0E1B,0x08080808,
	0x26101010,0x35262617,0x17101004,0x29353535,0x17171004,0x29223526,0x26351010,0x08203526,
	0x35101017,0x08042035,0x26261717,0x22242035,0x26171726,0x22243535,0x35261735,0x22223524,
	0x08080808,0x29292929,0x08080808,0x29080808,0x080F0808,0x08080808,0x0F0F080F,0x08080F08,
	0x0F0F0F0F,0x08080F0F,0x1F0F0F1F,0x08081F0F,0x1F1F1F08,0x0808081F,0x08080808,0x08080808,
	0x29292929,0x29292929,0x29292929,0x29292929,0x29290808,0x2929291A,0x08080808,0x0808080F,
	0x08080808,0x0808081F,0x0808080F,0x08080808,0x08080808,0x08080808,0x08080808,0x08080808,

	0x29292929,0x29292929,0x29292929,0x291A2929,0x29292929,0x0F1F2929,0x08080808,0x0F080808,
	0x08080808,0x1F080808,0x08080F08,0x08080808,0x08081F0F,0x08080808,0x0808080F,0x08080808,
	0x29292929,0x08080808,0x0F080829,0x08080808,0x08080808,0x08080808,0x08080F08,0x08080808,
	0x08080F08,0x08080808,0x08080808,0x08080808,0x08080808,0x08080808,0x08080808,0x08080F08,
	0x08080808,0x0E080808,0x08080808,0x0E080808,0x08080808,0x1F0F0808,0x080E0808,0x08010808,
	0x0E1F0E08,0x08080808,0x1F0E1F08,0x08080808,0x081F0808,0x0808080F,0x08080808,0x08080808,
	0x0E1F1F0E,0x0808080E,0x0E08010E,0x0808080E,0x1B0E0E1B,0x0808081F,0x1F0E0E1F,0x08080808,
	0x0F1F1F08,0x0808080E,0x0E080808,0x08080E1F,0x1F080808,0x08081F0E,0x08080808,0x0808081F,

	0x26352626,0x26172635,0x35262635,0x35262635,0x20353535,0x1D353520,0x20352422,0x20202004,
	0x35222222,0x20203524,0x07222222,0x35350733,0x22080808,0x07070707,0x08080808,0x22080808,
	0x07352635,0x08222224,0x201D3535,0x08222222,0x201D141D,0x08223322,0x20201D1D,0x08080733,
	0x22202004,0x08082233,0x22222024,0x08080807,0x22222224,0x08080808,0x08082222,0x08080808,
	0x08080F08,0x08080808,0x08081F0F,0x08080808,0x0808080F,0x08080808,0x0F08081F,0x0808080F,
	0x0F080808,0x0808080F,0x08080808,0x1F080808,0x08080808,0x1C1F0808,0x08080808,0x181C1F08,
	0x08080808,0x08080808,0x08080808,0x08080808,0x08080808,0x08080F08,0x08080808,0x08080F08,
	0x08080808,0x08080108,0x08080808,0x08080808,0x080E0808,0x08080808,0x0E1F0E08,0x08080808,

	0x08080808,0x08080808,0x08080808,0x080F0808,0x0E080808,0x0F010808,0x1F0E0808,0x0F08080E,
	0x0E1F0808,0x0108081F,0x1F080F08,0x08080808,0x0808010F,0x08080808,0x0808080F,0x08080808,
	0x08080808,0x08080808,0x0F080808,0x08080808,0x08080808,0x08080808,0x0E080F08,0x08080808,
	0x1F0E0F08,0x0808080E,0x0E1F0808,0x0808081F,0x1F0E0E08,0x08080808,0x1B0E0E1B,0x08080F08,
	0x08080808,0x2C060808,0x08080808,0x2C180808,0x08080808,0x061F0F08,0x08080808,0x06080F08,
	0x08080808,0x06081F08,0x08080808,0x06080808,0x08080808,0x061F0808,0x08080F08,0x061F0808,
	0x2C2C2C2C,0x06062C2C,0x2C2C2C2C,0x062C2C2C,0x2C2C2C2C,0x062C2C2C,0x2C2C2C2C,0x062C2C2C,
	0x2C2C2C2C,0x062C2C2C,0x2C2C2C2C,0x06062C2C,0x2C2C2C2C,0x06062C2C,0x2C2C2C06,0x18062C2C,

	0x2C2C2C06,0x2C062C2C,0x2C2C2C06,0x2C062C2C,0x2C2C2C2C,0x2C2C2C2C,0x2C062C2C,0x2C2C2C2C,
	0x2C062C2C,0x2C2C2C2C,0x2C2C2C2C,0x2C2C062C,0x2C2C2C2C,0x2C2C062C,0x062C2C2C,0x2C2C062C,
	0x08080808,0x08080808,0x08080808,0x08080E08,0x08080F08,0x080E1F0E,0x08080808,0x081F0E1F,
	0x08080808,0x0F081F08,0x08080808,0x01080808,0x08080808,0x08080808,0x08080808,0x08080808,
	0x1F0E1F08,0x08080808,0x081F0808,0x08080808,0x08080808,0x08080808,0x08080808,0x08080808,
	0x080F0808,0x08080808,0x080F080F,0x08080808,0x080F080F,0x08080808,0x08010801,0x08080808,
	0x08080801,0x0E080808,0x08080808,0x0E080808,0x08080808,0x1F080F08,0x0F0E0808,0x080F0F08,
	0x0E1F0E08,0x0F0F0F0F,0x1F0E1F08,0x0F0F010F,0x081F0808,0x01010101,0x08080808,0x08080808,

	0x0E1F1F0E,0x0808080E,0x0E08080E,0x0808080E,0x1B0E0E1B,0x0808081F,0x1F0E0E1F,0x08080808,
	0x0F1F1F0F,0x0808080E,0x0E080801,0x08080E1F,0x1F080808,0x08081F0E,0x08080808,0x0808081F,
	0x08080808,0x0F080808,0x08080808,0x0F080808,0x08080808,0x1F080808,0x081F0808,0x081F1F1F,
	0x1F1F081F,0x1F1F1F1F,0x1F1F1F1F,0x1F1F1F1F,0x07181F1F,0x1F181818,0x18060718,0x07060606,
	0x080F0F08,0x2C18080F,0x0F0F0F0F,0x2C1F080F,0x0F0F1F0F,0x061F1F1F,0x1F1F1F1F,0x061F1F1F,
	0x1F1F1F1F,0x06071F1F,0x1F1F1F1F,0x0618071F,0x0718071F,0x06061818,0x18061818,0x18060606,
	0x2C2C2C06,0x18062C2C,0x2C062C06,0x18062C2C,0x06180606,0x18182C2C,0x06181806,0x062C1806,
	0x18060618,0x06062C18,0x18060618,0x18060618,0x06181806,0x2C181806,0x29292929,0x18062929,

	0x062C2C2C,0x2C2C182C,0x2C2C2C06,0x2C2C1806,0x062C2C06,0x2C061818,0x18180618,0x2C061818,
	0x2C2C1818,0x18181818,0x062C182C,0x18181806,0x062C1806,0x06061806,0x18180618,0x06060618,
	0x08080808,0x08080808,0x08080808,0x08080808,0x0E0F0808,0x08080808,0x1F0E080F,0x08080F0E,
	0x0E1F0F0F,0x08080F1F,0x1F0F0F1F,0x08081F0F,0x1F1F1F08,0x0808081F,0x08080808,0x08080808,
	0x2C2C2C06,0x2C2C2C2C,0x2C2C0629,0x2C2C2C2C,0x2C2C0629,0x2C2C2C2C,0x2C2C0629,0x2C062C2C,
	0x2C2C0629,0x2C062C2C,0x2C061A29,0x2C2C062C,0x2C06311A,0x2C062C2C,0x2C06291A,0x2C2C2C06,
	0x2C2C2C2C,0x2C2C2C06,0x062C2C2C,0x2C2C2C06,0x062C2C2C,0x2C2C2C06,0x062C2C2C,0x2C2C2C06,
	0x062C2C2C,0x2C2C2C06,0x18062C2C,0x2C2C2C06,0x18062C2C,0x2C2C2C06,0x18062C2C,0x2C2C0618,

	0x062C2C2C,0x2C2C2C06,0x062C2C2C,0x2C2C2C06,0x062C2C2C,0x2C2C2C06,0x062C2C2C,0x2C2C2C06,
	0x062C2C2C,0x2C2C2C18,0x062C2C2C,0x2C2C0618,0x062C2C2C,0x2C2C0618,0x18062C2C,0x2C2C0618,
	0x2C2C2C2C,0x06182C2C,0x2C2C2C2C,0x29182C2C,0x062C2C2C,0x2918062C,0x2C062C2C,0x29180606,
	0x062C2C2C,0x2906182C,0x2C2C2C2C,0x2929182C,0x062C2C2C,0x2929182C,0x062C2C2C,0x2929182C,
	0x29292929,0x29292929,0x29292929,0x29292929,0x2B291A29,0x2B292B2B,0x082B1A29,0x082B0808,
	0x082B0729,0x082B3232,0x082B2929,0x2B083232,0x27062929,0x2B080808,0x27292929,0x2B2B0827,
	0x29292929,0x29292929,0x2929292B,0x29292929,0x2B292B08,0x29292B2B,0x082B0808,0x082B0808,
	0x322B0808,0x082B0832,0x32082B08,0x162B0832,0x08082B27,0x16162708,0x082B2B2B,0x08162727,

	0x29292929,0x29292929,0x29292929,0x29292929,0x29292929,0x29292929,0x29290808,0x29292929,
	0x0F080808,0x080F2929,0x0F080808,0x08010F08,0x0F080808,0x08080F08,0x01080808,0x08080108,
	0x29292929,0x29292929,0x29292929,0x29292929,0x08292929,0x29291A08,0x08080808,0x29080F08,
	0x08080808,0x08080108,0x08080808,0x08080808,0x08080808,0x08080808,0x08080808,0x08080808,
	0x29292929,0x29292929,0x29292929,0x291A2929,0x29292929,0x1A072929,0x29290808,0x1A292929,
	0x08080808,0x01082929,0x08080F08,0x08080808,0x0808010F,0x08080808,0x0808080F,0x08080808,
	0x29292929,0x29292929,0x1A292929,0x29292929,0x08292929,0x29292908,0x08080F08,0x29080808,
	0x08080F08,0x08080808,0x08080808,0x08080808,0x08080808,0x08080808,0x08080808,0x08080F08,

	0x08080808,0x0E080808,0x08080808,0x0E080808,0x08080808,0x1F0F0808,0x080E0808,0x081F0808,
	0x0E1F0E08,0x08080808,0x1F0E1F08,0x08080808,0x081F0808,0x0808080F,0x08080808,0x08080808,
	0x0E1F1F0E,0x0808080E,0x0E081F0E,0x1F1F1F0E,0x1B0E0E1B,0x1F1F1F1F,0x1F0E0E1F,0x07131307,
	0x071F1F08,0x1305050E,0x0E080808,0x03030E1F,0x1F080808,0x03031F0E,0x13080808,0x0D03031F,
	0x2C062931,0x2C2C2C06,0x2C062929,0x2C2C2C06,0x2C060631,0x2C062C06,0x18180631,0x2C182C18,
	0x062C1802,0x18181806,0x06061812,0x062C1818,0x18181212,0x06061806,0x23230D0D,0x18180623,
	0x18062C2C,0x2C2C0618,0x1818062C,0x2C2C0618,0x2C18062C,0x2C061806,0x06061806,0x06181806,
	0x06061806,0x18062C18,0x18180618,0x18060618,0x12230618,0x06181806,0x23232306,0x12121212,

	0x2C2C2C06,0x18062C2C,0x2C062C06,0x18062C2C,0x06180606,0x18182C2C,0x06181806,0x062C1806,
	0x18060618,0x06062C18,0x18060618,0x18060618,0x06181806,0x2C181806,0x23232323,0x18062323,
	0x2C2C2C06,0x18062C2C,0x2C062C06,0x18062C2C,0x06180606,0x18182C2C,0x06181806,0x062C1806,
	0x18060618,0x06062C18,0x18060618,0x18060618,0x06181806,0x2C181806,0x02121223,0x18062931,
	0x18062C2C,0x2C2C0618,0x18062C2C,0x2C060618,0x2C18062C,0x2C06182C,0x2C181818,0x18180606,
	0x1818062C,0x18180606,0x06180606,0x18181818,0x29061818,0x18062929,0x29292929,0x06292929,
	0x062C2C2C,0x2929182C,0x062C2C2C,0x2906182C,0x182C062C,0x29181818,0x182C182C,0x06181818,
	0x2C181818,0x18181806,0x1818062C,0x18180606,0x06180606,0x06181818,0x29061818,0x29292929,

	0x2B292929,0x082B2B2B,0x082B2929,0x08082B08,0x082B2929,0x32082B08,0x2B292929,0x3208272B,
	0x16292929,0x08272728,0x29292929,0x16161616,0x29292929,0x16080808,0x29292929,0x08080808,
	0x08080808,0x08080808,0x08080808,0x08080808,0x080F0808,0x08080808,0x0F0F080F,0x08080F08,
	0x0F0F0F0F,0x08080F0F,0x0F1F0F1F,0x08081F0F,0x1F1F1F08,0x0808081F,0x08080808,0x08080808,
	0x08080808,0x0D0D0313,0x08080808,0x0D0D0313,0x08080808,0x0D0D0513,0x08080808,0x0D0D131F,
	0x08080808,0x0D0D131F,0x08080808,0x0D0D0513,0x08080808,0x0D0D0513,0x08080808,0x0D0D131F,
	0x0D0D0D0D,0x23232323,0x0D0D0D0D,0x23230D0D,0x0D0D0D0D,0x0D0D0D0D,0x0D0D0D0D,0x0D0D0D0D,
	0x0D0D0D0D,0x0D0D0D0D,0x0D0D0D0D,0x0D0D0D0D,0x0D0D0D0D,0x0D0D0D0D,0x0D0D0D0D,0x0D0D0D0D,

	0x23232323,0x23232323,0x23232323,0x23232323,0x23230D0D,0x230D0D23,0x0D0D0D0D,0x0D0D0D0D,
	0x0D0D0D0D,0x0D0D0D0D,0x0D0D0D0D,0x0D0D0D0D,0x0D0D0D0D,0x0D0D0D0D,0x0D0D0D0D,0x0D0D0D0D,
	0x23232323,0x23232323,0x23232323,0x23232323,0x23232323,0x0D232323,0x23230D0D,0x06022323,
	0x0D0D0D0D,0x13052323,0x0D0D0D0D,0x0D0D0D0D,0x0D0D0D0D,0x0D2C2C0D,0x050D0D0D,0x2C15152C,
	0x23232323,0x23232323,0x23060623,0x23232323,0x2C0B0B06,0x23232305,0x25151515,0x230D132C,
	0x13252513,0x0D0D0513,0x05131305,0x0D0D230D,0x23232323,0x0D0D0D23,0x23230D05,0x0D0D0D23,
	0x23232323,0x23232323,0x23232323,0x23232323,0x23232323,0x0D232323,0x0D230D0D,0x0D0D0D0D,
	0x0D0D0D0D,0x0D0D0D0D,0x0D0D0D0D,0x0D0D0D0D,0x0D0D0D0D,0x0D0D0D0D,0x0D0D0D0D,0x0D0D0D0D,

	0x23232323,0x23232323,0x23232323,0x23232323,0x23230D0D,0x23232323,0x0D0D0D0D,0x0D0D0D0D,
	0x0D0D0D0D,0x0D0D0D0D,0x0D0D0D0D,0x0D0D0D0D,0x0D0D0D0D,0x0D0D0D0D,0x0D0D0D0D,0x0D0D0D0D,
	0x23232323,0x23232323,0x23232323,0x23232323,0x23232323,0x23232323,0x23230D0D,0x23232323,
	0x0D0D0D0D,0x0D0D2323,0x0D0D0D0D,0x0D0D0D0D,0x0D0D0D0D,0x0D0D0D0D,0x0D0D0D0D,0x0D0D0D0D,
	0x23232323,0x23232323,0x23232323,0x23232323,0x0D232323,0x2323230D,0x0D0D0D0D,0x230D0D0D,
	0x0D0D0D0D,0x0D0D0D0D,0x0D0D0D0D,0x0D0D0D0D,0x0D0D0D0D,0x0D0D0D0D,0x0D0D0D0D,0x0D0D0D0D,
	0x31022323,0x29292929,0x020D2323,0x29292929,0x02122323,0x29292931,0x02120D0D,0x29292931,
	0x050D0D0D,0x08082902,0x050D0D0D,0x08080813,0x13050D0D,0x0808081F,0x1F130D0D,0x08080808,

	0x29292929,0x29292929,0x29292929,0x29292929,0x08292929,0x29292908,0x08080808,0x29080808,
	0x08080808,0x08080808,0x08080808,0x08080808,0x08080808,0x08080808,0x08080808,0x08080808,
	0x29292929,0x29292929,0x29292929,0x29292929,0x291A2929,0x08292929,0x0F1A080F,0x08080F08,
	0x0F0F0F0F,0x08080F0F,0x1F0F0F1F,0x08081F0F,0x1F1F1F08,0x0808081F,0x08080808,0x08080808,
	0x08082929,0x08080808,0x08080829,0x08080808,0x080F0808,0x08080808,0x0F0F080F,0x08080F08,
	0x0F0F0F0F,0x08080F0F,0x1F0F0F1F,0x08081F0F,0x1F1F1F08,0x0808081F,0x08080808,0x08080808,
	0x08080F08,0x08080808,0x08081F0F,0x1F1F1F08,0x0808080F,0x1F1F1F1F,0x1F08081F,0x07131307,
	0x07080808,0x13050513,0x13080808,0x03030D05,0x13080808,0x0303030D,0x13080808,0x0D030303,

	0x08080808,0x08080808,0x1F1F0F08,0x0808081F,0x1F1F1F1F,0x1F1F1F1F,0x13131F1F,0x1F1F1F13,
	0x0D051313,0x13131305,0x03030D05,0x050D0303,0x03030303,0x03030303,0x0D0D0D03,0x030D0D0D,
	0x08080808,0x0D0D1308,0x08080808,0x0D0D131F,0x1F1F0808,0x0D0D131F,0x1F1F1F1F,0x0D0D0513,
	0x13131F1F,0x0D0D0305,0x03051313,0x0D0D0303,0x03030303,0x0D0D0D03,0x0D030303,0x0D0D0D0D,
	0x0D0D0D0D,0x0D0D0D0D,0x0D0D0D0D,0x0D0D0D0D,0x0D0D0D0D,0x0D0D0D0D,0x0D0D0D0D,0x0D0D0D0D,
	0x0D0D0D0D,0x0D0D0D0D,0x0D0D0D0D,0x0D0D0D0D,0x0D0D0D0D,0x0D0D0D0D,0x0D0D0D0D,0x0D0D0D0D,
	0x2C130D0D,0x25151515,0x13050D0D,0x13252513,0x0D0D0D0D,0x05131305,0x230D0D0D,0x23232323,
	0x0D0D0D0D,0x23232323,0x0D0D0D0D,0x0D0D0D0D,0x0D0D0D0D,0x0D0D0D0D,0x0D0D0D0D,0x0D0D0D0D,

	0x0D0D132C,0x0D0D0D0D,0x0D0D0513,0x0D0D0D0D,0x0D0D0D0D,0x0D0D0D0D,0x0D0D0D23,0x0D0D0D0D,
	0x0D0D0D0D,0x0D0D0D0D,0x0D0D0D0D,0x0D0D0D0D,0x0D0D0D0D,0x0D0D0D0D,0x0D0D0D0D,0x0D0D0D0D,
	0x08130D0D,0x0F080808,0x1F130D0D,0x0F080F08,0x1F130D0D,0x1F081F1F,0x13050D0D,0x1F1F1F1F,
	0x05030D0D,0x1F1F1313,0x03030D0D,0x1313050D,0x030D0D0D,0x03030303,0x0D0D0D0D,0x0303030D,
	0x08080808,0x08080808,0x08080808,0x08080808,0x1F1F0808,0x08080F1F,0x1F1F1F1F,0x1F1F1F1F,
	0x13131F1F,0x1F1F1F13,0x0D051313,0x13131305,0x03030303,0x03030303,0x03030303,0x03030303,
	0x08080808,0x08080808,0x1F081F1F,0x08080808,0x1F1F1F1F,0x080F0808,0x1F071313,0x081F081F,
	0x13130505,0x0808081F,0x050D0303,0x08080813,0x05030303,0x08080813,0x1303030D,0x0808081F,

	0x1F080808,0x0D0D0D13,0x1F080808,0x0D0D0D13,0x1F1F0808,0x0D0D0D13,0x131F0808,0x0D0D0D0D,
	0x05130808,0x0D0D0D0D,0x0D130808,0x0D0D0D0D,0x0D130808,0x0D0D0D0D,0x05130808,0x0D0D0D0D,
	0x0D0D0D0D,0x0D0D0D0D,0x0D0D0D0D,0x0D0D0D0D,0x0D0D0D0D,0x0D0D0D0D,0x0D0D0D0D,0x0D0D0A0D,
	0x0D0D0D0D,0x0D0D0D0D,0x0D0D0D0D,0x130A0D0D,0x0D0D0D0D,0x0513130A,0x13050A0D,0x0A0A0513,
	0x130D0D0D,0x08080808,0x130D0D0D,0x08080808,0x1F130D0D,0x08080808,0x08130D0D,0x08080F08,
	0x08130D0D,0x08080F0F,0x1F130D0D,0x08081F0F,0x1F130D0D,0x08080808,0x13050D0D,0x08080808,
	0x13080808,0x0D0D0D05,0x1F080808,0x0D0D0D13,0x08080808,0x0D0D0D13,0x08080808,0x0D0D0D13,
	0x080F0808,0x0D0D0D13,0x080F080F,0x0D0D0D13,0x080F080F,0x0D0D0D13,0x1F1F081F,0x0D0D0D13,

	0x0A0A0A0D,0x0D0D0D0A,0x0A0A0D0D,0x0D0D0D0D,0x0D0D0D0D,0x0D0D0D0D,0x0D0D0D0D,0x0D0D0A0D,
	0x0D0D0D0D,0x0D0D0D0D,0x0D0D0D0D,0x0D0D0D0D,0x0D0D0D0D,0x0D0D0D0D,0x0D0D0D0D,0x0D0D0D0D,
	0x0A0A0D0D,0x0D0A0A0A,0x0D0D0D0D,0x0D0D0A0A,0x0D0D0D0D,0x0D0D0D0D,0x0D0A0D0D,0x0D0D0D0D,
	0x0D0D0D0D,0x0D0D0D0D,0x0D0D0D0D,0x0D0D0D0D,0x0D0D0D0D,0x0D0D0D0D,0x0D0D0D0D,0x0D0D0D0D,
	0x13050D0D,0x08080808,0x1F130D0D,0x08080808,0x08130D0D,0x08080808,0x08130D0D,0x08080808,
	0x1F130D0D,0x0F080808,0x1F130D0D,0x0F0F0808,0x13050D0D,0x1F1F0808,0x130D0D0D,0x0808081F,
	0x04040404,0x04040404,0x04040404,0x09090904,0x04040404,0x04090904,0x04040404,0x10040404,
	0x04040404,0x04100404,0x04040404,0x04040404,0x04040404,0x04040404,0x04040404,0x04040404,

	0x17101010,0x35262617,0x17171004,0x26101726,0x10101004,0x10040410,0x04040410,0x04040410,
	0x04040404,0x04041004,0x09090404,0x04040404,0x09090904,0x04040409,0x09090904,0x04040404,
	0x08262608,0x08080808,0x26101726,0x08082626,0x10040410,0x26261710,0x10090910,0x10100909,
	0x04100904,0x04100909,0x04040404,0x04100404,0x04040404,0x04041004,0x04040404,0x04040404,
	0x08080808,0x08262608,0x26260808,0x26101726,0x10172626,0x10040410,0x04041017,0x04040410,
	0x09091004,0x04041004,0x09041004,0x04040409,0x04040404,0x04040404,0x04040404,0x04040404,
	0x08080808,0x08080808,0x1C1C0808,0x081C0808,0x1F1F1C26,0x1C081C1C,0x08082617,0x1F080808,
	0x08261704,0x08080808,0x35261004,0x08080808,0x17171010,0x08080835,0x17100904,0x08080F35,

	0x08080808,0x1C080808,0x1C1C0808,0x1F1C1C1C,0x08081C1C,0x0F1F1F1F,0x08081F08,0x0F080808,
	0x08080808,0x1F080808,0x08080F08,0x08080808,0x08081F08,0x08080808,0x08080808,0x08080808,
	0x08081C1C,0x08080808,0x1C1C1F08,0x08081C1C,0x08080808,0x081C1F08,0x08080F08,0x1C1F0808,
	0x08080F08,0x1C080808,0x08080808,0x1C1F0808,0x08080808,0x081C0808,0x08080808,0x081C0F08,
	0x04040404,0x04040404,0x04040404,0x04040909,0x04040404,0x04040909,0x04040404,0x04040404,
	0x04040404,0x04040404,0x04040404,0x04040404,0x04040404,0x04040404,0x04040404,0x04040404,
	0x04040404,0x04040404,0x04040404,0x04040404,0x04040404,0x04040404,0x04040404,0x04040404,
	0x09040404,0x04040409,0x09040404,0x04040909,0x04040404,0x04040909,0x04040404,0x04040404,

	0x04040404,0x04040404,0x04040404,0x04040404,0x04040404,0x04040404,0x04040404,0x09040404,
	0x04040404,0x09090404,0x04090904,0x09090404,0x09090904,0x09040404,0x09090404,0x04040404,
	0x04040404,0x04040404,0x04040404,0x04040404,0x04040404,0x04040404,0x04040409,0x04040404,
	0x04040409,0x04040404,0x04040409,0x09090404,0x04040404,0x09090904,0x04040404,0x04090904,
	0x08080808,0x1C1F0808,0x08080808,0x1C080808,0x08080808,0x1C080808,0x0F08080F,0x1C080808,
	0x0F08080F,0x1C080808,0x1F08081F,0x1C1F0808,0x08080808,0x081C0808,0x08080808,0x081C0808,
	0x04040404,0x04040404,0x04040404,0x04040404,0x04040404,0x04040404,0x04040404,0x04040404,
	0x04040404,0x04040404,0x04040404,0x04040404,0x09090404,0x04040409,0x09090404,0x04040909,

	0x04040404,0x04040404,0x04040404,0x04040404,0x09040404,0x04040409,0x09040404,0x04040409,
	0x04040904,0x04040404,0x04040404,0x04040404,0x04040404,0x04040404,0x04040404,0x04040404,
	0x08080808,0x1C1C1F08,0x08080808,0x1C1F0808,0x08080826,0x1F080F08,0x08082617,0x08080F08,
	0x08261704,0x08081F08,0x35261004,0x08080808,0x17171010,0x08080835,0x17100904,0x08080835,
	0x08080808,0x08080808,0x1C1C0808,0x08081C1C,0x081F1C1C,0x081C1F08,0x08080808,0x1C1F0808,
	0x08080808,0x0F080808,0x08080F08,0x08080808,0x08081F0F,0x08080808,0x0808080F,0x08080808,
	0x1F080808,0x0D0D0D13,0x1C1C0808,0x0D1C0D0D,0x1F1F1C1C,0x1C081C1C,0x08080F08,0x1F080808,
	0x08080F08,0x08080808,0x08080808,0x08080808,0x08080808,0x08080808,0x08080808,0x08080F08,

	0x0D0D0D0D,0x0D0D0D0D,0x1C1C0D0D,0x0D0D1C1C,0x081F1C1C,0x261C1F08,0x08080808,0x17260808,
	0x08080808,0x04172608,0x08080F08,0x04101726,0x26081F0F,0x10101017,0x2608080F,0x04090410,
	0x0D0D0D0D,0x0D26260D,0x26260D0D,0x26171026,0x10172626,0x10040410,0x09091010,0x10040410,
	0x09091004,0x04041009,0x09041004,0x04040404,0x04100404,0x04040404,0x10101010,0x04040404,
	0x0D0D0D0D,0x0D0D0D0D,0x1C1C0D0D,0x0D1C0D0D,0x1F1F1C26,0x1C081C1C,0x08082617,0x1F080808,
	0x08261704,0x08080808,0x35261004,0x08080808,0x17171010,0x08080835,0x17100904,0x08080F35,
	0x0D0D0D0D,0x1C0D0D0D,0x1C1C0D0D,0x1F1C1C1C,0x08081C1C,0x0F1F1F1F,0x08081F08,0x0F080808,
	0x08080808,0x1F080808,0x08080F08,0x08080808,0x08081F08,0x08080808,0x08080808,0x08080808,

	0x0D0D1C1C,0x0D0D0D0D,0x1C1C1F08,0x0D0D1C1C,0x08080808,0x0D1C1F08,0x08080F08,0x1C1F0808,
	0x08080F08,0x1C080808,0x08080808,0x1C1F0808,0x08080808,0x0D1C0808,0x08080808,0x0D1C0F08,
	0x0D0D0D0D,0x0D0D0D0D,0x0D0D0D0D,0x0D0D0D0D,0x0D0D0D0D,0x260D0D0D,0x0D0D0D0D,0x17260D0D,
	0x0D0D0D0D,0x0417260D,0x0D0D0D0D,0x04101726,0x260D0D0D,0x10101017,0x260D0D0D,0x04090410,
	0x0D0D0D0D,0x0D0D0D0D,0x0D0D0D0D,0x0D0D0D0D,0x0D0D0D26,0x0D0D0D0D,0x0D0D2617,0x0D0D0D0D,
	0x0D261704,0x0D0D0D0D,0x35261004,0x0D0D0D0D,0x17171010,0x0D0D0D35,0x17100904,0x0D0D0D35,
	0x09040404,0x04040409,0x04040404,0x04040404,0x04040404,0x04040404,0x04040404,0x04040404,
	0x04040404,0x04040404,0x09040404,0x04040409,0x04040404,0x04040909,0x04040404,0x04040404,

	0x04040404,0x04040404,0x04040404,0x04040909,0x09040404,0x04040409,0x04040404,0x04040404,
	0x04040404,0x04040404,0x04040404,0x04040404,0x04040404,0x04040404,0x04040404,0x04040404,
	0x1726081F,0x04091026,0x10172608,0x10100404,0x04102608,0x04040404,0x04102608,0x04090904,
	0x10172608,0x10090904,0x17262608,0x04101010,0x10101726,0x04100404,0x04101026,0x10100404,
	0x08080808,0x1C1F0808,0x08080808,0x1C080808,0x08080808,0x1C080808,0x0F08080F,0x1C080808,
	0x0F08080F,0x1C080808,0x1F08081F,0x1C1F0808,0x08080808,0x0D1C0808,0x08080808,0x0D1C0808,
	0x17260D0D,0x04091026,0x1017260D,0x10100404,0x0410260D,0x04040404,0x0410260D,0x04090904,
	0x1017260D,0x10090904,0x1726260D,0x04101010,0x10101726,0x04100404,0x04101026,0x10100404,

	0x26100904,0x0D0D3517,0x10101010,0x0D351717,0x17100404,0x0D351726,0x10090904,0x0D352617,
	0x10090910,0x0D351717,0x17101009,0x0D352617,0x10101709,0x35261726,0x17171010,0x35261717,
	0x04040404,0x04040404,0x04040404,0x04040404,0x04040404,0x04040404,0x04040404,0x04040404,
	0x04040404,0x04040404,0x04040404,0x04040909,0x09040404,0x04090909,0x04040404,0x04090909,
	0x08080808,0x1C262608,0x26260808,0x26101726,0x10172626,0x10040410,0x04041017,0x04040410,
	0x09091004,0x04041004,0x09041004,0x04040409,0x04040404,0x04040404,0x04040404,0x04040404,
	0x26101010,0x35262617,0x17101004,0x0D353535,0x17171004,0x1C223526,0x26351010,0x1F203526,
	0x35101017,0x08042035,0x26261717,0x22242035,0x26171726,0x22243535,0x35261735,0x22223524,

	0x0D0D0D0D,0x0D0D0D0D,0x1C1C0D0D,0x0D0D1C1C,0x081F1C1C,0x0D1C1F08,0x08080808,0x1C1F0808,
	0x08080808,0x0F080808,0x08080F08,0x08080808,0x08081F0F,0x08080808,0x0808080F,0x08080808,
	0x0D0D0D0D,0x0D0D0D0D,0x1C1C0D0D,0x0D1C0D0D,0x1F1F1C1C,0x1C081C1C,0x08080F08,0x1F080808,
	0x08080F08,0x08080808,0x08080808,0x08080808,0x08080808,0x08080808,0x08080808,0x08080F08,
	0x130D0D0D,0x0808081F,0x1C1C0D0D,0x08081C1C,0x081F1C1C,0x081C1F08,0x08080808,0x1C1F0808,
	0x08080808,0x0F080808,0x08080F08,0x08080808,0x08081F0F,0x08080808,0x0808080F,0x08080808,
	0x08080808,0x08080808,0x1C1C0808,0x081C0808,0x1F1F1C1C,0x1C081C1C,0x08080F08,0x1F080808,
	0x08080F08,0x08080808,0x08080808,0x08080808,0x08080808,0x08080808,0x08080808,0x08080F08,

	0x26100404,0x26171717,0x04041010,0x35261710,0x04040410,0x35261004,0x04040404,0x35261004,
	0x04041010,0x22261710,0x10101004,0x22262617,0x04041004,0x26171010,0x10041010,0x26171710,
	0x26352626,0x26172635,0x35262635,0x35262635,0x20353535,0x1D353520,0x20352422,0x20202004,
	0x35222222,0x20203524,0x34222222,0x35353433,0x22080808,0x34343434,0x08080808,0x22080808,
	0x22352635,0x08222224,0x201D3535,0x08222222,0x201D141D,0x08222222,0x20201D1D,0x08082222,
	0x33202004,0x08082222,0x34222024,0x08080822,0x22222224,0x08080808,0x08082222,0x08080808,
	0x41414141,0x3E3E3E41,0x413E4141,0x3E3E3E3E,0x3E3E3E41,0x483E3E3E,0x3E3E3E3E,0x48483E3E,
	0x3E483F3F,0x3848483E,0x3E483E3E,0x3E3E3E3E,0x483E4848,0x483E3E3F,0x3E3E483E,0x3E3E483E,

	0x3E3E3E3E,0x483E3E3E,0x3E3E3E48,0x483E483E,0x3E483E38,0x3E3E4848,0x483F3E38,0x483E483E,
	0x48483F3E,0x48483E3E,0x3E483F48,0x3E483F3F,0x483E3E3E,0x3E3E3939,0x3E483E48,0x3E3E3E3F,
	0x3E483F48,0x483E3E3E,0x3E3E3E3E,0x3E3E4848,0x48483F3F,0x483E393F,0x3E48483F,0x3F3E3F3F,
	0x3E48483E,0x3E384848,0x393E3E48,0x3E38483F,0x3F48483F,0x383E383F,0x48483F48,0x38483E48,
	0x483E3E48,0x3E48483F,0x48483E3E,0x3E3E4848,0x383F3F48,0x393F383E,0x3E484848,0x39483848,
	0x3E3E483E,0x3F483E3E,0x483E3E3E,0x483F393E,0x3E38383E,0x3F3F483E,0x3E3E3838,0x483F3F48,
	0x3E483F48,0x483E3E3E,0x3E3E3E3E,0x3E3E4848,0x3F483E48,0x4848483F,0x483E483F,0x3F3F3948,
	0x3E48483E,0x393F4848,0x393E3E48,0x3E48483F,0x3F48483F,0x3F393F3F,0x48483F48,0x39483E48,

	0x483E3E48,0x3E48483F,0x48483E3E,0x3E3E4848,0x3E3F3F48,0x3F483E3E,0x3E484848,0x3F3F3F48,
	0x3E3E483F,0x3E3F4848,0x483E3E3E,0x39393F3E,0x483F3F3F,0x3F3E3E3E,0x3E3E3F39,0x48483E3E,
	0x3E483F48,0x483E3E3E,0x3E3E3E3E,0x3E3E4848,0x3F483E48,0x4848483F,0x483E483F,0x3F3F3948,
	0x3E48483E,0x393F4848,0x393E3E48,0x3E48483F,0x3F48483F,0x3F393F3F,0x48483F48,0x4F3D3E48,
	0x483E3E48,0x3E48483F,0x48483E3E,0x3E3E4848,0x3E3F3F48,0x3F483E3E,0x3E484848,0x4F3D3F48,
	0x3E3E483F,0x3D4F4F3D,0x4F3D3E3E,0x3D4F3C4F,0x384F4F3D,0x383D3D3D,0x3D4F384F,0x3D4F3838,
	0x3E483F48,0x3D4F4F3D,0x4F3D3E3E,0x3D4F3C4F,0x383D3D3D,0x383D3D3D,0x3D4F3838,0x3D4F3838,
	0x4F4F3C38,0x4F4F3C38,0x3D4F3C3D,0x3D4F3C3D,0x383D3D3D,0x383D3D3D,0x3D4F3838,0x3D4F3838,

	0x4F4F3C38,0x4F4F3C38,0x3D4F3C3D,0x3D4F3C3D,0x383D3D3D,0x383D3D3D,0x3D4F3838,0x3D4F3838,
	0x4F4F3C38,0x4F4F3C38,0x3D4F3C3D,0x3D4F3C3D,0x383D3D3D,0x383D3D3D,0x3D4F3838,0x3D4F3838,
	0x383D4F4F,0x383D4F4F,0x383D4F3D,0x383D4F3D,0x3D3D3D38,0x3D3D3D38,0x38384F4F,0x38384F4F,
	0x383D4F4F,0x383D4F4F,0x383D4F3D,0x383D4F3D,0x3D3D3D38,0x3D3D3D38,0x38384F4F,0x38384F4F,
	0x3D4F3D3D,0x3E48483F,0x383D4F3D,0x3E3E3D4F,0x3D3D3D38,0x3D3D3D38,0x38384F4F,0x38384F4F,
	0x383D4F4F,0x383D4F4F,0x383D4F3D,0x383D4F3D,0x3D3D3D38,0x3D3D3D38,0x38384F4F,0x38384F4F,
	0x3E483F48,0x483E3E3E,0x3E3E3E3E,0x3E3E4848,0x3F483E48,0x4848483F,0x483E3D4F,0x3F3F3948,
	0x3D4F3D3D,0x393F4848,0x383D4F3D,0x3E483D4F,0x3D3D3D38,0x3D4F3D38,0x38384F4F,0x38384F4F,

	0x483E3E48,0x3E48483F,0x48483E3E,0x3E3E4848,0x3E3F3F48,0x3F483E3E,0x3E484848,0x3F3F3F48,
	0x3E3E483F,0x3E3F4848,0x483E3E3E,0x39393F3E,0x483F3F3F,0x3F3E3E3E,0x3E3E3D4F,0x48483E3E,
	0x3E3E3E3E,0x3E41413E,0x483E3E48,0x3E3E3E48,0x3E3E4848,0x3E484848,0x3E3E4848,0x483E4848,
	0x3E483E48,0x483E3E3E,0x3E3F393E,0x483E3E3F,0x48483F3E,0x3E3F3E48,0x3E483E48,0x483F3E48,
	0x41413E3E,0x41414141,0x41413E48,0x41414141,0x413E4848,0x41414141,0x413E483E,0x41413E41,
	0x3E483E3E,0x41413E41,0x3E3E3E48,0x413E3E3E,0x3E3E3E3E,0x413E3E3E,0x3E48483E,0x413E483E,
	0x41414141,0x41414141,0x41414141,0x41414141,0x41414141,0x41414141,0x41414141,0x41414141,
	0x41414141,0x41414141,0x41414141,0x41414141,0x41414141,0x41414141,0x41413E41,0x41414141,

	0x41414141,0x41414141,0x41414141,0x41414141,0x41414141,0x41414141,0x41414141,0x41414141,
	0x41414141,0x41414141,0x41414141,0x3E414141,0x41414141,0x3E414141,0x41414141,0x3E3E4141,
	0x483E3E3E,0x483E3E48,0x48483E41,0x483E3E3F,0x483E3E41,0x3E384848,0x483E3E3E,0x3E38483E,
	0x3E3E413E,0x3F3E3E3E,0x3E41413E,0x3E3E4848,0x3E414141,0x3E48483E,0x3E414141,0x3E3E483E,
	0x3E38383E,0x3E384848,0x393E3E3E,0x3E38483F,0x3F483E48,0x383E383F,0x3E3E3E3F,0x38483E48,
	0x483F4848,0x3E3E3E3E,0x3F3F3E48,0x3D3E483E,0x3939483E,0x3D3E3E3E,0x3F3F3E3E,0x4F3D3E3E,
	0x483E3E48,0x3E3E3E3E,0x3E3E3E48,0x483E483E,0x383E483E,0x483E3E38,0x38383E3E,0x3F483E3E,
	0x3F3E3E38,0x393E483F,0x3E38384F,0x3F483F39,0x3E383D3D,0x393F3F3E,0x3E38384F,0x3948483E,

	0x3F483F3E,0x3F483F3E,0x3F483F39,0x483F393F,0x393F4839,0x3E3F3948,0x393F3F48,0x48393F3F,
	0x48483F48,0x3F3F483F,0x3F3F3948,0x48393F3F,0x48393F3F,0x3F3F3948,0x3E3F3F48,0x483F393F,
	0x483E3E48,0x3E3E3E3E,0x3E3E3E48,0x3D3E483E,0x383E483E,0x3D3E3E38,0x38383E3E,0x4F3D3E3E,
	0x3F3E3E38,0x3D3E3E3F,0x3E38384F,0x3E483F39,0x3E383D3D,0x393F3F3E,0x3E38384F,0x3948483E,
	0x3F3E3E3E,0x3F394848,0x3E48383E,0x3F3F483E,0x383E3E3D,0x3E3E4838,0x3E38384F,0x483E3E38,
	0x3E3E383D,0x38383E3F,0x3F3F3E3E,0x3D383E3F,0x48393F3F,0x3D3D3E3E,0x3E3F3F48,0x4F3D3E3E,
	0x483E3E48,0x3E3E3E3E,0x3E3E3E48,0x3D3E483E,0x383E483E,0x3D3E3E38,0x38383E3E,0x4F3D3E3E,
	0x3F3E3E38,0x3D3E3E3F,0x3E38384F,0x3E483F39,0x3E383D3D,0x393F3F3E,0x3E38384F,0x4F3D483E,

	0x3F3E3E3E,0x3F394848,0x3E48383E,0x3F3F483E,0x383E3E3D,0x3E3E4838,0x3E38384F,0x4F3D3E38,
	0x3E3E383D,0x3D4F4F3D,0x4F3D3E3E,0x3D4F3C4F,0x384F4F3D,0x383D3D3D,0x3D4F384F,0x3D4F3838,
	0x483E3E48,0x3D4F4F3D,0x4F3D3E48,0x3D4F3C4F,0x384F4F3D,0x383D3D3D,0x3D4F384F,0x3D4F3838,
	0x4F4F3C38,0x4F4F3C38,0x3D4F3C3D,0x3D4F3C3D,0x383D3D3D,0x383D3D3D,0x3D4F3838,0x3D4F3838,
	0x3D4F3D3D,0x3F394848,0x383D4F3D,0x3F3F3D4F,0x3D3D3D38,0x3D4F3D38,0x38384F4F,0x38384F4F,
	0x383D4F4F,0x383D4F4F,0x383D4F3D,0x383D4F3D,0x3D3D3D38,0x3D3D3D38,0x38384F4F,0x38384F4F,
	0x483E3E48,0x3E3E3E3E,0x3E3E3E48,0x3D3E483E,0x383E483E,0x3D3E3E38,0x38383D4F,0x4F3D3E3E,
	0x3D4F3D3D,0x3D3E3E3F,0x383D4F3D,0x3E483D4F,0x3D3D3D38,0x3D4F3D38,0x38384F4F,0x38384F4F,

	0x3F3E3E3E,0x3F394848,0x3E48383E,0x3F3F483E,0x383E3E3D,0x3E3E4838,0x3E38384F,0x483E3E38,
	0x3E3E383D,0x38383E48,0x3F3F3E3E,0x3D383E3F,0x3F3F3F3F,0x3D3D3E3E,0x3F3F3D4F,0x4F3D3E3E,
	0x383E483E,0x3E3F4848,0x38393F48,0x483E483E,0x3E3F3F48,0x3F483E48,0x4848483E,0x3F483E3E,
	0x3E3E3E38,0x483E3E48,0x393E383E,0x483F3E3F,0x3F3E3E3D,0x3E484848,0x3E3E384F,0x3E483E48,
	0x3E3F3E3E,0x3E48483E,0x48483E3F,0x3E483E3E,0x483E3E3F,0x3E3E3E48,0x3E3E3E48,0x3E413E3E,
	0x3E483E3F,0x41413E3E,0x3F483E3E,0x413E3E3E,0x3F3E483F,0x3E3E3E48,0x3F3F393F,0x3E3E4848,
	0x41413E41,0x41414141,0x3E3E3E3E,0x41414141,0x3E414141,0x41413E3E,0x4141413E,0x41414141,
	0x413E4141,0x3E414141,0x3E41413E,0x3E3E3E3E,0x483E3E48,0x3E483E3E,0x483E483F,0x48483E48,

	0x41414141,0x413E3E41,0x3E414141,0x41414141,0x413E3E41,0x413E4141,0x41414141,0x41413E3E,
	0x3E3E3E41,0x3E3E3E48,0x483E4141,0x483E3E48,0x3E3E3E3E,0x3E3E3E3E,0x3E484848,0x3E48483E,
	0x3E414141,0x3E48483E,0x3E413E41,0x483E3E48,0x3E3E3E41,0x483E3E3E,0x3E3E3E3E,0x48483E3E,
	0x3E483F3F,0x3848483E,0x3E483E3E,0x3E3E3E3E,0x483E4848,0x483E3E3F,0x3E3E483E,0x3E3E483E,
	0x483E4848,0x3D3E3E38,0x483E483E,0x3E5F3E38,0x3E483E38,0x3E3E4848,0x483F3E38,0x483E483E,
	0x48483F3E,0x48483E3E,0x3E483F48,0x3E483F3F,0x483E3E3E,0x3E3E3939,0x3E483E48,0x3E3E3E3F,
	0x3E3E383D,0x3F3F483F,0x3E3F3E3E,0x393F3F39,0x48483F3F,0x483F4839,0x3F3F4848,0x3F393F39,
	0x48393E39,0x3F483F3F,0x3F394839,0x39483F48,0x483F393F,0x3F3F3E3F,0x3E3F3F3F,0x3F394848,

	0x48393F3F,0x4839483F,0x3F3F3F48,0x4839483F,0x3F39483E,0x393F393F,0x393F3E48,0x39483948,
	0x39483E48,0x3F483F48,0x3F3E483E,0x483F3948,0x3F483F3E,0x3F3F483F,0x3F3E393E,0x483F3F48,
	0x3E3E383D,0x3F3F483F,0x3E3F3E3E,0x393F3F39,0x48483F3F,0x3F3F4839,0x3F3F4848,0x48393F39,
	0x48393E39,0x48393F3F,0x3F394839,0x483F3F48,0x483F393F,0x3E3F393F,0x3E3F3F3F,0x39483948,
	0x48393F3F,0x3D3E3E3F,0x3F3F3F48,0x3E39483F,0x3F394848,0x393F393F,0x393F3E3F,0x39483948,
	0x3948393F,0x3F483F48,0x3F3F3F3F,0x483F3948,0x3F394839,0x3F3F483F,0x39483F3F,0x483F3F48,
	0x3E3E383D,0x3F3F483F,0x3E3F3E3E,0x393F3F39,0x483F3F3F,0x3F3F4839,0x3F3F3F48,0x3F3F3F3F,
	0x3F393F3F,0x3F393F3F,0x48394839,0x3F3F3F3F,0x3F3F3F3F,0x3F3F393F,0x3F483F3F,0x4F3D3948,

	0x48393F3F,0x3D3E3E3F,0x3F3F3F48,0x3E39483F,0x3F3F3F48,0x3F3F3F3F,0x393F3F3F,0x4F3D3F3F,
	0x3948393F,0x3D4F4F3D,0x4F3D3F3F,0x3D4F3C4F,0x384F4F3D,0x383D3D3D,0x3D4F384F,0x3D4F3838,
	0x3E3E383D,0x3D4F4F3D,0x4F3D3E3E,0x3D4F3C4F,0x383D3D3D,0x383D3D3D,0x3D4F3838,0x3D4F3838,
	0x4F4F3C38,0x4F4F3C38,0x3D4F3C3D,0x3D4F3C3D,0x383D3D3D,0x383D3D3D,0x3D4F3838,0x3D4F3838,
	0x4F4F3C38,0x4F4F3C38,0x3D4F3C3D,0x3D4F3C3D,0x383D3D3D,0x383D3D3D,0x3D4F3838,0x3D4F3838,
	0x4F4F3C38,0x4F4F3C38,0x3D4F3C3D,0x4F3C4F3D,0x4F3D3D3D,0x383D4F3C,0x4F3C4F38,0x4141383D,
	0x4F4F3C38,0x4F4F3C38,0x3D4F3C3D,0x3D4F3C3D,0x4F3D3D3D,0x383D4F3C,0x4F3C4F38,0x4141383D,
	0x383D4F3C,0x41414141,0x4141383D,0x41404141,0x41414141,0x37374040,0x41404141,0x43373737,

	0x383D4F4F,0x383D4F4F,0x383D4F3D,0x383D4F3D,0x3D4F3D38,0x3D3D3D3D,0x3D384141,0x383D3D4F,
	0x41414141,0x3D4F3D38,0x41414040,0x3D384141,0x40404040,0x41414141,0x37373741,0x41414040,
	0x383D4F4F,0x383D4F4F,0x383D4F3D,0x383D4F3D,0x3D3D3D38,0x3D3D3D38,0x38384F4F,0x38384F4F,
	0x383D4F3D,0x383D4F4F,0x383D3D4F,0x383D4F3D,0x3D4F3D38,0x3D3D3D3D,0x3D384141,0x383D3D4F,
	0x3D4F3D3D,0x3D3E3E3F,0x383D4F3D,0x3E393D4F,0x3D3D3D38,0x3D3D3D38,0x38384F4F,0x38384F4F,
	0x383D4F4F,0x383D4F4F,0x383D4F3D,0x383D4F3D,0x3D3D3D38,0x3D3D3D38,0x38384F4F,0x38384F4F,
	0x3E3E383D,0x3F3F483F,0x3E3F3E3E,0x393F3F39,0x483F3F3F,0x3F3F4839,0x3F3F3D4F,0x3F3F3F3F,
	0x3D4F3D3D,0x3F393F3F,0x383D4F3D,0x3F3F3D4F,0x3D3D3D38,0x3D4F3D38,0x38384F4F,0x38384F4F,

	0x48393F3F,0x3D3E3E3F,0x3F3F3F48,0x3E39483F,0x3F3F3F48,0x3F3F3F3F,0x393F3F3F,0x39483F3F,
	0x3948393F,0x3F3F3F48,0x3F3F3F3F,0x3F3F3F3F,0x3F3F3F39,0x3F3F483F,0x393F3D4F,0x393F3F3F,
	0x483E383D,0x4848383E,0x3F483E3E,0x483E3839,0x3F483F3F,0x3E483E3F,0x483E4848,0x3E3E4848,
	0x3E383E39,0x48483F3E,0x383E4839,0x483E3E48,0x3E3F393F,0x4838383E,0x3E3F3F3F,0x3E383948,
	0x3E483948,0x3E484848,0x3E484848,0x483E3E3E,0x4848483E,0x3F483F3F,0x3E483E48,0x48484848,
	0x383E483E,0x3E3F3F48,0x38393F48,0x39393F3E,0x3E3F3F48,0x3F3E3E48,0x4848483E,0x48483E3E,
	0x3F3F3948,0x3F48483F,0x3E39483F,0x3F483E48,0x3E3F4848,0x483E383E,0x48393F48,0x3E3E3839,
	0x3F3F3F48,0x3E483E3E,0x3E3F393E,0x3F3F483F,0x3948393F,0x483F393F,0x3F394848,0x3F483F3E,

	0x483E3F48,0x3F483F3E,0x3E384848,0x483F393E,0x39383E3E,0x3E3F3948,0x3E484838,0x48393F3F,
	0x3E3F3E48,0x3F3F483E,0x39483848,0x48393F3E,0x3F3E3E48,0x3F3F4848,0x483E3F48,0x483E3E3F,
	0x3F3F3948,0x393F3F3F,0x4839483F,0x483F3948,0x483F4848,0x48393F3F,0x48393F48,0x3F483F39,
	0x3F3F3F48,0x393E483F,0x3F3F393E,0x3F483F39,0x4848393F,0x393F3F39,0x3F483F48,0x3948483F,
	0x3F483F48,0x3F483F3E,0x3F483F39,0x483F393F,0x393F4839,0x3E3F3948,0x393F3F48,0x48393F3F,
	0x48483F48,0x3F3F483F,0x3F3F3948,0x48393F3F,0x48393F3F,0x3F3F3948,0x3E3F3F48,0x483F393F,
	0x3F3F3948,0x3D4F4F3D,0x4F3D3F3F,0x3D4F3C4F,0x384F4F3D,0x383D3D3D,0x3D4F384F,0x3D4F3838,
	0x4F4F3C38,0x4F4F3C38,0x3D4F3C3D,0x3D4F3C3D,0x383D3D3D,0x383D3D3D,0x3D4F3838,0x3D4F3838,

	0x4F4F3C38,0x4F4F3C38,0x3D4F3C3D,0x3D4F3C3D,0x383D3D3D,0x383D3D3D,0x3D4F3838,0x3D4F3838,
	0x4F4F3C38,0x4F4F3C38,0x3D4F3C3D,0x4F3C3C3D,0x4F3D3D3D,0x383D4F3C,0x4F3C4F38,0x4141383D,
	0x4F4F3C38,0x4F4F3C38,0x3D4F3C3D,0x4F3C4F3D,0x4F3D3D3D,0x383D4F3C,0x4F3C4F38,0x4141383D,
	0x383D4F3C,0x41414141,0x4141383D,0x41404141,0x41414141,0x37404040,0x40404141,0x37373740,
	0x383D4F3C,0x41414141,0x4141383D,0x41404141,0x41414141,0x40404040,0x40404141,0x43403737,
	0x37374040,0x37414037,0x41404041,0x40404140,0x43404343,0x37434337,0x37413737,0x43373737,
	0x40374040,0x37373737,0x40414140,0x40414140,0x43403743,0x43403743,0x37403743,0x37414337,
	0x37403737,0x37403737,0x40404141,0x41404141,0x37433740,0x43374340,0x37374340,0x37374340,

	0x37373741,0x40404137,0x41404040,0x41404041,0x43434037,0x40404337,0x37374143,0x43403737,
	0x37374037,0x37414037,0x41404041,0x40404140,0x43404343,0x37434337,0x37413737,0x43373737,
	0x41414141,0x3D4F3D38,0x41414140,0x3D384141,0x40403737,0x41414141,0x37403743,0x41414040,
	0x37403737,0x40403737,0x40404141,0x41404141,0x37433740,0x43374340,0x37374340,0x37374340,
	0x383D4F3D,0x383D4F4F,0x383D3D4F,0x383D4F3D,0x3D4F3D38,0x3D3D3D3D,0x3D384141,0x383D3D4F,
	0x41414141,0x3D4F3D38,0x41414041,0x3D384141,0x40403737,0x41414141,0x37413737,0x41414040,
	0x3D4F3D3D,0x39483F3F,0x383D4F3D,0x3F3F3D4F,0x3D3D3D38,0x3D4F3D38,0x38384F4F,0x38384F4F,
	0x383D4F4F,0x383D4F4F,0x383D4F3D,0x383D4F3D,0x3D3D3D38,0x3D3D3D38,0x38384F4F,0x38384F4F,

	0x3F3F3948,0x3E3F3F3F,0x4839483F,0x483F3948,0x483F4848,0x48393F3F,0x48393F48,0x3F483F39,
	0x3F3F3F48,0x393E483F,0x3F3F393E,0x3F483F39,0x4848393F,0x393F3F39,0x3F483F48,0x3948483F,
	0x3F3E3E38,0x3F394848,0x3E48383E,0x3F3F483E,0x383E3E39,0x3E3E4838,0x393F3F48,0x483E3E38,
	0x48483F48,0x38383E3F,0x3F3F3948,0x3D383E3F,0x48393F3F,0x3D3D3E3E,0x3E3F3F48,0x4F3D3E3E,
	0x3E3E483F,0x393E4838,0x3E3F4839,0x3F3E3E38,0x383E3F3F,0x3F483E48,0x3E484848,0x4848483F,
	0x483F3E39,0x383F483F,0x3F393F48,0x383F3E3F,0x483E483F,0x3E3E4848,0x3F3E3E3E,0x483F483E,
	0x48483F48,0x4839383E,0x3E3E3F48,0x4839383E,0x4838483E,0x393E3E3F,0x3E3E483E,0x393F4839,
	0x48483F48,0x3F48483F,0x483F3948,0x3E3E3F3E,0x383E483F,0x3E38483E,0x3F48483F,0x48384839,

	0x4839483F,0x3F3F483F,0x3E3F4839,0x393F3F39,0x483F3F3F,0x3F3F4839,0x3F3F3F48,0x3D4F3D3F,
	0x3F393F3F,0x3D384F38,0x38394839,0x4F3D3D3D,0x383F3F3F,0x3D38383D,0x40413F3F,0x3C3D4F38,
	0x48393F3F,0x4839483F,0x3F3F3F48,0x4839483F,0x3F3F3F48,0x3F3F3F3F,0x393D3838,0x39483F3F,
	0x383C3D3D,0x3F3F3F48,0x383D4F4F,0x3F3F3F38,0x3838383D,0x3F3F4838,0x404F384F,0x393F4141,
	0x383D4F3C,0x41414141,0x4141383D,0x40414141,0x43434043,0x37433740,0x43374137,0x37374340,
	0x37374141,0x43373740,0x40414040,0x41404140,0x43434040,0x43434037,0x43373741,0x37434037,
	0x40374040,0x37373741,0x41404140,0x41414040,0x43434043,0x37434037,0x37374037,0x37374037,
	0x37414037,0x37374037,0x41414040,0x41404040,0x40374337,0x37434337,0x41374337,0x43373743,

	0x37404137,0x37373743,0x40404040,0x40414140,0x43434043,0x37433740,0x43374137,0x37374340,
	0x37374141,0x43373740,0x40414040,0x41404140,0x43434040,0x38383840,0x43373741,0x3D4F3C37,
	0x40373740,0x37373741,0x41404140,0x41414040,0x43434043,0x37434037,0x37374037,0x37374037,
	0x37414037,0x37374037,0x41414040,0x41404040,0x40383838,0x37434337,0x403D4F3C,0x43373743,
	0x37404137,0x40403737,0x40404040,0x40414140,0x43434043,0x37433740,0x43374137,0x37374340,
	0x37374141,0x43373740,0x40414040,0x41404140,0x43434040,0x43434037,0x43373741,0x37434037,
	0x41414141,0x3D4F3D38,0x41414140,0x3D384141,0x43434043,0x37434037,0x37374037,0x37374037,
	0x37414037,0x37374037,0x41414040,0x41404040,0x40374337,0x37434337,0x41374337,0x43373743,

	0x4839483F,0x3F3F483F,0x3E3F4839,0x393F3F39,0x483F3F3F,0x3F3F4839,0x3F3F3F48,0x3F3F3F3F,
	0x3F393F3F,0x3F393F3F,0x48394839,0x3F3F3F3F,0x3F3F3F3F,0x3F3F393F,0x3F483F3F,0x3F483948,
	0x48393F3F,0x4839483F,0x3F3F3F48,0x4839483F,0x3F3F3F48,0x3F3F3F3F,0x393F3F3F,0x39483F3F,
	0x3948393F,0x3F3F3F48,0x3F3F3F3F,0x3F3F3F3F,0x3F3F3F39,0x3F3F483F,0x393F3F3F,0x393F3F3F,
	0x4839483F,0x3F3F483F,0x3E3F4839,0x393F3F39,0x48483F3F,0x3F3F4839,0x3F3F4848,0x483E3E39,
	0x3E3E3E39,0x3F3F3E3E,0x3E483E39,0x393F483E,0x3E3F393E,0x393F483F,0x48483F3E,0x3F483E48,
	0x48393F3F,0x3D3E3E3F,0x3F3F3F48,0x3E39483F,0x3F3E3E48,0x393F393F,0x3E3E4848,0x39483948,
	0x3E3F483F,0x3F483E3E,0x48483F39,0x483F4848,0x3E483F3F,0x3F3E3F3F,0x483E4848,0x483E3939,

	0x3E3E383D,0x3F3F483F,0x3E3F3E3E,0x393F3F39,0x48483F3F,0x3F3F4839,0x3F3F4848,0x483E3E39,
	0x3E3E3E39,0x3F3F3E3E,0x3E483E39,0x393F483E,0x3E3F393E,0x393F483F,0x48483F3E,0x3F483E48,
	0x393F3948,0x48394838,0x3E48483F,0x3F3F3E3E,0x3E3E4848,0x3E483E3F,0x48393F48,0x38483F39,
	0x3F3F3F48,0x383E483F,0x3F3F393E,0x3D483F39,0x4848393F,0x3D383E39,0x3F483F48,0x3D3D3E3E,
	0x3E383E3E,0x3F3E3E3F,0x3E384848,0x483F483E,0x393E483E,0x3E3F3E48,0x393F3838,0x48393F3F,
	0x48483D38,0x3F3F483F,0x3F3F383D,0x48393F3F,0x3E38384F,0x3F3F3948,0x3E383D3D,0x483F393E,
	0x40383948,0x43433737,0x3D383F3F,0x37374038,0x3D38483F,0x3C384F3D,0x3D383F3F,0x3C3D3C3D,
	0x40413F39,0x4F3D4F3D,0x403F4839,0x40433737,0x383F3F3F,0x40374038,0x3F483F3F,0x3D3D3838,

	0x40434040,0x39483841,0x38374040,0x3F3F3838,0x384F384F,0x3F3F383D,0x384F3D4F,0x3F3F383D,
	0x403D3D3D,0x3F3F4141,0x40403740,0x48393F41,0x38403740,0x3F3F3F38,0x38383D3D,0x483F3F3F,
	0x37373741,0x37374137,0x41404040,0x41404041,0x43434037,0x40404337,0x37374143,0x43403737,
	0x37374037,0x37414037,0x41404041,0x40404140,0x43404343,0x37434337,0x37413737,0x43373737,
	0x40373737,0x37373737,0x40414140,0x40414140,0x43403743,0x43403743,0x37403743,0x37414337,
	0x37403737,0x37403737,0x40404141,0x41404141,0x37433740,0x43374340,0x37374340,0x37374340,
	0x37373741,0x38383841,0x41404040,0x3D3C4F41,0x43434037,0x38383840,0x37374143,0x3D4F4F40,
	0x37374037,0x37403741,0x41404041,0x37433740,0x43404343,0x41404141,0x37413737,0x41414040,

	0x41383838,0x37373737,0x413D4F4F,0x40414140,0x40383838,0x43403743,0x373D3C4F,0x37414337,
	0x41403740,0x37403737,0x40374343,0x41404141,0x41404140,0x43374340,0x40414141,0x37374340,
	0x3F3F3948,0x3F3F3F3F,0x3F3F3F3F,0x3F3F3F48,0x3F3F483F,0x48393F3F,0x3F3F3F3F,0x3F3F3F39,
	0x3F393F39,0x3F3F3F3F,0x3F3F4839,0x3F483F3F,0x3F3F3F3F,0x393F3F3F,0x3F483F3F,0x39483F39,
	0x3F3F3F3F,0x39483F3F,0x3F483F39,0x3F3F3F3F,0x3F3F4839,0x3F3F393F,0x393F3F3F,0x3F3F3F3F,
	0x39483F3F,0x3F3F3F48,0x3F3F393F,0x48393F3F,0x3F3F3F3F,0x3F3F3F48,0x3F3F3F48,0x483F3F3F,
	0x3E483E48,0x48483E48,0x383E483E,0x3E3F3F48,0x38393F48,0x39393F3E,0x3E3F3F48,0x3F3E3E48,
	0x4848483E,0x48483E3E,0x3F3E3E38,0x3F394848,0x3E48383E,0x3F3F483E,0x383E3E48,0x3E3E4838,

	0x3E483E3F,0x3F3E3F3F,0x3E38383E,0x3E384848,0x393E3E48,0x3E38483F,0x3F48483F,0x383E383F,
	0x48483F48,0x38483E48,0x483E3E48,0x3E3E3E3E,0x3E3E3E48,0x3F3E483E,0x383E483E,0x483E3E38,
	0x3E414141,0x3E48483E,0x3E413E41,0x483E3E48,0x3E3E3E41,0x483E3E3E,0x3E3E413E,0x48483E3E,
	0x3E3E4141,0x3848483E,0x3E3E3E41,0x3E3E3E3E,0x3E483E3E,0x483E3E3E,0x3E484848,0x3E3E483E,
	0x4839483F,0x4F3D3E3E,0x3E3F4839,0x3D3E3E39,0x48483F3F,0x3F3F4839,0x3F3F4848,0x48393F39,
	0x48393E39,0x48393F3F,0x3F394839,0x483F3F48,0x483F393F,0x3E3F393F,0x3E3F3F3F,0x39483948,
	0x3E38384F,0x4839483E,0x3E3E383D,0x4839483F,0x3F394848,0x393F393F,0x393F3E3F,0x39483948,
	0x3948393F,0x3F483F48,0x3F3F3F3F,0x483F3948,0x3F394839,0x3F3F483F,0x39483F3F,0x483F3F48,

	0x3F3F3F3F,0x3838383F,0x3F3F3F39,0x3F3F3F39,0x483F3F3F,0x3F3F4839,0x3F3F3F48,0x3D4F3D3F,
	0x3F393F3F,0x3D384F38,0x38394839,0x4F3D3D3D,0x383F3F3F,0x3D38383D,0x40413F3F,0x3C3D4F38,
	0x3F383838,0x3F393F3F,0x3F3F3F48,0x4839483F,0x3F3F3F48,0x3F3F3F3F,0x393D3838,0x39483F3F,
	0x383C3D3D,0x3F3F3F48,0x383D4F4F,0x3F3F3F38,0x3838383D,0x3F3F4838,0x404F384F,0x393F4141,
	0x383D4F3C,0x41414141,0x4141383D,0x40414141,0x43433741,0x40404337,0x37403740,0x43413740,
	0x40404041,0x37414040,0x41414141,0x40404141,0x43433741,0x43434037,0x37403740,0x37434140,
	0x40374040,0x37373741,0x41404140,0x41414040,0x43403743,0x43403743,0x37403743,0x37414337,
	0x37403737,0x37403737,0x40404141,0x41404141,0x40374337,0x37434337,0x41374337,0x43373743,

	0x37404137,0x37373743,0x40404040,0x40414140,0x43434043,0x37433740,0x43374137,0x37374340,
	0x37374141,0x43373740,0x40414040,0x41404140,0x43434040,0x43434037,0x43373741,0x37434037,
	0x40373740,0x37373741,0x41404140,0x41414040,0x43434043,0x37434037,0x37374037,0x37374037,
	0x37414037,0x37374037,0x41414040,0x41404040,0x40374337,0x37434337,0x41374337,0x43373743,
	0x37404137,0x40404043,0x40404040,0x40414140,0x43434043,0x37433740,0x43374137,0x37374340,
	0x37374141,0x43373740,0x40414040,0x41404140,0x43434040,0x43434037,0x43373741,0x37434037,
	0x41404041,0x37373741,0x41404140,0x41414040,0x43434043,0x37434037,0x37374037,0x37374037,
	0x37414037,0x37374037,0x41414040,0x41404040,0x40374337,0x37434337,0x41374337,0x43373743,

	0x37404137,0x40403737,0x40404040,0x40414140,0x43434043,0x37433740,0x43374137,0x37374340,
	0x37374141,0x43373740,0x40414040,0x41414140,0x43434040,0x43434037,0x43373741,0x37434037,
	0x41414141,0x3D4F3D38,0x41414140,0x3D384141,0x37434043,0x41374343,0x40374137,0x40374037,
	0x40404137,0x41404040,0x41414040,0x41414141,0x40374337,0x41374343,0x41374337,0x40374037,
	0x3F3F3F3F,0x3F3F3F3F,0x3F3F3F39,0x3F3F3F39,0x483F3F3F,0x3F3F4839,0x3F3F3F48,0x3F3F3F3F,
	0x3F393F3F,0x3F393F3F,0x48394839,0x3F3F3F3F,0x3F3F3F3F,0x3F3F393F,0x3F483F3F,0x3F483948,
	0x3F393F3F,0x3F393F3F,0x3F3F3F48,0x4839483F,0x3F3F3F48,0x3F3F3F3F,0x393F3F3F,0x39483F3F,
	0x3948393F,0x3F3F3F48,0x3F3F3F3F,0x3F3F3F3F,0x3F3F3F39,0x3F3F483F,0x393F3F3F,0x393F3F3F,

	0x4839483F,0x483E3E38,0x3E3F4839,0x38383E39,0x48483F3F,0x3F3F4839,0x3F3F4848,0x48393F39,
	0x48393E39,0x48393F3F,0x3F394839,0x483F3F48,0x483F393F,0x3E3F393F,0x3E3F3F3F,0x39483948,
	0x38383E3E,0x48393E3E,0x3F3E3E38,0x4839483F,0x3F394848,0x393F393F,0x393F3E3F,0x39483948,
	0x3948393F,0x3F483F48,0x3F3F3F3F,0x483F3948,0x3F394839,0x3F3F483F,0x39483F3F,0x483F3F48,
	0x4839483F,0x483E3E38,0x3E3F4839,0x38383E39,0x48483F3F,0x483F4839,0x3F3F4848,0x3F393F39,
	0x48393E39,0x3F483F3F,0x3F394839,0x39483F48,0x483F393F,0x3F3F3E3F,0x3E3F3F3F,0x3F394848,
	0x38383E3E,0x48393E3E,0x3F3E3E38,0x4839483F,0x3F39483E,0x393F393F,0x393F3E48,0x39483948,
	0x39483E48,0x3F483F48,0x3F3E483E,0x483F3948,0x3F483F3E,0x3F3F483F,0x3F3E393E,0x483F3F48,

	0x4839483F,0x3F3F483F,0x3E3F4839,0x393F3F39,0x48483F3F,0x3F3F4839,0x3F3F4848,0x48393F39,
	0x48393E39,0x48393F3F,0x3F394839,0x483F3F48,0x483F393F,0x3E3F393F,0x3E3F3F3F,0x39483948,
	0x48393F3F,0x4839483F,0x3F3F3F48,0x4839483F,0x3F394848,0x393F393F,0x393F3E3F,0x39483948,
	0x3948393F,0x3F483F48,0x3F3F3F3F,0x483F3948,0x3F394839,0x3F3F483F,0x39483F3F,0x483F3F48,
	0x3E3E3E3E,0x483E4848,0x3E3E4141,0x483F4848,0x3E3E3E41,0x3E383F48,0x3E3E3E3E,0x3E38483E,
	0x3E48483E,0x3F3E3848,0x483E483F,0x3F483E48,0x483E3E48,0x3E3E483E,0x3E3E3E3E,0x3E483F3F,
	0x3E38383E,0x3E384848,0x393E3E3E,0x3E38483F,0x3F483E48,0x383E383F,0x3E3E3E3F,0x38483E48,
	0x48484848,0x3E3E3E3E,0x3F3F3E48,0x3D3E483E,0x3939483E,0x3D3E3E3E,0x3F3F3E48,0x4F3D3E3E,

	0x40404041,0x37374140,0x41414141,0x41404041,0x43433741,0x37433740,0x37403740,0x37374341,
	0x40404041,0x43373741,0x41414141,0x41414140,0x43433741,0x40374337,0x37403740,0x41403740,
	0x40373737,0x37373737,0x40414140,0x40414140,0x43434043,0x37434037,0x37374037,0x37374037,
	0x37414037,0x37374037,0x41414040,0x41404040,0x37433740,0x43374340,0x37374337,0x37374341,
	0x37373741,0x37374137,0x41404040,0x41404041,0x43434037,0x40404337,0x37374143,0x43403737,
	0x37374037,0x37414137,0x41404041,0x40404141,0x43404343,0x37434337,0x37413737,0x43373737,
	0x41373737,0x41404040,0x40414140,0x41414141,0x37403743,0x41374343,0x40413743,0x40374037,
	0x40413737,0x41404040,0x41404141,0x41414141,0x37433740,0x41374343,0x40374041,0x40374037,

	0x3F48483E,0x38483F39,0x3F3F3E48,0x3E3E483F,0x48483F3F,0x483E393F,0x3E48483F,0x3F3E3F3F,
	0x3E48483E,0x3E384848,0x393E3E48,0x3E38483F,0x3F48483F,0x383E383F,0x48483F48,0x38483E48,
	0x48483E38,0x3D3E3E38,0x483F393E,0x3E5F3E38,0x383F3F48,0x393F383E,0x3E484848,0x39483848,
	0x3E3E483E,0x3F483E3E,0x483E3E3E,0x483F393E,0x3E38383E,0x3F3F483E,0x3E3E3838,0x483F3F48,
	0x3F3F3F3F,0x3838383F,0x3F3F3F39,0x3F3F3F39,0x483F3F3F,0x3F3F4839,0x3F3F3F48,0x3F3F3F3F,
	0x3F393F3F,0x3F393F3F,0x48394839,0x3F3F3F3F,0x3F3F3F3F,0x3F3F393F,0x3F483F3F,0x3F483948,
	0x3F383838,0x3F393F3F,0x3F3F3F48,0x4839483F,0x3F3F3F48,0x3F3F3F3F,0x393F3F3F,0x39483F3F,
	0x3948393F,0x3F3F3F48,0x3F3F3F3F,0x3F3F3F3F,0x3F3F3F39,0x3F3F483F,0x393F3F3F,0x393F3F3F,

	0x40404041,0x41404040,0x41414141,0x40414141,0x43433741,0x40404337,0x37403740,0x43413740,
	0x40404041,0x37414040,0x41414141,0x40404141,0x43433741,0x43434037,0x37403740,0x37434140,
	0x41373737,0x37373741,0x41414140,0x41414040,0x43403743,0x43403743,0x37403743,0x37414337,
	0x37403737,0x37403737,0x40404141,0x41404141,0x40374337,0x37434337,0x41374337,0x43373743,
	0x37404137,0x37373743,0x40404040,0x40414140,0x43434043,0x37433740,0x43374137,0x37374340,
	0x37374141,0x43373740,0x40414040,0x41404140,0x43434040,0x5F5F5F40,0x43373741,0x5F5F5F37,
	0x40373740,0x37373741,0x41404140,0x41414040,0x43434043,0x37434037,0x37374037,0x37374037,
	0x37414037,0x37374037,0x41414040,0x41404040,0x405F5F5F,0x37434337,0x405F5F5F,0x43373743,

	0x37404137,0x37373743,0x40404040,0x40414140,0x43434043,0x37433740,0x43374137,0x37374340,
	0x37374141,0x43373740,0x40414040,0x41414140,0x43434040,0x43434037,0x43373741,0x37434037,
	0x40404041,0x41404040,0x41414140,0x41414141,0x37434043,0x41374343,0x40374137,0x40374037,
	0x40404137,0x41404040,0x41414040,0x41414141,0x40374337,0x41374343,0x41374337,0x40374037,
	0x3F393F3F,0x3F393F3F,0x3F3F3F48,0x4839483F,0x3F3F3F48,0x3F3F3F3F,0x393F3F3F,0x39483F3F,
	0x3948393F,0x3F3F3F48,0x3F3F3F3F,0x3F3F3F3F,0x454A3F39,0x4A454545,0x45454A3F,0x45454552,
	0x4839483F,0x3F3F483F,0x3E3F4839,0x393F3F39,0x483F3F3F,0x3F3F4839,0x3F3F3F48,0x3F3F3F3F,
	0x3F393F3F,0x3F393F3F,0x48394839,0x3F3F3F3F,0x3F3F3F3F,0x3F3F393F,0x3F483F4A,0x3F483948,

	0x4839483F,0x3F3F483F,0x3E3F4839,0x393F3F39,0x4E483F3F,0x3F3F4839,0x4E4E4848,0x48393F4E,
	0x4E393E4C,0x48393F3F,0x3F394839,0x4C3F3F48,0x484E393F,0x3E3F393F,0x3E3F3F3F,0x39483948,
	0x48393F3F,0x4839483F,0x3F3F3F48,0x4839483F,0x3F5D4848,0x393F393F,0x393F3E3F,0x39483948,
	0x3948394C,0x3F4E3F48,0x3F3F4C4C,0x483F3948,0x3F39484C,0x3F3F483F,0x4E483F3F,0x483F3F48,
	0x37373741,0x5F5F5F41,0x41404040,0x5F5F5F41,0x43434037,0x5F415F40,0x37374143,0x41414140,
	0x37374037,0x37403741,0x41404041,0x37433740,0x43404343,0x41404141,0x37413737,0x41414140,
	0x415F5F5F,0x37373737,0x415F5F5F,0x40414140,0x40415F41,0x43403743,0x37414141,0x37414337,
	0x41403740,0x37403737,0x40374343,0x41404141,0x41404140,0x43374340,0x40414141,0x37374340,

	0x3F3F3948,0x3F3F3F3F,0x3F3F3F3F,0x3F3F3F48,0x3F3F483F,0x48393F3F,0x3F3F3F3F,0x3F3F3F39,
	0x3F393F39,0x3F3F3F3F,0x3F3F4839,0x4A483F3F,0x3F3F3F3F,0x4A3F3F3F,0x3F483F3F,0x4A483F39,
	0x5245453F,0x52455252,0x5252454A,0x5252524A,0x524A524A,0x4A524A4A,0x49495245,0x49495858,
	0x4A534552,0x534A5858,0x59495252,0x49595858,0x494D5052,0x4D495959,0x4D505B50,0x504D5B5B,
	0x3F3F3945,0x3F3F3F3F,0x3F3F4A52,0x3F3F3F48,0x3F3F4A52,0x48393F3F,0x3F3F4552,0x3F3F3F39,
	0x3F395245,0x3F3F3F3F,0x3F4A5252,0x3F483F3F,0x3F4A5250,0x393F3F3F,0x3F4A505B,0x39483F39,
	0x3F3F3948,0x393F3F5D,0x5D39483F,0x483F5D5D,0x483F4848,0x4E393F5D,0x48393F48,0x3F483F39,
	0x4C3F3F48,0x393E483F,0x4C3F393E,0x3F4C4C4C,0x4C4C393F,0x393F4C39,0x4C483F48,0x394C4C4C,

	0x4E4E4E48,0x3F483F4E,0x394E3F39,0x483F4E4E,0x4E4E4E39,0x4C3F394E,0x393F3F48,0x48393F4E,
	0x484C3F48,0x3F5D483F,0x3F3F3948,0x5D5D5D3F,0x48393F3F,0x3F5D3948,0x3E4E3F48,0x483F393F,
	0x3E3E383D,0x3F3F483F,0x3E3F3E3E,0x393F3F39,0x483F3F3F,0x3F3F4839,0x3F3F3F48,0x3F3F3F3F,
	0x3F393F3F,0x3F393F3F,0x48394839,0x3F3F3F3F,0x3F3F3F3F,0x3F3F393F,0x3F483F3F,0x3F483948,
	0x37404137,0x37373743,0x40404040,0x40414140,0x40374043,0x5F5F5F40,0x5F404137,0x5F5F5F5F,
	0x5F5F4137,0x5F5F5F5F,0x5F5F4140,0x5F5F5F5F,0x5F5F4040,0x5F5F5F5F,0x5F5F4137,0x5F5F5F5F,
	0x40373740,0x37373741,0x41404140,0x41414040,0x405F5F5F,0x37434037,0x5F5F5F5F,0x3737405F,
	0x5F5F5F5F,0x37375F5F,0x5F5F5F5F,0x40405F5F,0x5F5F5F5F,0x43405F5F,0x5F5F5F5F,0x37405F5F,

	0x3F3F3F3F,0x3F3F3F3F,0x3F3F3F39,0x493F3F39,0x483F3F3F,0x58494839,0x3F3F3F48,0x58493F3F,
	0x3F393F3F,0x49393F3F,0x48394839,0x3F3F3F3F,0x3F3F3F3F,0x3F3F393F,0x3F483F3F,0x3F483948,
	0x50504D50,0x50504D4D,0x5B504959,0x505B5050,0x504D4959,0x4D504D4D,0x59504D58,0x50595050,
	0x58495049,0x49585959,0x4D503F3F,0x504D4D4D,0x4D5B5039,0x5B4D5050,0x393F3F3F,0x393F3F3F,
	0x3F3F504D,0x3F3F3F3F,0x3F495949,0x3F3F3F39,0x49585949,0x3F3F4839,0x4958584D,0x3F3F3F3F,
	0x3F494950,0x3F393F3F,0x48394839,0x3F3F3F3F,0x3F3F3F50,0x3F3F393F,0x3F483F3F,0x3F483948,
	0x4839483F,0x4F3D3E3E,0x3E3F4839,0x3D3E3E39,0x483F3F3F,0x3F3F4839,0x3F3F3F48,0x3F3F3F3F,
	0x4F4F3C4F,0x3D4F4F3D,0x383D3D38,0x383D3D38,0x4F4F3D4F,0x3C4F3D4F,0x4F3D3D3D,0x4F3D3D3D,

	0x3E38384F,0x4839483E,0x3E3E383D,0x4839483F,0x3F3F3F48,0x3F3F3F3F,0x393F3F3F,0x39483F3F,
	0x3D4F3C4F,0x3D4F4F3D,0x383D3D38,0x383D3D38,0x3C4F3D4F,0x3D4F384F,0x4F3D383D,0x4F3D383D,
	0x4839483F,0x3F3F484C,0x3E3F4839,0x393F3F39,0x48483F3F,0x3F3F4839,0x3F3F4848,0x48393F39,
	0x48393E39,0x48393F3F,0x3F394839,0x483F3F48,0x483F393F,0x3E3F393F,0x3E3F3F3F,0x39483948,
	0x4E4E4E3F,0x484E483F,0x3F4E3F48,0x4839483F,0x3F394848,0x393F393F,0x393F3E3F,0x39483948,
	0x3948393F,0x3F483F48,0x3F3F3F3F,0x483F3948,0x3F394839,0x3F3F483F,0x39483F3F,0x483F3F48,
	0x5F5F4037,0x5F5F5F5F,0x5F5F4141,0x5F5F5F5F,0x5F5F4037,0x5F5F5F5F,0x5F5F3737,0x5F5F5F5F,
	0x415F4037,0x415F415F,0x5F5F4140,0x5F5F5F5F,0x415F4043,0x415F415F,0x41414037,0x41414141,

	0x5F5F5F5F,0x37415F5F,0x5F5F5F5F,0x41415F5F,0x5F5F5F5F,0x37405F5F,0x5F5F5F5F,0x37405F5F,
	0x415F415F,0x3741415F,0x5F5F5F5F,0x40415F5F,0x415F415F,0x3740415F,0x41414141,0x37374141,
	0x384F4F4F,0x3D4F4F4F,0x383D4F3D,0x3D3D4F3D,0x3C4F3D4F,0x4F4F3D4F,0x4F3D3D3D,0x4F3D383D,
	0x384F4F3C,0x384F3C4F,0x383D4F4F,0x383D3D4F,0x3F3F3838,0x393F3F3F,0x3F483838,0x39483F39,
	0x384F4F3C,0x3D4F4F4F,0x3D3D4F3D,0x383D4F3D,0x4F4F3D4F,0x4F4F3D4F,0x3C3D383D,0x3D3D383D,
	0x3D4F4F4F,0x384F4F4F,0x383D4F3D,0x384F3D3D,0x3F3F3F3F,0x38383F48,0x3F3F3F48,0x38383F3F,
	0x3F3F3F3F,0x3F3F3F3F,0x3F3F3F39,0x3F3F3F39,0x483F3F3F,0x3F3F4839,0x3F3F3F48,0x483E3E3F,
	0x3E3E3F3F,0x3F3F3E3E,0x3E483E39,0x393F483E,0x3E3F393E,0x393F483F,0x48483F3E,0x3F483E48,

	0x3F393F3F,0x3F393F3F,0x3F3F3F48,0x4839483F,0x3F3E3E48,0x3F3F3F3F,0x3E3E4848,0x39483F3F,
	0x3E3F483F,0x3F3F3E3E,0x48483F39,0x3F3F4848,0x3E483F3F,0x3F3E3F3F,0x483E4848,0x393E3939,
	0x40404041,0x41404040,0x41414141,0x40414141,0x483F3F3F,0x3F3F4839,0x3F3F3F48,0x483E3E3F,
	0x3E3E3F3F,0x3F3F3E3E,0x3E483E39,0x393F483E,0x3E3F393E,0x393F483F,0x48483F3E,0x3F483E48,
	0x41373737,0x37373741,0x41414140,0x41414040,0x3F3E3E48,0x3F3F3F3F,0x3E3E4848,0x39483F3F,
	0x3E3F483F,0x3F3F3E3E,0x48483F39,0x3F3F4848,0x3E483F3F,0x3F3E3F3F,0x483E4848,0x393E3939,
	0x37404137,0x37373743,0x40404040,0x40414140,0x483F3F3F,0x483F4839,0x3F3F3F48,0x3F3E3E3F,
	0x3E3E3F3F,0x3F483E3E,0x3E483E39,0x3948483E,0x3E3F393E,0x3F3F3E3F,0x48483F3E,0x3F394848,

	0x40373740,0x37373741,0x41404140,0x41414040,0x3F3E3E3E,0x3F3F3F3F,0x3E3E3E48,0x39483F3F,
	0x3E3F3E48,0x3F3F3E3E,0x483E483E,0x3F3F4848,0x3E483F3E,0x3F3E3F3F,0x3F3E393E,0x393E3939,
	0x37404137,0x37373743,0x40404040,0x40414140,0x483F3F3F,0x3F3F4839,0x3F3F3F48,0x483E3E3F,
	0x3E3E3F3F,0x3F3F3E3E,0x3E483E39,0x393F483E,0x3E3F393E,0x393F483F,0x48483F3E,0x3F483E48,
	0x40373740,0x37373741,0x41404140,0x41414040,0x3F3E3E48,0x3F3F3F3F,0x3E3E4848,0x39483F3F,
	0x3E3F483F,0x3F3F3E3E,0x48483F39,0x3F3F4848,0x3E483F3F,0x3F3E3F3F,0x483E4848,0x393E3939,
	0x41404141,0x41404140,0x37404140,0x40374040,0x4040483F,0x37414041,0x40414039,0x40414140,
	0x3741403F,0x41404140,0x4040373F,0x40404041,0x3737483F,0x41374041,0x41414039,0x40404140,

	0x41404140,0x37404140,0x40403737,0x41414037,0x41404037,0x3F404041,0x41374041,0x48374340,
	0x40414041,0x3F484141,0x40404140,0x39484140,0x3740413F,0x3F414041,0x41404048,0x3F404140,
	0x40404041,0x41404040,0x41414140,0x41414141,0x3F3E3E48,0x3F3F3F3F,0x3E3E4848,0x39483F3F,
	0x3E3F483F,0x3F3F3E3E,0x48483F39,0x3F3F4848,0x3E483F3F,0x3F3E3F3F,0x483E4848,0x393E3939,
	0x3F3F383D,0x4037403F,0x403F3D38,0x41374337,0x41403D3D,0x41404037,0x3737383D,0x40414140,
	0x4043384F,0x4C4C4E41,0x40413D4F,0x4E4E4E4E,0x37403D38,0x4C4C4E40,0x37413D3D,0x40403740,
	0x3F414140,0x38383F3F,0x41373743,0x383D4841,0x41404037,0x3D384137,0x40414040,0x3D3D3743,
	0x414E4E4E,0x384F3740,0x4E4C4C4C,0x384F4140,0x404E5D5D,0x3D3D3743,0x41403740,0x3D384137,

	0x4839483F,0x3F3F483F,0x3E3F4839,0x393F3F39,0x48483F3F,0x483F4839,0x3F3F4848,0x3F393F39,
	0x48393E39,0x3F483F3F,0x3F394839,0x39483F48,0x483F393F,0x3F3F3E3F,0x3E3F3F3F,0x3F394848,
	0x3E483E48,0x48483E48,0x383E483E,0x3E3F3F48,0x38393F48,0x39393F3E,0x3E3F3F48,0x3F3E3E48,
	0x4848483E,0x48483E3E,0x3F3E3E38,0x3F394848,0x3E48383E,0x3F3F483E,0x383E3E3F,0x3E3E4838,
	0x3E483E3F,0x393E3F3F,0x3E38383E,0x3E384848,0x393E3E48,0x3E38483F,0x3F48483F,0x383E383F,
	0x48483F48,0x38483E48,0x483E3E48,0x3E3E3E3E,0x3E3E3E48,0x3F3E483E,0x383E483E,0x483E3E38,
	0x3E483E48,0x3F48483F,0x3E3E483E,0x3F483E48,0x3E393F48,0x483E383E,0x3E3F3F48,0x3E3E3848,
	0x4848483E,0x3E483E3E,0x3E3E3E38,0x3F3F483F,0x3948383E,0x483F393F,0x3F39483F,0x3F483F3E,

	0x483E3F48,0x393E3F3E,0x3E384848,0x3E38483E,0x39383E3E,0x3E38483F,0x3E484838,0x383E383F,
	0x3E3F3E48,0x38483E3E,0x39483848,0x3E3E3E3E,0x3F3E3E48,0x3F3E4848,0x483E3F48,0x483E3E3F,
	0x40403739,0x37374141,0x4037403F,0x41404041,0x4141483F,0x41403740,0x40373F3F,0x40414141,
	0x3743483F,0x41404041,0x41414048,0x41374040,0x4040373F,0x4040413F,0x41404048,0x41404148,
	0x40374341,0x48374040,0x41414040,0x3F483737,0x40403740,0x3F484141,0x37374140,0x3F404041,
	0x3F414041,0x39374140,0x48404040,0x39404137,0x40413737,0x3F483741,0x40404140,0x3F484140,
	0x4040383D,0x41374340,0x41413838,0x40404043,0x40413838,0x43413740,0x4140384F,0x37414040,
	0x37403D4F,0x41414141,0x4041383D,0x40373741,0x403F3F3F,0x40403741,0x3F483F3F,0x41404039,

	0x40374343,0x38384041,0x41414140,0x3D384140,0x41403737,0x3D3D4140,0x41404037,0x3D4F4041,
	0x40414140,0x384F4141,0x41373741,0x38384141,0x41404041,0x3F3F3F41,0x3F414141,0x483F3F3F,
	0x3F3F3F3F,0x483E3E38,0x3F3F3F39,0x38383E39,0x483F3F3F,0x3F3F4839,0x3F3F3F48,0x3F3F3F3F,
	0x3F393F3F,0x3F393F3F,0x48394839,0x3F3F3F3F,0x3F3F3F3F,0x3F3F393F,0x3F483F3F,0x3F483948,
	0x38383E3E,0x3F393E3E,0x3F3E3E38,0x4839483F,0x3F3F3F48,0x3F3F3F3F,0x393F3F3F,0x39483F3F,
	0x3948393F,0x3F3F3F48,0x3F3F3F3F,0x3F3F3F3F,0x3F3F3F39,0x3F3F483F,0x393F3F3F,0x393F3F3F,
	0x3E3E3F3F,0x393E4838,0x3E3F3F39,0x3F3E3E38,0x383E3F3F,0x3F483E48,0x3E483F48,0x4848483F,
	0x483F3E3F,0x383F483F,0x3F393F48,0x383F3E3F,0x483E483F,0x3E3E4848,0x3F3E3E3E,0x483F483E,

	0x48483F48,0x3F39383E,0x3E3E3F48,0x4839383E,0x4838483E,0x3F3E3E3F,0x3E3E483E,0x393F4839,
	0x48483F48,0x3F48483F,0x483F3948,0x3E3E3F3E,0x383E483F,0x3E38483E,0x3F48483F,0x39384839,
	0x3F3F3F3F,0x483E3E38,0x3F3F3F39,0x38383E39,0x4E3F3F3F,0x3F3F4839,0x4E4E3F48,0x3F3F3F4E,
	0x4E393F4C,0x3F393F3F,0x48394839,0x4C3F3F3F,0x3F4E3F3F,0x3F3F393F,0x3F483F3F,0x3F483948,
	0x38383E3E,0x3F393E3E,0x3F3E3E38,0x4839483F,0x3F5D3F48,0x3F3F3F3F,0x393F3F3F,0x39483F3F,
	0x3948394C,0x3F4E3F48,0x3F3F4C4C,0x3F3F3F3F,0x3F3F3F4C,0x3F3F483F,0x4E3F3F3F,0x393F3F3F,
	0x4037483F,0x41404041,0x41373F48,0x40403741,0x4040483F,0x37414041,0x40414039,0x40414140,
	0x3741403F,0x41404140,0x4040373F,0x40404041,0x3737483F,0x41374041,0x41414039,0x40404140,

	0x43414141,0x3F404137,0x40404140,0x39374141,0x41404037,0x3F404041,0x41374041,0x48374340,
	0x40414041,0x3F484141,0x40404140,0x39484140,0x3740413F,0x3F414041,0x41404048,0x3F404140,
	0x393F3948,0x48394838,0x3E483F3F,0x3F3F3E3E,0x3E3E483F,0x3E483E3F,0x3F3F3F3F,0x383F3F39,
	0x3F393F39,0x383F3F3F,0x3F3F4839,0x3D483F3F,0x3F3F3F3F,0x3D383E3F,0x3F483F3F,0x3D3D3E3E,
	0x3E383E3E,0x393E3E3F,0x3E384848,0x3F3F483E,0x3F3E483E,0x3F3F3E3F,0x393F3838,0x3F3F3F3F,
	0x39483D38,0x3F3F3F48,0x3F3F383D,0x48393F3F,0x3E38384F,0x3F3F3F48,0x3E383D3D,0x483F3F3E,
	0x3F3F3948,0x3F3F3F5D,0x5D3F3F3F,0x3F3F5D5D,0x3F3F483F,0x4E393F5D,0x3F3F3F3F,0x3F3F3F39,
	0x4C393F39,0x3F3F3F3F,0x4C3F4839,0x3F4C4C4C,0x4C4C3F3F,0x393F4C39,0x4C483F3F,0x394C4C4C,

	0x4E4E4E3F,0x39483F4E,0x394E3F39,0x3F3F4E4E,0x4E4E4E39,0x4C3F394E,0x393F3F3F,0x3F3F3F4E,
	0x394C3F3F,0x3F5D3F48,0x3F3F393F,0x5D5D5D3F,0x3F3F3F3F,0x3F5D3F48,0x3F4E3F48,0x483F3F3F,
	0x3F3F3F3F,0x3F3F3F3F,0x3F3F3F39,0x3F3F3F39,0x3F3F3F3F,0x483F3F3F,0x40483F39,0x48484041,
	0x37404141,0x41414140,0x40404141,0x40404041,0x37404041,0x41374041,0x41414040,0x40404140,
	0x3F393F3F,0x3F393F3F,0x3F3F3F48,0x4839483F,0x39483F3F,0x3F3F3F48,0x48404140,0x48404048,
	0x41404041,0x41414141,0x40403F40,0x41404140,0x37404840,0x40404041,0x41404041,0x37374140,
	0x3F3F3F3F,0x4F3D3E3E,0x3F3F3F39,0x3D3E3E39,0x3F3F3F3F,0x483F3F3F,0x40483F39,0x48484041,
	0x37404141,0x41414140,0x40404141,0x40404041,0x37404041,0x41374041,0x41414040,0x4F3D4140,

	0x3E38384F,0x3F393F3E,0x3E3E383D,0x4839483F,0x39483F3F,0x3F3F3F48,0x48404140,0x4F3D4048,
	0x41404041,0x3D4F4F3D,0x4F3D3F40,0x3D4F3C4F,0x384F4F3D,0x383D3D3D,0x3D4F384F,0x3D4F3838,
	0x3F3F3F3F,0x3F3F3F4C,0x3F3F3F39,0x3F3F3F39,0x3F3F3F3F,0x483F3F3F,0x40483D4F,0x48484041,
	0x3D4F3D3D,0x41414140,0x383D4F3D,0x40403D4F,0x3D3D3D38,0x3D4F3D38,0x38384F4F,0x38384F4F,
	0x4E4E4E3F,0x3F4E3F3F,0x3F4E3F48,0x4839483F,0x39483F3F,0x3F3F3F48,0x48404140,0x48404048,
	0x41404041,0x41414141,0x40403F40,0x41404140,0x37404840,0x40404041,0x41403D4F,0x37374140,
	0x4037483F,0x41404041,0x41373F48,0x40403741,0x40404140,0x37414041,0x40414040,0x40414140,
	0x37413737,0x41404140,0x40404141,0x40404041,0x37404041,0x41374041,0x41414040,0x40404140,

	0x43414141,0x3F404137,0x40404140,0x39374141,0x41404037,0x41404041,0x41374041,0x40374340,
	0x40414041,0x40414141,0x40404140,0x41404140,0x37404140,0x40404041,0x41404041,0x37374140,
	0x3F3F3F3F,0x3F3F3F4C,0x3F3F3F39,0x3F3F3F39,0x3F3F3F3F,0x483F3F3F,0x40483F39,0x48484041,
	0x37404141,0x41414140,0x40404141,0x40404041,0x37404041,0x41374041,0x41414040,0x40404140,
	0x4E4E4E3F,0x3F4E3F3F,0x3F4E3F48,0x4839483F,0x39483F3F,0x3F3F3F48,0x48404140,0x48404048,
	0x41404041,0x41414141,0x40403F40,0x41404140,0x37404840,0x40404041,0x41404041,0x37374140,
	0x3F3F3F3F,0x3F3F3F4C,0x3F3F3F39,0x3F3F3F39,0x3F3F3F3F,0x483F3F3F,0x40483F39,0x3F484041,
	0x37404141,0x3F484140,0x40404141,0x39484041,0x37404041,0x3F3F3E41,0x41414040,0x3F394840,

	0x4E4E4E3F,0x3F4E3F3F,0x3F4E3F48,0x4839483F,0x39483F3E,0x3F3F3F48,0x48403E48,0x48404048,
	0x41403E48,0x41414141,0x403E483E,0x41404140,0x37483F3E,0x40404041,0x3F3E393E,0x37374140,
	0x3F3F3F3F,0x3F3F3F3F,0x3F3F3F39,0x3F3F3F39,0x40404140,0x37414041,0x40414040,0x40414140,
	0x37413737,0x41404140,0x40404141,0x40404041,0x37404041,0x41374041,0x41414040,0x40404140,
	0x3F393F3F,0x3F393F3F,0x3F3F3F48,0x4839483F,0x41404037,0x41404041,0x41374041,0x40374340,
	0x40414041,0x40414141,0x40404140,0x41404140,0x37404140,0x40404041,0x41404041,0x37374140,
	0x4839483F,0x3F3F483F,0x3E3F4839,0x393F3F39,0x3F3F3F3F,0x483F3F3F,0x40483F39,0x48484041,
	0x37404141,0x4E4E4140,0x40404141,0x5D4C4E41,0x4E4E4E4E,0x4C4C4041,0x4C5D4C4E,0x40404140,

	0x48393F3F,0x4839483F,0x3F3F3F48,0x4839483F,0x39483F3F,0x3F3F3F48,0x48404140,0x48404048,
	0x4140404E,0x41414141,0x40404E4C,0x41404140,0x4E404840,0x40405D4C,0x4E404041,0x37374E4E,
	0x4839483F,0x4F3D3E3E,0x3E3F4839,0x3D3E3E39,0x3F3F3F3F,0x483F3F3F,0x40483F39,0x3F484041,
	0x37404141,0x3F484140,0x40404141,0x39484041,0x37404041,0x3F3F3E41,0x41414040,0x3F394840,
	0x3E38384F,0x4839483E,0x3E3E383D,0x4839483F,0x39483F3E,0x3F3F3F48,0x48403E48,0x48404048,
	0x41403E48,0x41414141,0x403E483E,0x41404140,0x37483F3E,0x40404041,0x3F3E393E,0x37374140,
	0x40403737,0x3737413F,0x40374141,0x41404048,0x41414040,0x41403740,0x40404037,0x40414141,
	0x37434140,0x41404041,0x41414037,0x41374040,0x40404141,0x40404141,0x37403737,0x37404140,

	0x40374341,0x41414040,0x41414040,0x41404037,0x40403740,0x40414141,0x37374140,0x43403F41,
	0x40414041,0x41414840,0x40404040,0x40404137,0x40413737,0x40374041,0x40404137,0x37373740,
	0x40403737,0x3737413F,0x40374141,0x41404048,0x41414040,0x41403740,0x40404037,0x40414141,
	0x37434140,0x41404041,0x41414037,0x41374040,0x40404141,0x40404141,0x37403737,0x4F3D4140,
	0x40374341,0x41414040,0x41414040,0x41404037,0x40403740,0x40414141,0x37374140,0x4F3D3F41,
	0x40414041,0x3D4F4F3D,0x4F3D4040,0x3D4F3C4F,0x384F4F3D,0x383D3D3D,0x3D4F384F,0x3D4F3838,
	0x40403737,0x3D4F4F3D,0x4F3D4141,0x3D4F3C4F,0x384F4F3D,0x383D3D3D,0x3D4F384F,0x3D4F3838,
	0x4F4F3C38,0x4F4F3C38,0x3D4F3C3D,0x3D4F3C3D,0x383D3D3D,0x383D3D3D,0x3D4F3838,0x3D4F3838,

	0x3D4F3D3D,0x41414040,0x383D4F3D,0x41403D4F,0x3D3D3D38,0x3D4F3D38,0x38384F4F,0x38384F4F,
	0x383D4F4F,0x383D4F4F,0x383D4F3D,0x383D4F3D,0x3D3D3D38,0x3D3D3D38,0x38384F4F,0x38384F4F,
	0x40403737,0x37374141,0x40374141,0x41404041,0x41414040,0x41403740,0x40403D4F,0x40414141,
	0x3D4F3D3D,0x41404041,0x383D4F3D,0x41373D4F,0x3D3D3D38,0x3D4F3D38,0x38384F4F,0x38384F4F,
	0x40374341,0x41414040,0x41414040,0x41404037,0x40403740,0x40414141,0x37374140,0x43404041,
	0x40414041,0x41414140,0x40404040,0x40404137,0x40413737,0x40374041,0x40403D4F,0x41414140,
	0x40403737,0x3F48483F,0x3E374141,0x3F483E48,0x3E414040,0x483E383E,0x40404037,0x3E3E3841,
	0x37434140,0x3E483E3E,0x3E414037,0x3F3F483F,0x39484141,0x483F393F,0x3F394837,0x3F483F3E,

	0x483E3F48,0x4141403E,0x3E384848,0x4140403E,0x40383E3E,0x40414141,0x3E484838,0x43403F41,
	0x3E3F3E48,0x4141483E,0x39483848,0x4040413E,0x3F3E3E48,0x40374848,0x483E3F48,0x373E3E3F,
	0x40403737,0x37374141,0x40374141,0x41404041,0x41414040,0x41403740,0x40404037,0x40414141,
	0x37434140,0x41404041,0x41414037,0x41374040,0x40404141,0x40404141,0x41404140,0x41404140,
	0x40374341,0x41414040,0x41414040,0x41404037,0x40403740,0x40414141,0x37374140,0x43404041,
	0x40414041,0x41414140,0x40404040,0x40404137,0x40413737,0x40374041,0x40404140,0x41414140,
	0x404E4E37,0x3737413F,0x40374141,0x41404048,0x41414040,0x4E4E4E4E,0x4E404037,0x4C4C4C4C,
	0x4C434140,0x4C5D5D4C,0x4E414037,0x4E4C4C4E,0x40404141,0x4E4E4E41,0x37403737,0x37404140,

	0x4E4E4E41,0x41414040,0x4C4C4E4E,0x4140404C,0x5D4C4C4E,0x40414E4E,0x4E4E4E4E,0x43403F4E,
	0x40414C4C,0x41414840,0x40404E4E,0x40404137,0x40413737,0x40374041,0x4E404137,0x37374E4E,
	0x3F484040,0x40374048,0x3F483948,0x483F3F3F,0x48483F3F,0x3F3F4839,0x3F3F4848,0x48393F39,
	0x48393E39,0x48393F3F,0x3F394839,0x483F3F48,0x483F393F,0x3E3F393F,0x3E3F3F3F,0x39483948,
	0x37404848,0x48484043,0x393F3F3F,0x393F3F3F,0x3F394848,0x393F393F,0x393F3E3F,0x39483948,
	0x3948393F,0x3F483F48,0x3F3F3F3F,0x483F3948,0x3F394839,0x3F3F483F,0x39483F3F,0x483F3F48,
	0x3F484040,0x40374048,0x3F483948,0x483F3F3F,0x4E3F3F3F,0x3F3F4839,0x4E4E3F48,0x3F3F3F4E,
	0x4E393F4C,0x3F393F3F,0x48394839,0x4C3F3F3F,0x3F4E3F3F,0x3F3F393F,0x3F483F3F,0x3F483948,

	0x37404848,0x48484043,0x393F3F3F,0x393F3F3F,0x3F5D3F48,0x3F3F3F3F,0x393F3F3F,0x39483F3F,
	0x3948394C,0x3F4E3F48,0x3F3F4C4C,0x3F3F3F3F,0x3F3F3F4C,0x3F3F483F,0x4E3F3F3F,0x393F3F3F,
	0x3F484040,0x40374048,0x3F483948,0x483F3F3F,0x483F3F3F,0x3F3F4839,0x3F3F3F48,0x3F3F3F3F,
	0x3F393F3F,0x3F393F3F,0x48394839,0x3F3F3F3F,0x3F3F3F3F,0x3F3F393F,0x3F483F3F,0x3F483948,
	0x37404848,0x48484043,0x393F3F3F,0x393F3F3F,0x3F3F3F48,0x3F3F3F3F,0x393F3F3F,0x39483F3F,
	0x3948393F,0x3F3F3F48,0x3F3F3F3F,0x3F3F3F3F,0x3F3F3F39,0x3F3F483F,0x393F3F3F,0x393F3F3F,
	0x3F484040,0x3D4F4F3D,0x4F3D3948,0x3D4F3C4F,0x383D3D3D,0x383D3D3D,0x3D4F3838,0x3D4F3838,
	0x4F4F3C38,0x4F4F3C38,0x3D4F3C3D,0x3D4F3C3D,0x383D3D3D,0x383D3D3D,0x3D4F3838,0x3D4F3838,

	0x3D4F3D3D,0x40404137,0x383D4F3D,0x40373D4F,0x3D3D3D38,0x3D3D3D38,0x38384F4F,0x38384F4F,
	0x383D4F4F,0x383D4F4F,0x383D4F3D,0x383D4F3D,0x3D3D3D38,0x3D3D3D38,0x38384F4F,0x38384F4F,
	0x3E3E4040,0x393E4838,0x3E483948,0x3F3E3E38,0x383E3F3F,0x3F483E48,0x3E483F48,0x4848483F,
	0x483F3E3F,0x383F483F,0x3F393F48,0x383F3E3F,0x483E483F,0x3E3E4848,0x3F3E3E3E,0x483F483E,
	0x48483F48,0x4848383E,0x3E3E3F48,0x393F383E,0x4838483E,0x3F3E3E3F,0x3E3E483E,0x393F4839,
	0x48483F48,0x3F48483F,0x483F3948,0x3E3E3F3E,0x383E483F,0x3E38483E,0x3F48483F,0x39384839,
	0x40404041,0x41404041,0x41373741,0x40403741,0x4040483F,0x37414041,0x40414039,0x40414140,
	0x3741403F,0x41404140,0x4040373F,0x40404041,0x3737483F,0x41374041,0x41414039,0x40404140,

	0x43414141,0x40404137,0x40404140,0x40374141,0x41404037,0x3F404041,0x41374041,0x48374340,
	0x40414041,0x3F484141,0x40404140,0x39484140,0x3740413F,0x3F414041,0x41404048,0x3F404140,
	0x4E4E4848,0x48485D4C,0x393F3F3F,0x393F3F3F,0x3F394848,0x393F393F,0x393F3E3F,0x39483948,
	0x3948393F,0x3F483F48,0x3F3F3F3F,0x483F3948,0x3F394839,0x3F3F483F,0x39483F3F,0x483F3F48,
	0x3E3E4040,0x393E4838,0x3E483948,0x3F3E3E38,0x383E3F3F,0x3F483E48,0x3E484848,0x4848483F,
	0x483F3E39,0x383F483F,0x3F393F48,0x383F3E3F,0x483E483F,0x3E3E4848,0x3F3E3E3E,0x483F483E,
	0x48483F48,0x4848383E,0x3E3E3F48,0x393F383E,0x4838483E,0x393E3E3F,0x3E3E483E,0x393F4839,
	0x48483F48,0x3F48483F,0x483F3948,0x3E3E3F3E,0x383E483F,0x3E38483E,0x3F48483F,0x48384839,

	0x3F3F3F3F,0x3F3F3F4C,0x3F3F3F39,0x3F3F3F39,0x4E3F3F3F,0x3F3F4839,0x4E4E3F48,0x3F3F3F4E,
	0x4E393F4C,0x3F393F3F,0x48394839,0x4C3F3F3F,0x3F4E3F3F,0x3F3F393F,0x3F483F3F,0x3F483948,
	0x4E4E4E3F,0x3F4E3F3F,0x3F4E3F48,0x4839483F,0x3F5D3F48,0x3F3F3F3F,0x393F3F3F,0x39483F3F,
	0x3948394C,0x3F4E3F48,0x3F3F4C4C,0x3F3F3F3F,0x3F3F3F4C,0x3F3F483F,0x4E3F3F3F,0x393F3F3F,
	0x3F3F3F3F,0x3F3F3F3F,0x3F3F3F39,0x3F3F3F39,0x483F3F3F,0x3F3F4839,0x3F3F3F48,0x3D4F3D3F,
	0x3F393F3F,0x3D384F38,0x38394839,0x4F3D3D3D,0x383F3F3F,0x3D38383D,0x40413F3F,0x3C3D4F38,
	0x3F393F3F,0x3F393F3F,0x3F3F3F48,0x4839483F,0x3F3F3F48,0x3F3F3F3F,0x393D3838,0x39483F3F,
	0x383C3D3D,0x3F3F3F48,0x383D4F4F,0x3F3F3F38,0x3838383D,0x3F3F4838,0x404F384F,0x393F4141,

	0x3F3F3F3F,0x4F3D3E3E,0x3F3F3F39,0x3D3E3E39,0x483F3F3F,0x3F3F4839,0x3F3F3F48,0x3F3F3F3F,
	0x3F393F3F,0x3F393F3F,0x48394839,0x3F3F3F3F,0x3F3F3F3F,0x3F3F393F,0x3F483F3F,0x3F483948,
	0x3E38384F,0x3F393F3E,0x3E3E383D,0x4839483F,0x3F3F3F48,0x3F3F3F3F,0x393F3F3F,0x39483F3F,
	0x3948393F,0x3F3F3F48,0x3F3F3F3F,0x3F3F3F3F,0x3F3F3F39,0x3F3F483F,0x393F3F3F,0x393F3F3F,
	0x3F3F3F3F,0x3F3F3F3F,0x3F3F3F39,0x3F3F3F39,0x48483F3F,0x3F3F4839,0x3F3F4848,0x48393F39,
	0x48393E39,0x48393F3F,0x3F394839,0x483F3F48,0x483F393F,0x3E3F393F,0x3E3F3F3F,0x39483948,
	0x3F393F3F,0x3F393F3F,0x3F3F3F48,0x4839483F,0x3F394848,0x393F393F,0x393F3E3F,0x39483948,
	0x3948393F,0x3F483F48,0x3F3F3F3F,0x483F3948,0x3F394839,0x3F3F483F,0x39483F3F,0x483F3F48,

	0x3F3F3F3F,0x39483F3F,0x3F483F39,0x3F3F3F3F,0x3F3F4839,0x3F3F393F,0x393F3F3F,0x3F3F3F3F,
	0x39483F3F,0x3F3F3F48,0x3F3F393F,0x48393F3F,0x3F3F3F3F,0x3F3F3F48,0x3F3F3F48,0x4654543A,
	0x3F3F3948,0x3F3F3F3F,0x3F3F3F3F,0x3F3F3F48,0x3F3F483F,0x48393F3F,0x3F3F3F3F,0x3F3F3F39,
	0x3F393F39,0x3F3F3F3F,0x3F3F4839,0x3F483F3F,0x3F3F3F3F,0x393F3F3F,0x3F483A46,0x39483F39,
	0x4839483F,0x3F3F483F,0x3E3F4839,0x393F3F39,0x48483F3F,0x3F3F4839,0x3F3E3E3E,0x48393F39,
	0x3E483F3F,0x48393F3F,0x3E483E3E,0x483F3E3E,0x483E4848,0x3E3F3E3F,0x3E3E483E,0x3E3E483E,
	0x3F3F3F3F,0x3F3F3F4C,0x3F3F3F39,0x3F3F3F39,0x48483F3F,0x483F4839,0x3F3F4848,0x3F393F39,
	0x48393E39,0x3F483F3F,0x3F394839,0x39483F48,0x483F393F,0x3F3F3E3F,0x3E3F3F3F,0x3F394848,

	0x4E4E4E3F,0x3F4E3F3F,0x3F4E3F48,0x4839483F,0x3F39483E,0x393F393F,0x393F3E48,0x39483948,
	0x39483E48,0x3F483F48,0x3F3E483E,0x483F3948,0x3F483F3E,0x3F3F483F,0x3F3E393E,0x483F3F48,
	0x37404137,0x37373743,0x40404040,0x40414140,0x43434043,0x48433740,0x43374137,0x3F374340,
	0x37374141,0x3F483740,0x40414040,0x39484140,0x43434040,0x3F3F3E37,0x43373741,0x3F394837,
	0x40404041,0x41404040,0x41414140,0x41414141,0x3743403E,0x41374343,0x40373E48,0x40374037,
	0x40403E48,0x41404040,0x413E483E,0x41414141,0x40483F3E,0x41374343,0x3F3E393E,0x40374037,
	0x3A393F3F,0x46465454,0x3A3F3F48,0x3A3A3A3A,0x543A4848,0x46545454,0x543A3E3F,0x3B3B4B3B,
	0x543A393F,0x3B594949,0x493F3F3F,0x58583A53,0x3F394839,0x58585949,0x3A483F3F,0x5959493B,

	0x493A5446,0x3F3F494B,0x4B3A4646,0x3F3F3F49,0x49544646,0x3F3F4839,0x3A464B4B,0x48393F39,
	0x3A464949,0x48393F3F,0x3F49533A,0x483F3F48,0x483F4959,0x3E3F393F,0x3E3A3B49,0x39483948,
	0x3F483F3E,0x3F483F3E,0x3F483F3E,0x483F393F,0x393F3E48,0x3E3F3948,0x3E3E3E3F,0x48393F3F,
	0x483F4848,0x3F3F483F,0x3F3F3E48,0x48393F3E,0x3939483E,0x3F3F393E,0x3F3F3E3E,0x483F393E,
	0x37373741,0x3F48483F,0x3E404040,0x3F483E48,0x3E434037,0x483E383E,0x37374143,0x3E3E3837,
	0x37374037,0x3E483E3E,0x3E404041,0x3F3F483F,0x39484343,0x483F393F,0x3F394837,0x3F483F3E,
	0x483E3F48,0x4140403E,0x3E384848,0x4141413E,0x37383E3E,0x41374343,0x3E484838,0x40374037,
	0x3E3F3E48,0x4140403E,0x39483848,0x4141413E,0x3F3E3E48,0x41374848,0x483E3F48,0x403E3E3F,

	0x463A3F48,0x54544B3B,0x543A3F39,0x46464B3A,0x3A594939,0x46463B3A,0x49595849,0x54543A44,
	0x59585849,0x4B4B3B49,0x3F494948,0x4B4B4B49,0x48393F3F,0x3B3B4B49,0x493F3F48,0x49494752,
	0x3A463B4B,0x393F3F3F,0x3A543A4B,0x483F3948,0x593A3A3B,0x48393F49,0x5949443A,0x3F484958,
	0x5859493B,0x393E4958,0x493F494B,0x3F483F49,0x4848494B,0x393F3F39,0x3F495247,0x3948483F,
	0x3E414141,0x3E48483E,0x3E413E41,0x483E3E48,0x3E3E3E41,0x3F3F3E3E,0x483E3E3E,0x483F3E48,
	0x3E483F3F,0x383F4848,0x3E483E3E,0x3E483E3E,0x483E4848,0x483E3E3F,0x3E3E483E,0x3E3E483E,
	0x483E4848,0x48393E38,0x483E483E,0x48393E38,0x3E483E38,0x393F383E,0x3E3F3E38,0x39483E3E,
	0x48483F3E,0x3F483F48,0x3E483F48,0x483E3F3F,0x483E3E3E,0x3F3E3939,0x3E483E48,0x483E3F48,

	0x37404137,0x40404043,0x40404040,0x40414140,0x483F3F3F,0x3F3F4839,0x3F3F3F48,0x3F3F3F3F,
	0x3F393F3F,0x3F393F3F,0x48394839,0x3F3F3F3F,0x3F3F3F3F,0x3F3F393F,0x3F483F3F,0x3F483948,
	0x41404041,0x37373741,0x41404140,0x41414040,0x3F3F3F48,0x3F3F3F3F,0x393F3F3F,0x39483F3F,
	0x3948393F,0x3F3F3F48,0x3F3F3F3F,0x3F3F3F3F,0x3F3F3F39,0x3F3F483F,0x393F3F3F,0x393F3F3F,
	0x3E3E4137,0x393E4838,0x3E404040,0x3F3E3E38,0x383E3F3F,0x3F483E48,0x3E483F48,0x4848483F,
	0x483F3E3F,0x383F483F,0x3F393F48,0x383F3E3F,0x483E483F,0x3E3E4848,0x3F3E3E3E,0x483F483E,
	0x48483F48,0x4140383E,0x3E3E3F48,0x4141383E,0x4838483E,0x3F3E3E3F,0x3E3E483E,0x393F4839,
	0x48483F48,0x3F48483F,0x483F3948,0x3E3E3F3E,0x383E483F,0x3E38483E,0x3F48483F,0x39384839,

	0x3E38383E,0x3E384848,0x393E3E3E,0x3E38483F,0x3F483E48,0x383E383F,0x3E3E3E3F,0x38483E48,
	0x483F4848,0x3E3E3E3E,0x3F3F3E48,0x483E483E,0x3939483E,0x3F3E3E3E,0x3F3F3E3E,0x483F3E3E,
	0x4037483F,0x41404041,0x41373F48,0x40403741,0x40404140,0x48414041,0x40414040,0x3F414140,
	0x37413737,0x3F484140,0x40404141,0x39484041,0x37404041,0x3F3F3E41,0x41414040,0x3F394840,
	0x43414141,0x3F404137,0x40404140,0x39374141,0x4140403E,0x41404041,0x41373E48,0x40374340,
	0x40413E48,0x40414141,0x403E483E,0x41404140,0x37483F3E,0x40404041,0x3F3E393E,0x37374140,
	0x3F3F3F3F,0x4F3D3E3E,0x3F3F3F39,0x3D3E3E39,0x3F3F3F3F,0x483F3F3F,0x40483F39,0x48484041,
	0x37404141,0x41414140,0x40404141,0x40404041,0x37404041,0x41374041,0x41414040,0x40404140,

	0x3E38384F,0x3F393F3E,0x3E3E383D,0x4839483F,0x39483F3F,0x3F3F3F48,0x48404140,0x48404048,
	0x41404041,0x41414141,0x40403F40,0x41404140,0x37404840,0x40404041,0x41404041,0x37374140,
	0x4839483F,0x3F3F483F,0x3E3F4839,0x393F3F39,0x3F3F3F3F,0x483F3F3F,0x40483F39,0x48484041,
	0x37404141,0x41414140,0x40404141,0x40404041,0x37404041,0x41374041,0x41414040,0x40404140,
	0x48393F3F,0x4839483F,0x3F3F3F48,0x4839483F,0x39483F3F,0x3F3F3F48,0x48404140,0x48404048,
	0x41404041,0x41414141,0x40403F40,0x41404140,0x37404840,0x40404041,0x41404041,0x37374140,
	0x40403737,0x3F48483F,0x3E374141,0x3F483E48,0x3E414040,0x483E383E,0x40404037,0x3E3E3841,
	0x37434140,0x3E483E3E,0x3E414037,0x3F3F483F,0x39484141,0x483F393F,0x3F394840,0x3F483F3E,

	0x483E3F48,0x4141403E,0x3E384848,0x4140403E,0x40383E3E,0x40414141,0x3E484838,0x43404041,
	0x3E3F3E48,0x4141413E,0x39483848,0x4040413E,0x3F3E3E48,0x40374848,0x483E3F48,0x413E3E3F,
	0x3E414141,0x3E48483E,0x3E413E41,0x483E3E48,0x483E3E41,0x483E3E3E,0x3E3E4141,0x3E3E483E,
	0x3E3E4141,0x3E48483E,0x3E414141,0x3E483E41,0x3E414141,0x3E3E413E,0x3E414141,0x413E413E,
	0x483E4848,0x48393E38,0x483E483E,0x48393E38,0x3E484848,0x5F3E3848,0x48483E48,0x3E3E4848,
	0x483E3E48,0x48484848,0x3E3E3E3E,0x4848483E,0x3E48483E,0x3E484848,0x48483E41,0x48483E3E,
	0x4839483F,0x3F3F483F,0x3E3F4839,0x393F3F39,0x483F3F3F,0x3F3F4839,0x3F3E3E3E,0x3F3F3F3F,
	0x3E483F3F,0x3F393F3F,0x3E483E3E,0x3F3F3E3E,0x483E4848,0x3F3F3E3F,0x3E3E483E,0x3E3E483E,

	0x3E3E4041,0x393E4838,0x3E373741,0x3F3E3E38,0x383E3F3F,0x3F483E48,0x3E483F48,0x4848483F,
	0x483F3E3F,0x383F483F,0x3F393F48,0x383F3E3F,0x483E483F,0x3E3E4848,0x3F3E3E3E,0x483F483E,
	0x48483F48,0x4040383E,0x3E3E3F48,0x4037383E,0x4838483E,0x3F3E3E3F,0x3E3E483E,0x393F4839,
	0x48483F48,0x3F48483F,0x483F3948,0x3E3E3F3E,0x383E483F,0x3E38483E,0x3F48483F,0x39384839,
	0x3F484040,0x40374048,0x3F483948,0x483F3F3F,0x483F3F3F,0x3F3F4839,0x3F3F3F48,0x483E3E3F,
	0x3E3E3F3F,0x3F3F3E3E,0x3E483E39,0x393F483E,0x3E3F393E,0x393F483F,0x48483F3E,0x3F483E48,
	0x37404848,0x48484043,0x393F3F3F,0x393F3F3F,0x3F3E3E48,0x3F3F3F3F,0x3E3E4848,0x39483F3F,
	0x3E3F483F,0x3F3F3E3E,0x48483F39,0x3F3F4848,0x3E483F3F,0x3F3E3F3F,0x483E4848,0x393E3939,

	0x4839483F,0x3F3F483F,0x3E3F4839,0x393F3F39,0x48483F3F,0x3F3F4839,0x3F3F4848,0x48393F39,
	0x48393E39,0x48393F3F,0x3F394839,0x483F3F48,0x483F393F,0x3D38393F,0x3E3F3F3F,0x4F4F3848,
	0x48393F3F,0x4839483F,0x3F3F3F48,0x4839483F,0x3F394848,0x393F393F,0x393F3E3F,0x39483948,
	0x3948393F,0x3F483F48,0x3F3F3F3F,0x483F3948,0x3F383D4F,0x3F3F483F,0x384F4F4F,0x483F3F48,
	0x3E414141,0x3E414141,0x41414141,0x41414141,0x41414141,0x3E3E3E41,0x41414141,0x41414141,
	0x41414141,0x41414141,0x41414141,0x41414141,0x41414141,0x41414141,0x41414141,0x41414141,
	0x413E3E41,0x3E3E4141,0x41413E3E,0x413E3E41,0x3E3E3E3E,0x41414141,0x3E3E3E3E,0x3E41413E,
	0x3E3E4141,0x41414141,0x41414141,0x41413E3E,0x41414141,0x413E4141,0x41414141,0x41414141,

	0x3F3F3F3E,0x39483F3F,0x3F483F3E,0x3F3F3F3F,0x3F3F3E48,0x3F3F393F,0x3E3E3E3F,0x3F3F3F3F,
	0x483F4848,0x3F3F3F48,0x3F3F3E48,0x48393F3E,0x3939483E,0x3F3F3F3E,0x3F3F3E3E,0x483F3F3E,
	0x3F3F3948,0x3F3F3F3F,0x3F3F3F3F,0x3F3F3F48,0x3F3F483F,0x48393F3F,0x3F3F3F3F,0x3F3F3F39,
	0x3F393F39,0x3F3F3F3F,0x3F3F4839,0x3F483F3F,0x3F3F3F3F,0x393F3F3F,0x3F483F3F,0x4F3D3F39,
	0x3F3F3F3F,0x39483F3F,0x3F483F39,0x3F3F3F3F,0x3F3F4839,0x3F3F393F,0x393F3F3F,0x4F3D3F3F,
	0x39483F3F,0x3D4F4F3D,0x4F3D393F,0x3D4F3C4F,0x384F4F3D,0x383D3D3D,0x3D4F384F,0x3D4F3838,
	0x3F3F3948,0x3F3F3F3F,0x3F3F3F3F,0x3F3F3F48,0x3F3F483F,0x48393F3F,0x3F3F3D4F,0x3F3F3F39,
	0x3D4F3D3D,0x3F3F3F3F,0x383D4F3D,0x3F483D4F,0x3D3D3D38,0x3D4F3D38,0x38384F4F,0x38384F4F,

	0x3F3F3F3F,0x39483F3F,0x3F483F39,0x3F3F3F3F,0x3F3F4839,0x3F3F393F,0x393F3F3F,0x3F3F3F3F,
	0x39483F3F,0x3F3F3F48,0x3F3F393F,0x48393F3F,0x3F3F3F3F,0x3F3F3F48,0x3F3F3D4F,0x483F3F3F,
	0x3F3F3948,0x3D38383F,0x4839483F,0x383D3848,0x483F4848,0x4F3D383E,0x3E393F48,0x4F3D3D3E,
	0x3E3F3F48,0x4F4F3D3E,0x3F3F393E,0x4F3D3E3E,0x4848393F,0x3E3F3F39,0x3F483F48,0x3948483F,
	0x38383D4F,0x3F483F3E,0x38383838,0x483F393F,0x383D3D3D,0x3E3F393E,0x383D4F38,0x48393E3E,
	0x3D3D3838,0x3F3F3E3E,0x3E38384F,0x48393F3E,0x48393E3E,0x3F3F3948,0x3E3F3F48,0x483F393F,
	0x41414141,0x41414141,0x41414141,0x41414141,0x41414141,0x41414141,0x41414141,0x41414141,
	0x41414141,0x41414141,0x41414141,0x41414141,0x41414141,0x41414141,0x41414141,0x41414141,

	0x3E414141,0x3E48483E,0x3E413E41,0x483E3E48,0x3E3E3E41,0x3F3F3E3E,0x483E3E3E,0x483F3E48,
	0x3E3E3E41,0x383F4848,0x3E3E3E41,0x3E483E48,0x3E483E3E,0x483E3E3E,0x3E484848,0x3E3E483E,
	0x483E4848,0x3F393E38,0x483E483E,0x48393E38,0x3E483E38,0x3F3F383E,0x3E3F3E38,0x39483E3E,
	0x48483F3E,0x3F3F3F48,0x3E483F48,0x3F3E3F3F,0x483E3E3E,0x3F3E3939,0x3E483E48,0x393E3F48,
	0x3F3F3F3F,0x483E3E38,0x3F3F3F39,0x38383E39,0x483F3F3F,0x3F3F4839,0x3F3F3F48,0x3F3F3F3F,
	0x3F393F3F,0x3F393F3F,0x48394839,0x3F3F3F3F,0x3F3F3F3F,0x3F3F393F,0x3F483F3F,0x4F3D3948,
	0x38383E3E,0x3F393E3E,0x3F3E3E38,0x4839483F,0x3F3F3F48,0x3F3F3F3F,0x393F3F3F,0x4F3D3F3F,
	0x3948393F,0x3D4F4F3D,0x4F3D3F3F,0x3D4F3C4F,0x384F4F3D,0x383D3D3D,0x3D4F384F,0x3D4F3838,

	0x3F3F3F3F,0x3D4F4F3D,0x4F3D3F39,0x3D4F3C4F,0x383D3D3D,0x383D3D3D,0x3D4F3838,0x3D4F3838,
	0x4F4F3C38,0x4F4F3C38,0x3D4F3C3D,0x3D4F3C3D,0x383D3D3D,0x383D3D3D,0x3D4F3838,0x3D4F3838,
	0x3D4F3D3D,0x3F393F3F,0x383D4F3D,0x48393D4F,0x3D3D3D38,0x3D3D3D38,0x38384F4F,0x38384F4F,
	0x383D4F4F,0x383D4F4F,0x383D4F3D,0x383D4F3D,0x3D3D3D38,0x3D3D3D38,0x38384F4F,0x38384F4F,
	0x4839483F,0x3F3F483F,0x3E3F4839,0x393F3F39,0x48483F3F,0x3F3F4839,0x3F3F3D4F,0x48393F39,
	0x3D4F3D3D,0x48393F3F,0x383D4F3D,0x483F3D4F,0x3D3D3D38,0x3D4F3D38,0x38384F4F,0x38384F4F,
	0x48393F3F,0x4839483F,0x3F3F3F48,0x4839483F,0x3F394848,0x393F393F,0x393F3E3F,0x39483948,
	0x3948393F,0x3F483F48,0x3F3F3F3F,0x483F3948,0x3F394839,0x3F3F483F,0x39483D4F,0x483F3F48,

	0x3E3E3E3E,0x483E4848,0x483E3E41,0x483F4848,0x48483E41,0x3E383F3E,0x3E3E3E41,0x3E38483E,
	0x3E48483E,0x3F3E3848,0x483E483F,0x3F483E48,0x483E3E48,0x3E3E483E,0x3E3E3E3E,0x3E483F3F,
	0x3E38383E,0x3E384848,0x393E3E3E,0x3E38483F,0x3F483E48,0x383E383F,0x3E3E3E3F,0x38483E48,
	0x48484848,0x3E3E3E3E,0x3F483E48,0x483E483E,0x3939483E,0x3F3E3E3E,0x3F3F3E48,0x483F3E3E,
	0x3D4F3D3D,0x3F483F3E,0x383D4F3D,0x483F3D4F,0x3D3D3D38,0x3D4F3D38,0x38384F4F,0x38384F4F,
	0x383D4F4F,0x383D4F4F,0x383D4F3D,0x383D4F3D,0x3D3D3D38,0x3D3D3D38,0x38384F4F,0x38384F4F,
	0x3F3F3948,0x393F3F3F,0x4839483F,0x483F3948,0x483F4848,0x48393F3F,0x48393D4F,0x3F483F39,
	0x3D4F3D3D,0x393E483F,0x383D4F3D,0x3F483D4F,0x3D3D3D38,0x3D4F3D38,0x38384F4F,0x38384F4F,

	0x3F483F48,0x3F483F3E,0x3F483F39,0x483F393F,0x393F4839,0x3E3F3948,0x393F3F48,0x48393F3F,
	0x48483F48,0x3F3F483F,0x3F3F3948,0x48393F3F,0x48393F3F,0x3F3F3948,0x3E3F3D4F,0x483F393F,
	0x3F48483E,0x38483F39,0x3F3F3E48,0x3E3E483F,0x3E3E3E41,0x3F3F3E3E,0x483E3E3E,0x483F3E48,
	0x3E3E3E41,0x383F4848,0x3E3E3E41,0x3E483E48,0x3E483E3E,0x483E3E3E,0x3E484848,0x3E3E483E,
	0x48483E38,0x3D3E3E38,0x483F393E,0x3E5F3E38,0x3E483E38,0x393F383E,0x3E3F3E38,0x39483E3E,
	0x48483F3E,0x3F483F48,0x3E483F48,0x483E3F3F,0x483E3E3E,0x3F3E3939,0x3E483E48,0x483E3F48,
	0x483E383D,0x4848383E,0x3F483E3E,0x483E3839,0x3F483F3F,0x48483E3F,0x483E4848,0x3F3E4848,
	0x3E383E39,0x3F483F3E,0x383E4839,0x39483E48,0x3E3F393F,0x3F3F3E3E,0x3E3F3F3F,0x3F394848,

	0x3E483948,0x3E484848,0x3E484848,0x483E3E3E,0x4848483E,0x3F483F3F,0x3E483E48,0x48484848,
	0x383E3E48,0x3E3F3F48,0x383E483E,0x39393F3E,0x3E483F3E,0x3F3E3E48,0x3F3E393E,0x48483E3E,
	0x3E483F48,0x483E3E3E,0x3E3E3E3E,0x3E3E4848,0x3F483E48,0x4848483F,0x483E483F,0x3F3F3948,
	0x3E48483E,0x3F484848,0x393E3E48,0x3948483F,0x3F48483F,0x3F3F3E3F,0x48483F48,0x3F394848,
	0x483E3E48,0x3E48483F,0x48483E3E,0x3E3E4848,0x3E3F3F3E,0x3F483E3E,0x3E483E48,0x3F3F3F48,
	0x3E3E3E48,0x3E3F4848,0x483E483E,0x39393F3E,0x48483F3E,0x3F3E3E3E,0x3F3E393E,0x48483E3E,
	0x483E3F48,0x3F39483E,0x3E384848,0x3F3F483E,0x38383E3E,0x3E3E4838,0x3E484838,0x483E3E38,
	0x3E3F3E48,0x38383E3E,0x39483848,0x3D383E3E,0x3F3E3E48,0x3D3D4848,0x483E3F48,0x4F3E3E3F,

	0x483E3E48,0x3F48483F,0x3E3E3E48,0x3F483E48,0x3E3E483E,0x483E383E,0x38383E3E,0x3E3E383E,
	0x3F3E3E38,0x3E483E3E,0x3E38384F,0x3F3F483F,0x39483D3D,0x483F393F,0x3F39484F,0x3F483F3E,
	0x41413E41,0x41414141,0x3E3E3E3E,0x41414141,0x3E414141,0x41413E3E,0x4141413E,0x41414141,
	0x413E4141,0x3E414141,0x3E41413E,0x3E3E3E3E,0x483E3E48,0x3E483E3E,0x483E483F,0x4F3D3E48,
	0x41414141,0x413E3E41,0x3E414141,0x41414141,0x413E3E41,0x413E4141,0x41414141,0x4F3D3E3E,
	0x3E3E3E41,0x3D4F4F3D,0x4F3D4141,0x3D4F3C4F,0x384F4F3D,0x383D3D3D,0x3D4F384F,0x3D4F3838,
	0x41413E41,0x41414141,0x3E3E3E3E,0x41414141,0x3E414141,0x41413E3E,0x41413D4F,0x41414141,
	0x3D4F3D3D,0x3E414141,0x383D4F3D,0x3E3E3D4F,0x3D3D3D38,0x3D4F3D38,0x38384F4F,0x38384F4F,

	0x41414141,0x413E3E41,0x3E414141,0x41414141,0x413E3E41,0x413E4141,0x41414141,0x41413E3E,
	0x3E3E3E41,0x3E3E3E48,0x483E4141,0x483E3E48,0x3E3E3E3E,0x3E3E3E3E,0x3E483D4F,0x3E48483E,
	0x3F483E38,0x48393E38,0x483F393E,0x48393E38,0x383F3F48,0x393F383E,0x3E484848,0x39483848,
	0x3E3E483E,0x3F483E3E,0x483E3E3E,0x483F393E,0x3E38383E,0x3F3F483E,0x3E3E3838,0x483F3F48,
	0x4839483F,0x3F3F483F,0x3E3F4839,0x393F3F39,0x48483F3F,0x3F3F4839,0x3F3F4848,0x48393F39,
	0x48393E39,0x48393F3F,0x3F394839,0x483F3F48,0x483F393F,0x3E3F393F,0x3E3F3F3F,0x4F3D3948,
	0x48393F3F,0x4839483F,0x3F3F3F48,0x4839483F,0x3F394848,0x393F393F,0x393F3E3F,0x4F3D3948,
	0x3948393F,0x3D4F4F3D,0x4F3D3F3F,0x3D4F3C4F,0x384F4F3D,0x383D3D3D,0x3D4F384F,0x3D4F3838,

	0x48483F48,0x3D3E383E,0x3E3E3F48,0x3E39383E,0x4838483E,0x393E3E3F,0x3E3E483E,0x393F4839,
	0x48483F48,0x3F48483F,0x483F3948,0x3E3E3F3E,0x383E483F,0x3E38483E,0x3F48483F,0x48384839,
	0x48393F3F,0x3D3E3E3F,0x3F3F3F48,0x3E39483F,0x3F3F3F48,0x3F3F3F3F,0x393F3F3F,0x39483F3F,
	0x3948393F,0x3F3F3F48,0x3F3F3F3F,0x3F3F3F3F,0x3F3F3F39,0x3F3F483F,0x393F3F3F,0x393F3F3F,
	0x3E3E383D,0x393E4838,0x3E3F3E3E,0x3F3E3E38,0x383E3F3F,0x3F483E48,0x3E483F48,0x4848483F,
	0x483F3E3F,0x383F483F,0x3F393F48,0x383F3E3F,0x483E483F,0x3E3E4848,0x3F3E3E3E,0x483F483E,
	0x48483F48,0x3D3E383E,0x3E3E3F48,0x3E39383E,0x4838483E,0x3F3E3E3F,0x3E3E483E,0x393F4839,
	0x48483F48,0x3F48483F,0x483F3948,0x3E3E3F3E,0x383E483F,0x3E38483E,0x3F48483F,0x39384839,

	0x483E383D,0x4848383E,0x3F483E3E,0x483E3839,0x3F483F3F,0x3E483E3F,0x483E3F48,0x3E3E4848,
	0x3E383F3F,0x48483F3E,0x383E4839,0x483E3E48,0x3E3F3F3F,0x4838383E,0x3F483F3F,0x4F3D3948,
	0x3E483948,0x3E484848,0x3E484848,0x483E3E3E,0x4848483E,0x3F483F3F,0x3E483E48,0x4F3D4848,
	0x383E483E,0x3D4F4F3D,0x4F3D3F48,0x3D4F3C4F,0x384F4F3D,0x383D3D3D,0x3D4F384F,0x3D4F3838,
	0x3F3F3948,0x393F3F3F,0x4839483F,0x483F3948,0x483F4848,0x48393F3F,0x48393F48,0x3F483F39,
	0x3F3F3F48,0x393E483F,0x3F3F393E,0x3F483F39,0x4848393F,0x393F3F39,0x3F483F48,0x4F3D483F,
	0x3F483F48,0x3F483F3E,0x3F483F39,0x483F393F,0x393F4839,0x3E3F3948,0x393F3F48,0x4F3D3F3F,
	0x48483F48,0x3D4F4F3D,0x4F3D3948,0x3D4F3C4F,0x384F4F3D,0x383D3D3D,0x3D4F384F,0x3D4F3838,

	0x3F3F3948,0x3D4F4F3D,0x4F3D483F,0x3D4F3C4F,0x384F4F3D,0x383D3D3D,0x3D4F384F,0x3D4F3838,
	0x4F4F3C38,0x4F4F3C38,0x3D4F3C3D,0x3D4F3C3D,0x383D3D3D,0x383D3D3D,0x3D4F3838,0x3D4F3838,
	0x4839483F,0x3D4F4F3D,0x4F3D4839,0x3D4F3C4F,0x383D3D3D,0x383D3D3D,0x3D4F3838,0x3D4F3838,
	0x4F4F3C38,0x4F4F3C38,0x3D4F3C3D,0x3D4F3C3D,0x383D3D3D,0x383D3D3D,0x3D4F3838,0x3D4F3838,
	0x3D4F3D3D,0x4839483F,0x383D4F3D,0x48393D4F,0x3D3D3D38,0x3D3D3D38,0x38384F4F,0x38384F4F,
	0x383D4F4F,0x383D4F4F,0x383D4F3D,0x383D4F3D,0x3D3D3D38,0x3D3D3D38,0x38384F4F,0x38384F4F,
	0x4839483F,0x4F3D3E3E,0x3E3F4839,0x3D3E3E39,0x483F3F3F,0x3F3F4839,0x3F3F3F48,0x3F3F3F3F,
	0x3F393F3F,0x3F393F3F,0x48394839,0x3F3F3F3F,0x3F3F3F3F,0x3F3F393F,0x3F483F3F,0x3F483948,

	0x3E38384F,0x4839483E,0x3E3E383D,0x4839483F,0x3F3F3F48,0x3F3F3F3F,0x393F3F3F,0x39483F3F,
	0x3948393F,0x3F3F3F48,0x3F3F3F3F,0x3F3F3F3F,0x3F3F3F39,0x3F3F483F,0x393F3F3F,0x393F3F3F,
	0x37404137,0x37373743,0x40404040,0x40414140,0x483F3F3F,0x3F3F4839,0x3F3F3F48,0x3F3F3F3F,
	0x3F393F3F,0x3F393F3F,0x48394839,0x3F3F3F3F,0x3F3F3F3F,0x3F3F393F,0x3F483F3F,0x3F483948,
	0x40404041,0x41404040,0x41414140,0x41414141,0x3F3F3F48,0x3F3F3F3F,0x393F3F3F,0x39483F3F,
	0x3948393F,0x3F3F3F48,0x3F3F3F3F,0x3F3F3F3F,0x3F3F3F39,0x3F3F483F,0x393F3F3F,0x393F3F3F,
	0x4839483F,0x3F3F483F,0x3E3F4839,0x393F3F39,0x483F3F3F,0x483F4839,0x3F3F3F48,0x3F3F3F3F,
	0x3F393F3F,0x3F483F3F,0x48394839,0x39483F3F,0x3F3F3F3F,0x3F3F3E3F,0x3F483F3F,0x3F394848,

	0x48393F3F,0x4839483F,0x3F3F3F48,0x4839483F,0x3F3F3F3E,0x3F3F3F3F,0x393F3E48,0x39483F3F,
	0x39483E48,0x3F3F3F48,0x3F3E483E,0x3F3F3F3F,0x3F483F3E,0x3F3F483F,0x3F3E393E,0x393F3F3F,
	0x3F3F3F3F,0x3F3F3F3F,0x3F3F3F39,0x3F3F3F39,0x483F3F3F,0x483F4839,0x3F3F3F48,0x3F3F3F3F,
	0x3F393F3F,0x3F483F3F,0x48394839,0x39483F3F,0x3F3F3F3F,0x3F3F3E3F,0x3F483F3F,0x3F394848,
	0x3F393F3F,0x3F393F3F,0x3F3F3F48,0x4839483F,0x3F3F3F3E,0x3F3F3F3F,0x393F3E48,0x39483F3F,
	0x39483E48,0x3F3F3F48,0x3F3E483E,0x3F3F3F3F,0x3F483F3E,0x3F3F483F,0x3F3E393E,0x393F3F3F,
	0x37404137,0x37373743,0x40404040,0x40414140,0x40374043,0x38383840,0x38404137,0x383D3838,
	0x38384137,0x3D3D3D3D,0x38384140,0x3D4F3D3D,0x3D384040,0x5F5F3D4F,0x3D384137,0x5F413D3C,

	0x40373740,0x37373741,0x41404140,0x41414040,0x40383838,0x37434037,0x38383D3D,0x37374038,
	0x3D3D4F4F,0x3737383D,0x3D4F3D4F,0x4040384F,0x4F4F5F5F,0x43403D4F,0x3D4F5F41,0x37403D4F,
	0x3F3F3948,0x3F48483F,0x3E3F3F3F,0x3F483E48,0x3E3F483F,0x483E383E,0x3F3F3F3F,0x3E3E3839,
	0x3F393F39,0x3E483E3E,0x3E3F4839,0x3F3F483F,0x39483F3F,0x483F393F,0x3F39483F,0x3F483F3E,
	0x483E3F48,0x39483F3E,0x3E384848,0x3F3F3F3E,0x3F383E3E,0x3F3F393F,0x3E484838,0x3F3F3F3F,
	0x3E3F3E48,0x3F3F3F3E,0x39483848,0x48393F3E,0x3F3E3E48,0x3F3F4848,0x483E3F48,0x483E3E3F,
	0x3D384037,0x4F3C3D3C,0x3D384141,0x3D3C4F3C,0x3D384037,0x433C3D4F,0x3D383737,0x404F3D4F,
	0x3D384037,0x4F4F3D4F,0x3D384140,0x3D4F3D3C,0x3D384043,0x3D3C3D3C,0x3D384037,0x3D4F4F4F,

	0x3D4F3D3C,0x37413D3C,0x3D3C3D4F,0x41413D3C,0x4F3C3D37,0x37403D3C,0x3D4F3D41,0x37403D3C,
	0x3D4F4F4F,0x37413D4F,0x3D3C4F4F,0x40413D4F,0x4F3C3D3C,0x37403D3C,0x3D4F3D4F,0x37373D4F,
	0x3E3E3F3F,0x393E4838,0x3E3F3F39,0x3F3E3E38,0x383E3F3F,0x3F483E48,0x3E484848,0x4848483F,
	0x483F3E39,0x383F483F,0x3F393F48,0x383F3E3F,0x483E483F,0x3E3E4848,0x3F3E3E3E,0x483F483E,
	0x48483F48,0x3F39383E,0x3E3E3F48,0x4839383E,0x4838483E,0x393E3E3F,0x3E3E483E,0x393F4839,
	0x48483F48,0x3F48483F,0x483F3948,0x3E3E3F3E,0x383E483F,0x3E38483E,0x3F48483F,0x48384839,
	0x3F3F3F3F,0x3F3F3F3F,0x3F3F3F39,0x3F3F3F39,0x4E3F3F3F,0x3F3F4839,0x4E4E3F48,0x3F3F3F4E,
	0x4E393F4C,0x3F393F3F,0x48394839,0x4C3F3F3F,0x3F4E3F3F,0x3F3F393F,0x3F483F3F,0x3F483948,

	0x3F393F3F,0x3F393F3F,0x3F3F3F48,0x4839483F,0x3F5D3F48,0x3F3F3F3F,0x393F3F3F,0x39483F3F,
	0x3948394C,0x3F4E3F48,0x3F3F4C4C,0x3F3F3F3F,0x3F3F3F4C,0x3F3F483F,0x4E3F3F3F,0x393F3F3F,
	0x40404041,0x41404040,0x41414141,0x40414141,0x483F3F3F,0x3F3F4839,0x3F3F3F48,0x3F3F3F3F,
	0x3F393F3F,0x3F393F3F,0x48394839,0x3F3F3F3F,0x3F3F3F3F,0x3F3F393F,0x3F483F3F,0x3F483948,
	0x41373737,0x37373741,0x41414140,0x41414040,0x3F3F3F48,0x3F3F3F3F,0x393F3F3F,0x39483F3F,
	0x3948393F,0x3F3F3F48,0x3F3F3F3F,0x3F3F3F3F,0x3F3F3F39,0x3F3F483F,0x393F3F3F,0x393F3F3F,
	0x37404137,0x40404043,0x40404040,0x40414140,0x483F3F3F,0x3F3F4839,0x3F3F3F48,0x483E3E3F,
	0x3E3E3F3F,0x3F3F3E3E,0x3E483E39,0x393F483E,0x3E3F393E,0x393F483F,0x48483F3E,0x3F483E48,

	0x41404041,0x37373741,0x41404140,0x41414040,0x3F3E3E48,0x3F3F3F3F,0x3E3E4848,0x39483F3F,
	0x3E3F483F,0x3F3F3E3E,0x48483F39,0x3F3F4848,0x3E483F3F,0x3F3E3F3F,0x483E4848,0x393E3939,
	0x40373740,0x37373741,0x41404140,0x41414040,0x3F3F3F48,0x3F3F3F3F,0x393F3F3F,0x39483F3F,
	0x3948393F,0x3F3F3F48,0x3F3F3F3F,0x3F3F3F3F,0x3F3F3F39,0x3F3F483F,0x393F3F3F,0x393F3F3F,
	0x3F3F3F3F,0x3F3F3F3F,0x3F3F3F39,0x3F3F3F39,0x3F3F3F3F,0x483F3F3F,0x40483F39,0x48484041,
	0x37404141,0x41414140,0x40404141,0x40404041,0x37404041,0x41374041,0x41414040,0x4F3D4140,
	0x3F393F3F,0x3F393F3F,0x3F3F3F48,0x4839483F,0x39483F3F,0x3F3F3F48,0x48404140,0x4F3D4048,
	0x41404041,0x3D4F4F3D,0x4F3D3F40,0x3D4F3C4F,0x384F4F3D,0x383D3D3D,0x3D4F384F,0x3D4F3838,

	0x4037483F,0x41404041,0x41373F48,0x40403741,0x40404140,0x37414041,0x40413D4F,0x40414140,
	0x3D4F3D3D,0x41404140,0x383D4F3D,0x40403D4F,0x3D3D3D38,0x3D4F3D38,0x38384F4F,0x38384F4F,
	0x43414141,0x3F404137,0x40404140,0x39374141,0x41404037,0x41404041,0x41374041,0x40374340,
	0x40414041,0x40414141,0x40404140,0x41404140,0x37404140,0x40404041,0x41403D4F,0x37374140,
	0x3F3F3F3F,0x483E3E38,0x3F3F3F39,0x38383E39,0x3F3F3F3F,0x483F3F3F,0x40483F39,0x48484041,
	0x37404141,0x41414140,0x40404141,0x40404041,0x37404041,0x41374041,0x41414040,0x40404140,
	0x38383E3E,0x3F393E3E,0x3F3E3E38,0x4839483F,0x39483F3F,0x3F3F3F48,0x48404140,0x48404048,
	0x41404041,0x41414141,0x40403F40,0x41404140,0x37404840,0x40404041,0x41404041,0x37374140,

	0x40403737,0x3737413F,0x40374141,0x41404048,0x41414040,0x41403740,0x40403D4F,0x40414141,
	0x3D4F3D3D,0x41404041,0x383D4F3D,0x41373D4F,0x3D3D3D38,0x3D4F3D38,0x38384F4F,0x38384F4F,
	0x40374341,0x41414040,0x41414040,0x41404037,0x40403740,0x40414141,0x37374140,0x43403F41,
	0x40414041,0x41414840,0x40404040,0x40404137,0x40413737,0x40374041,0x40403D4F,0x37373740,
	0x40404041,0x41404041,0x41373741,0x40403741,0x483F3F3F,0x3F3F4839,0x3F3F3F48,0x3F3F3F3F,
	0x3F393F3F,0x3F393F3F,0x48394839,0x3F3F3F3F,0x3F3F3F3F,0x3F3F393F,0x3F483F3F,0x3F483948,
	0x43414141,0x40404137,0x40404140,0x40374141,0x3F3F3F48,0x3F3F3F3F,0x393F3F3F,0x39483F3F,
	0x3948393F,0x3F3F3F48,0x3F3F3F3F,0x3F3F3F3F,0x3F3F3F39,0x3F3F483F,0x393F3F3F,0x393F3F3F,

	0x3D4F3D3D,0x48484043,0x383D4F3D,0x393F3D4F,0x3D3D3D38,0x3D3D3D38,0x38384F4F,0x38384F4F,
	0x383D4F4F,0x383D4F4F,0x383D4F3D,0x383D4F3D,0x3D3D3D38,0x3D3D3D38,0x38384F4F,0x38384F4F,
	0x3F3F3F3F,0x3F3F3F3F,0x3F3F3F39,0x3F3F3F39,0x4E483F3F,0x3F3F4839,0x4E4E4848,0x48393F4E,
	0x4E393E4C,0x48393F3F,0x3F394839,0x4C3F3F48,0x484E393F,0x3E3F393F,0x3E3F3F3F,0x39483948,
	0x3F393F3F,0x3F393F3F,0x3F3F3F48,0x4839483F,0x3F5D4848,0x393F393F,0x393F3E3F,0x39483948,
	0x3948394C,0x3F4E3F48,0x3F3F4C4C,0x483F3948,0x3F39484C,0x3F3F483F,0x4E483F3F,0x483F3F48,
	0x4839483F,0x3F3F483F,0x3E3F4839,0x393F3F39,0x48483F3F,0x3F3F4839,0x3F3F4848,0x48393F39,
	0x4F4F3C4F,0x3D4F4F3D,0x383D3D38,0x383D3D38,0x4F4F3D4F,0x3C4F3D4F,0x4F3D3D3D,0x4F3D3D3D,

	0x48393F3F,0x4839483F,0x3F3F3F48,0x4839483F,0x3F394848,0x393F393F,0x393F3E3F,0x39483948,
	0x3D4F3C4F,0x3D4F4F3D,0x383D3D38,0x383D3D38,0x3C4F3D4F,0x3D4F384F,0x4F3D383D,0x4F3D383D,
	0x4839483F,0x3F3F484C,0x3E3F4839,0x393F3F39,0x4E483F3F,0x3F3F4839,0x4E4E4848,0x48393F4E,
	0x4E393E4C,0x48393F3F,0x3F394839,0x4C3F3F48,0x484E393F,0x3E3F393F,0x3E3F3F3F,0x39483948,
	0x4E4E4E3F,0x484E483F,0x3F4E3F48,0x4839483F,0x3F5D4848,0x393F393F,0x393F3E3F,0x39483948,
	0x3948394C,0x3F4E3F48,0x3F3F4C4C,0x483F3948,0x3F39484C,0x3F3F483F,0x4E483F3F,0x483F3F48,
	0x384F4F4F,0x3D4F4F4F,0x383D4F3D,0x3D3D4F3D,0x3C4F3D4F,0x4F4F3D4F,0x4F3D3D3D,0x4F3D383D,
	0x384F4F3C,0x384F3C4F,0x383D4F4F,0x383D3D4F,0x48483838,0x393F3F39,0x3F483838,0x3948483F,

	0x384F4F3C,0x3D4F4F4F,0x3D3D4F3D,0x383D4F3D,0x4F4F3D4F,0x4F4F3D4F,0x3C3D383D,0x3D3D383D,
	0x3D4F4F4F,0x384F4F4F,0x383D4F3D,0x384F3D3D,0x48393F3F,0x38383948,0x3E3F3F48,0x3838393F,
	0x4839383D,0x4037403F,0x403F3D38,0x41374337,0x41403D3D,0x41404037,0x3737383D,0x40414140,
	0x4043384F,0x4C4C4E41,0x40413D4F,0x4E4E4E4E,0x37403D38,0x4C4C4E40,0x37413D3D,0x40403740,
	0x48414140,0x3838483F,0x41373743,0x383D4841,0x41404037,0x3D384137,0x40414040,0x3D3D3743,
	0x414E4E4E,0x384F3740,0x4E4C4C4C,0x384F4140,0x404E5D5D,0x3D3D3743,0x41403740,0x3D384137,
	0x4040383D,0x41374340,0x41413838,0x40404043,0x40413838,0x43413740,0x4140384F,0x37414040,
	0x37403D4F,0x41414141,0x4041383D,0x40373741,0x4048393F,0x40403741,0x3F483F48,0x4140403F,

	0x40374343,0x38384041,0x41414140,0x3D384140,0x41403737,0x3D3D4140,0x41404037,0x3D4F4041,
	0x40414140,0x384F4141,0x41373741,0x38384141,0x41404041,0x3F3F3941,0x3E414141,0x483F393F,
	0x4839483F,0x3F3F484C,0x3E3F4839,0x393F3F39,0x48513F3F,0x513F5139,0x3F3F4851,0x51515151,
	0x51393E39,0x55555151,0x51514839,0x5A555555,0x51513951,0x365A5A55,0x5551513F,0x5C36575A,
	0x4E4E4E3F,0x484E483F,0x3F4E3F48,0x4839483F,0x3F395151,0x393F3951,0x51515555,0x51483948,
	0x51555555,0x51485151,0x5155365A,0x48513951,0x555C5C36,0x3F3F5151,0x5C5C5C5C,0x48515151,
	0x3F3F3F3F,0x3F3F3F4C,0x3F3F3F39,0x3F3F3F39,0x483F3F3F,0x483F4839,0x3F3F3F48,0x3F3F3F3F,
	0x3F393F3F,0x3F483F3F,0x48394839,0x39483F3F,0x3F3F3F3F,0x3F3F3E3F,0x3F483F3F,0x3F394848,

	0x4E4E4E3F,0x3F4E3F3F,0x3F4E3F48,0x4839483F,0x3F3F3F3E,0x3F3F3F3F,0x393F3E48,0x39483F3F,
	0x39483E48,0x3F3F3F48,0x3F3E483E,0x3F3F3F3F,0x3F483F3E,0x3F3F483F,0x3F3E393E,0x393F3F3F,
	0x57515148,0x5C5C3656,0x57555151,0x5C5C5C36,0x36515148,0x5C5C5C36,0x36515148,0x5C5C5C36,
	0x51513F51,0x5C5C3636,0x5151393E,0x36363651,0x4851513F,0x36365151,0x3F483F48,0x5151513F,
	0x5C5C5C5C,0x3F485155,0x5C5C5C5C,0x513F515C,0x5E5C5C5C,0x513F5151,0x425C365C,0x48393F51,
	0x515E5C5C,0x3F3F4851,0x5151365C,0x48513F3F,0x48515151,0x3F3F3948,0x3E3F3F51,0x483F3951,
	0x48393F3F,0x4839483F,0x3F3F3F48,0x4839483F,0x3F3E3E48,0x393F393F,0x3E3E4848,0x39483948,
	0x3E3F483F,0x3F483E3E,0x48483F39,0x483F4848,0x3E483F3F,0x3F3E3F3F,0x483E4848,0x483E3939,

	0x4851483F,0x3F515151,0x3E3F4839,0x393F5139,0x48483F3F,0x3F3F4839,0x3F3F4848,0x48393F39,
	0x48393E39,0x48393F3F,0x3F394839,0x483F3F48,0x483F393F,0x3E3F393F,0x3E3F3F3F,0x39483948,
	0x5139513F,0x4839483F,0x3F3F3F51,0x4839483F,0x3F394848,0x393F393F,0x393F3E3F,0x39483948,
	0x3948393F,0x3F483F48,0x3F3F3F3F,0x483F3948,0x3F394839,0x3F3F483F,0x39483F3F,0x483F3F48,
};

const unsigned short sharedPal[96] __attribute__((aligned(4))) __attribute__((visibility("hidden")))=
{
	0x7C00,0x1E45,0x5694,0x4562,0x2F25,0x72AB,0x1CEA,0x1984,
	0x22E7,0x37AA,0x6E45,0x214C,0x2286,0x59E3,0x6BFD,0x276D,
	0x2A45,0x19A5,0x3103,0x7FFF,0x360F,0x2DF2,0x1E06,0x25E5,
	0x1466,0x32D9,0x1E29,0x634C,0x2146,0x2D8C,0x1DA5,0x2226,
	0x2109,0x3F5C,0x19E5,0x3D43,0x2A26,0x3E77,0x2165,0x21E6,
	0x210B,0x19E6,0x1D86,0x2246,0x256F,0x1945,0x224A,0x1DC6,
	0x256D,0x1965,0x278D,0x1E49,0x1985,0x18A5,0x4226,0x3E34,
	0x20AA,0x3B97,0x0D40,0x0DD4,0x4F7D,0x1CF0,0x14E3,0x26AA,

	0x290D,0x1C85,0x3544,0x635B,0x7F4F,0x061A,0x3B2B,0x2297,
	0x21C6,0x0CA9,0x0110,0x233D,0x6628,0x521C,0x3D07,0x19D8,
	0x30B2,0x3E98,0x3B5D,0x7FFF,0x19E0,0x29F4,0x7FF4,0x5708,
	0x535E,0x325B,0x4A67,0x6F3F,0x3DA6,0x7FF7,0x3985,0x0000,
};

//}}BLOCK(shared)
